cluster,gmm_bic_precision,gmm_bic_recall,gmm_bic_f1,gmm_bic_contam,gmm_bic_runtime_s,hdbscan_precision,hdbscan_recall,hdbscan_f1,hdbscan_contam,hdbscan_runtime_s,heuristic_cut_precision,heuristic_cut_recall,heuristic_cut_f1,heuristic_cut_contam,heuristic_cut_runtime_s,mctnc_precision,mctnc_recall,mctnc_f1,mctnc_contam,mctnc_runtime_s,tier
UBC1001,1.0,1.0,1.0,0.0,1.6530636999523267,1.0,1.0,1.0,0.0,0.0452396999971824,1.0,1.0,1.0,0.0,0.0325614999746903,1.0,1.0,1.0,0.0,0.1495934999547898,0
UBC1002,1.0,0.971830985915493,0.9857142857142858,0.0,0.7315559000708163,1.0,0.971830985915493,0.9857142857142858,0.0,0.0387114000041037,1.0,0.971830985915493,0.9857142857142858,0.0,0.0196957999141886,1.0,0.9855072463768116,0.9927007299270074,0.0,0.1411177000263705,1
UBC1003,1.0,1.0,1.0,0.0,1.019552299985662,1.0,1.0,1.0,0.0,0.040725899998506,1.0,1.0,1.0,0.0,0.0165337000507861,1.0,1.0,1.0,0.0,0.1332718000048771,0
UBC1004,1.0,1.0,1.0,0.0,0.4488255999749526,1.0,0.9952153110047848,0.9976019184652278,0.0,0.0569117999984882,1.0,0.971291866028708,0.9854368932038834,0.0,0.025445899926126,1.0,0.8923444976076556,0.943109987357775,0.0,0.2236466000322252,2
UBC1005,1.0,1.0,1.0,0.0,1.0875574999954551,1.0,1.0,1.0,0.0,0.0291825000022072,1.0,1.0,1.0,0.0,0.0207036000210791,1.0,1.0,1.0,0.0,0.130677199922502,0
UBC1006,1.0,1.0,1.0,0.0,1.0027646999806166,1.0,1.0,1.0,0.0,0.0420020999954431,1.0,1.0,1.0,0.0,0.0192594999680295,1.0,1.0,1.0,0.0,0.1524753000121563,0
UBC1007,1.0,1.0,1.0,0.0,0.7373633000534028,1.0,1.0,1.0,0.0,0.0297860000064247,1.0,1.0,1.0,0.0,0.0119210999691858,1.0,1.0,1.0,0.0,0.1320351000176742,0
UBC1008,1.0,1.0,1.0,0.0,0.9179759999969974,1.0,1.0,1.0,0.0,0.0296900999965146,1.0,1.0,1.0,0.0,0.0097644000779837,1.0,0.9655172413793104,0.9824561403508772,0.0,0.1419637999497354,1
UBC1009,1.0,1.0,1.0,0.0,0.7916110999649391,1.0,1.0,1.0,0.0,0.03583929999877,1.0,1.0,1.0,0.0,0.0122786000138148,1.0,1.0,1.0,0.0,0.1359242000617087,0
UBC1010,1.0,1.0,1.0,0.0,0.6621092000277713,1.0,1.0,1.0,0.0,0.0350921999997808,1.0,1.0,1.0,0.0,0.0148221999406814,1.0,0.9782608695652174,0.989010989010989,0.0,0.1336340999696403,1
UBC1011,1.0,1.0,1.0,0.0,0.4998746999772265,1.0,1.0,1.0,0.0,0.0476933999962057,1.0,1.0,1.0,0.0,0.0236641999799758,1.0,0.9361702127659576,0.967032967032967,0.0,0.1358102000085637,2
UBC1012,1.0,0.9772727272727272,0.9885057471264368,0.0,0.8857679000357166,1.0,0.9772727272727272,0.9885057471264368,0.0,0.0339801000009174,1.0,0.9772727272727272,0.9885057471264368,0.0,0.0119529999792575,1.0,0.9767441860465116,0.988235294117647,0.0,0.1272821999154985,1
UBC1013,1.0,0.98,0.98989898989899,0.0,0.6325073000043631,1.0,0.98,0.98989898989899,0.0,0.0356208000011974,1.0,0.98,0.98989898989899,0.0,0.0125968999927863,1.0,1.0,1.0,0.0,0.13561750005465,0
UBC1014,1.0,1.0,1.0,0.0,0.7572909999871626,1.0,1.0,1.0,0.0,0.0311880000008386,1.0,1.0,1.0,0.0,0.0098370999330654,1.0,1.0,1.0,0.0,0.1243243999779224,0
UBC1015,1.0,0.9982300884955752,0.9991142604074402,0.0,0.7258968000533059,1.0,0.4353982300884956,0.6066584463625154,0.0,0.045032900001388,1.0,0.7469026548672566,0.8551165146909827,0.0,0.0225884000537917,1.0,0.6382978723404256,0.7792207792207793,0.0,0.2382948999293148,2
UBC1016,1.0,0.9545454545454546,0.9767441860465116,0.0,0.5042169999796897,1.0,0.9545454545454546,0.9767441860465116,0.0,0.0290454999994835,1.0,0.9545454545454546,0.9767441860465116,0.0,0.0115364000666886,1.0,1.0,1.0,0.0,0.136140999966301,0
UBC1017,0.9629629629629628,1.0,0.981132075471698,0.037037037037037,0.8799198999768123,1.0,1.0,1.0,0.0,0.0521934999997029,1.0,1.0,1.0,0.0,0.0075111999176442,1.0,1.0,1.0,0.0,0.1298176000127568,0
UBC1018,1.0,1.0,1.0,0.0,0.6807498000562191,1.0,1.0,1.0,0.0,0.0495993000004091,1.0,1.0,1.0,0.0,0.0209227000596001,1.0,0.961038961038961,0.9801324503311256,0.0,0.1513668999541551,1
UBC1019,1.0,1.0,1.0,0.0,0.5641790999798104,1.0,1.0,1.0,0.0,0.0419555999978911,1.0,1.0,1.0,0.0,0.0214163999771699,1.0,0.9615384615384616,0.9803921568627452,0.0,0.136317600030452,1
UBC1020,1.0,0.990990990990991,0.995475113122172,0.0,0.5195944000734016,1.0,0.990990990990991,0.995475113122172,0.0,0.0490044999969541,1.0,0.990990990990991,0.995475113122172,0.0,0.0327281999634578,1.0,0.990909090909091,0.995433789954338,0.0,0.1531827000435441,1
UBC1021,1.0,1.0,1.0,0.0,0.8217117000604048,1.0,1.0,1.0,0.0,0.0298421999978018,1.0,1.0,1.0,0.0,0.0100090000778436,1.0,1.0,1.0,0.0,0.1443993001012131,0
UBC1022,1.0,0.9736842105263158,0.9866666666666666,0.0,0.6960725999670103,1.0,0.9736842105263158,0.9866666666666666,0.0,0.0360643999956664,1.0,0.9736842105263158,0.9866666666666666,0.0,0.0130364999640733,1.0,0.6756756756756757,0.8064516129032258,0.0,0.1416118999477476,2
UBC1023,1.0,1.0,1.0,0.0,0.845088200061582,1.0,1.0,1.0,0.0,0.0331383000011555,1.0,1.0,1.0,0.0,0.0134315999457612,1.0,1.0,1.0,0.0,0.1367856999859213,0
UBC1024,1.0,0.9774436090225564,0.988593155893536,0.0,0.7421341999433935,1.0,0.9774436090225564,0.988593155893536,0.0,0.0475230000010924,1.0,0.9774436090225564,0.988593155893536,0.0,0.0224786000326275,1.0,0.9076923076923076,0.9516129032258064,0.0,0.1399194999830797,2
UBC1025,1.0,1.0,1.0,0.0,0.8651054999791086,1.0,1.0,1.0,0.0,0.0280472000013105,1.0,1.0,1.0,0.0,0.0087600999977439,1.0,0.9230769230769232,0.96,0.0,0.129201199975796,2
UBC1026,1.0,1.0,1.0,0.0,0.8876231000758708,1.0,1.0,1.0,0.0,0.0278709000049275,1.0,1.0,1.0,0.0,0.0083653000183403,1.0,1.0,1.0,0.0,0.1303957999916747,0
UBC1027,1.0,1.0,1.0,0.0,0.4937563000712544,1.0,1.0,1.0,0.0,0.0498358000040752,1.0,1.0,1.0,0.0,0.0259170000208541,1.0,0.9126637554585152,0.954337899543379,0.0,0.1565838999813422,2
UBC1028,0.9090909090909092,1.0,0.9523809523809524,0.0909090909090909,1.168730500037782,1.0,1.0,1.0,0.0,0.0284937000033096,1.0,1.0,1.0,0.0,0.0093731000088155,1.0,1.0,1.0,0.0,0.2497906999196857,0
UBC1029,0.0,0.0,0.0,1.0,0.6854277000529692,1.0,0.9361702127659576,0.967032967032967,0.0,0.0360041000021738,1.0,0.9361702127659576,0.967032967032967,0.0,0.0130418000044301,1.0,0.9772727272727272,0.9885057471264368,0.0,0.1611514000687748,1
UBC1030,0.9583333333333334,1.0,0.9787234042553192,0.0416666666666666,0.9475932999048382,1.0,1.0,1.0,0.0,0.0269744999968679,1.0,1.0,1.0,0.0,0.0077697000233456,1.0,1.0,1.0,0.0,0.1404585998971015,0
UBC1031,1.0,1.0,1.0,0.0,0.8969104000134394,1.0,1.0,1.0,0.0,0.0343427999978303,1.0,1.0,1.0,0.0,0.0128254999872297,1.0,0.9333333333333332,0.9655172413793104,0.0,0.1529481000034138,2
UBC1032,1.0,1.0,1.0,0.0,0.763236099970527,1.0,1.0,1.0,0.0,0.0270626000055926,1.0,1.0,1.0,0.0,0.0074382000602781,1.0,1.0,1.0,0.0,0.1209722999483347,0
UBC1033,1.0,0.9705882352941176,0.9850746268656716,0.0,1.2029251999920234,1.0,0.9705882352941176,0.9850746268656716,0.0,0.0316482999987783,1.0,0.9705882352941176,0.9850746268656716,0.0,0.0143114998936653,1.0,0.9696969696969696,0.9846153846153848,0.0,0.1274125999771058,1
UBC1034,1.0,1.0,1.0,0.0,1.1841645000968128,1.0,1.0,1.0,0.0,0.0367981999952462,1.0,1.0,1.0,0.0,0.0143788000568747,1.0,1.0,1.0,0.0,0.1554392999969422,0
UBC1035,1.0,1.0,1.0,0.0,0.8179199999431148,1.0,1.0,1.0,0.0,0.0459506000042893,1.0,1.0,1.0,0.0,0.0208053999813273,1.0,0.8839285714285714,0.9383886255924172,0.0,0.1587121000047773,2
UBC1036,1.0,1.0,1.0,0.0,0.6638105999445543,1.0,1.0,1.0,0.0,0.0463214000046718,1.0,1.0,1.0,0.0,0.0205183000070974,1.0,0.9553571428571428,0.9771689497716896,0.0,0.1451771000865847,1
UBC1037,1.0,0.9882352941176472,0.9940828402366864,0.0,0.9791378999361768,1.0,0.9882352941176472,0.9940828402366864,0.0,0.0564278999954694,1.0,0.9882352941176472,0.9940828402366864,0.0,0.0262869999278336,1.0,0.988095238095238,0.9940119760479044,0.0,0.1453657000092789,1
UBC1038,1.0,1.0,1.0,0.0,1.1261589999776334,1.0,1.0,1.0,0.0,0.0438152999995509,1.0,1.0,1.0,0.0,0.0113465000176802,1.0,0.9607843137254902,0.98,0.0,0.1522301000077277,1
UBC1039,1.0,0.9655172413793104,0.9824561403508772,0.0,1.2403695000102744,1.0,0.9655172413793104,0.9824561403508772,0.0,0.0373142000025836,1.0,0.9655172413793104,0.9824561403508772,0.0,0.016248199972324,1.0,1.0,1.0,0.0,0.1338324000826105,0
UBC1040,1.0,1.0,1.0,0.0,1.0378538999939335,1.0,1.0,1.0,0.0,0.0336305999953765,1.0,1.0,1.0,0.0,0.0106268000090494,1.0,1.0,1.0,0.0,0.1301237000152468,0
UBC1041,1.0,1.0,1.0,0.0,1.2182961999205872,1.0,1.0,1.0,0.0,0.0328515000001061,1.0,1.0,1.0,0.0,0.0085899999830871,1.0,0.8571428571428571,0.923076923076923,0.0,0.1412434999365359,2
UBC1042,1.0,0.9894736842105264,0.9947089947089948,0.0,1.015385300037451,1.0,0.9894736842105264,0.9947089947089948,0.0,0.053136299997277,1.0,0.9894736842105264,0.9947089947089948,0.0,0.0216715999413281,1.0,0.9042553191489362,0.9497206703910616,0.0,0.1462215000065043,2
UBC1043,1.0,1.0,1.0,0.0,1.3405340999597684,1.0,1.0,1.0,0.0,0.0309291000012308,1.0,1.0,1.0,0.0,0.0116438999539241,1.0,0.9032258064516128,0.9491525423728812,0.0,0.1282690999796614,2
UBC1044,1.0,1.0,1.0,0.0,1.0076269999844951,1.0,1.0,1.0,0.0,0.0295791000025928,1.0,1.0,1.0,0.0,0.0162149000680074,1.0,1.0,1.0,0.0,0.1264234000118449,0
UBC1045,1.0,0.9814814814814816,0.9906542056074767,0.0,0.9195978998905048,1.0,0.9814814814814816,0.9906542056074767,0.0,0.0350255000012111,1.0,0.9814814814814816,0.9906542056074767,0.0,0.013131899992004,1.0,0.981132075471698,0.9904761904761904,0.0,0.1377630000934004,1
UBC1046,1.0,1.0,1.0,0.0,1.0919034000253305,1.0,1.0,1.0,0.0,0.028258199999982,1.0,1.0,1.0,0.0,0.0116369000170379,1.0,1.0,1.0,0.0,0.1309669000329449,0
UBC1047,1.0,0.9705882352941176,0.9850746268656716,0.0,0.8791360000614077,1.0,0.9705882352941176,0.9850746268656716,0.0,0.0272764000037568,1.0,0.9705882352941176,0.9850746268656716,0.0,0.0096614999929443,1.0,1.0,1.0,0.0,0.1309544999385252,0
UBC1048,1.0,1.0,1.0,0.0,0.7984322999836877,1.0,1.0,1.0,0.0,0.0363245000044116,1.0,1.0,1.0,0.0,0.0173717000288888,1.0,0.9655172413793104,0.9824561403508772,0.0,0.1545391000108793,1
UBC1049,1.0,0.987012987012987,0.9934640522875816,0.0,0.4466267999960109,1.0,0.987012987012987,0.9934640522875816,0.0,0.0477901999984169,1.0,0.987012987012987,0.9934640522875816,0.0,0.029644800000824,1.0,0.087719298245614,0.1612903225806451,0.0,0.1426503000548109,2
UBC1050,1.0,1.0,1.0,0.0,0.9398389999987558,0.0,0.0,0.0,1.0,0.0289703000016743,1.0,1.0,1.0,0.0,0.0095192000735551,1.0,1.0,1.0,0.0,0.1313466998981312,0
UBC1051,1.0,0.975,0.9873417721518988,0.0,1.1189814999233931,1.0,0.975,0.9873417721518988,0.0,0.0504268000004231,1.0,0.975,0.9873417721518988,0.0,0.0211967999348416,1.0,1.0,1.0,0.0,0.1607244999613613,0
UBC1052,1.0,0.967741935483871,0.9836065573770492,0.0,1.0514109999639911,1.0,0.967741935483871,0.9836065573770492,0.0,0.0316795000035199,1.0,0.967741935483871,0.9836065573770492,0.0,0.009112500003539,1.0,1.0,1.0,0.0,0.1386600999394431,0
UBC1053,1.0,0.967741935483871,0.9836065573770492,0.0,0.707068599993363,1.0,0.967741935483871,0.9836065573770492,0.0,0.0385996999975759,1.0,0.967741935483871,0.9836065573770492,0.0,0.0141464000334963,1.0,0.9666666666666668,0.983050847457627,0.0,0.1256988999666646,1
UBC1054,1.0,1.0,1.0,0.0,1.089326300076209,1.0,1.0,1.0,0.0,0.0317742999977781,1.0,1.0,1.0,0.0,0.008766199927777,1.0,0.925925925925926,0.9615384615384616,0.0,0.1856397000374272,2
UBC1055,1.0,1.0,1.0,0.0,1.097021900000982,1.0,1.0,1.0,0.0,0.0338308999998844,1.0,1.0,1.0,0.0,0.0146867000730708,1.0,0.979591836734694,0.9896907216494846,0.0,0.1360052999807521,1
UBC1056,1.0,1.0,1.0,0.0,0.7691123000113294,1.0,1.0,1.0,0.0,0.0298833999986527,1.0,1.0,1.0,0.0,0.007809100090526,1.0,0.9545454545454546,0.9767441860465116,0.0,0.1355481999926269,1
UBC1057,1.0,0.988826815642458,0.9943820224719102,0.0,0.7575859000207856,1.0,0.988826815642458,0.9943820224719102,0.0,0.0468930999995791,1.0,0.988826815642458,0.9943820224719102,0.0,0.0239155000308528,1.0,0.9548022598870056,0.976878612716763,0.0,0.1480468999361619,1
UBC1058,1.0,1.0,1.0,0.0,0.8951945999870077,1.0,1.0,1.0,0.0,0.0331108000027597,1.0,1.0,1.0,0.0,0.0120480000041425,1.0,1.0,1.0,0.0,0.1369934000540524,0
UBC1059,1.0,1.0,1.0,0.0,0.8913157000206411,1.0,1.0,1.0,0.0,0.0294168999971589,1.0,1.0,1.0,0.0,0.0133377000456675,1.0,1.0,1.0,0.0,0.122688699979335,0
UBC1060,1.0,0.9574468085106383,0.9782608695652174,0.0,1.1087172999978063,1.0,0.9574468085106383,0.9782608695652174,0.0,0.0333258999962708,1.0,0.9574468085106383,0.9782608695652174,0.0,0.0129092000424861,1.0,0.9777777777777776,0.9887640449438202,0.0,0.1333239000523463,1
UBC1061,1.0,1.0,1.0,0.0,1.042667799978517,1.0,1.0,1.0,0.0,0.0398732000030577,1.0,1.0,1.0,0.0,0.0181911999825388,1.0,1.0,1.0,0.0,0.1557714999653399,0
UBC1062,1.0,1.0,1.0,0.0,0.8341711000539362,1.0,1.0,1.0,0.0,0.0304073999941465,1.0,1.0,1.0,0.0,0.0099264000309631,1.0,1.0,1.0,0.0,0.1373036000877618,0
UBC1063,1.0,1.0,1.0,0.0,1.385417699930258,1.0,1.0,1.0,0.0,0.0402337000050465,1.0,1.0,1.0,0.0,0.0161787000251933,1.0,0.943661971830986,0.9710144927536232,0.0,0.1409879999700933,2
UBC1064,0.0,0.0,0.0,1.0,0.4220732999965548,0.9,1.0,0.9473684210526316,0.0999999999999999,0.0473447999975178,1.0,1.0,1.0,0.0,0.0194177000084891,1.0,0.9797979797979798,0.989795918367347,0.0,0.1305325999855995,1
UBC1065,0.8571428571428571,1.0,0.923076923076923,0.1428571428571429,1.1871783999959007,1.0,1.0,1.0,0.0,0.02635129999544,0.0,0.0,0.0,1.0,0.0105717000551521,1.0,1.0,1.0,0.0,0.1262625999515876,0
UBC1066,1.0,1.0,1.0,0.0,0.8439850000431761,1.0,1.0,1.0,0.0,0.0308060000024852,1.0,1.0,1.0,0.0,0.0109962999122217,1.0,1.0,1.0,0.0,0.1301974999951198,0
UBC1067,1.0,1.0,1.0,0.0,0.589535600040108,1.0,1.0,1.0,0.0,0.0355214000010164,1.0,1.0,1.0,0.0,0.0149589999346062,1.0,0.925925925925926,0.9615384615384616,0.0,0.1271493999520316,2
UBC1068,0.0,0.0,0.0,1.0,1.046570900012739,0.0996677740863787,1.0,0.1812688821752265,0.9003322259136213,0.0299568000045837,0.1421800947867298,1.0,0.2489626556016597,0.8578199052132701,0.012029500096105,0.9032258064516128,0.9333333333333332,0.918032786885246,0.0967741935483871,0.1435782000189647,4
UBC1069,1.0,1.0,1.0,0.0,0.9160601999610662,1.0,1.0,1.0,0.0,0.0286092999958782,1.0,1.0,1.0,0.0,0.0104017000412568,1.0,1.0,1.0,0.0,0.1360595000442117,0
UBC1070,1.0,1.0,1.0,0.0,0.9258926999755204,1.0,1.0,1.0,0.0,0.0249957999985781,1.0,1.0,1.0,0.0,0.0087562999688088,1.0,1.0,1.0,0.0,0.1471537000034004,0
UBC1071,1.0,0.9444444444444444,0.9714285714285714,0.0,1.808028700063005,1.0,0.9444444444444444,0.9714285714285714,0.0,0.0279159000056097,1.0,0.9444444444444444,0.9714285714285714,0.0,0.0068618999794125,1.0,1.0,1.0,0.0,0.127800100017339,0
UBC1072,1.0,1.0,1.0,0.0,0.7299717999994755,1.0,1.0,1.0,0.0,0.040058599995973,1.0,1.0,1.0,0.0,0.0166335999965667,1.0,0.9743589743589745,0.9870129870129868,0.0,0.1314849999034777,1
UBC1073,1.0,0.98989898989899,0.9949238578680204,0.0,0.8879726000595838,1.0,0.98989898989899,0.9949238578680204,0.0,0.0457005999996908,1.0,0.98989898989899,0.9949238578680204,0.0,0.0276904000202193,1.0,0.9693877551020408,0.9844559585492229,0.0,0.1353923000860959,1
UBC1074,1.0,1.0,1.0,0.0,0.7127687999745831,0.0,0.0,0.0,1.0,0.0315252999935182,1.0,1.0,1.0,0.0,0.0109398999484255,1.0,1.0,1.0,0.0,0.1237685999367386,0
UBC1075,1.0,0.9743589743589745,0.9870129870129868,0.0,0.8772531000431627,0.0,0.0,0.0,1.0,0.038127900006657,1.0,0.9743589743589745,0.9870129870129868,0.0,0.0135121999774128,1.0,1.0,1.0,0.0,0.1394609999842941,0
UBC1076,1.0,1.0,1.0,0.0,0.9696314999600872,1.0,1.0,1.0,0.0,0.0316012999974191,1.0,1.0,1.0,0.0,0.0107101999456062,1.0,1.0,1.0,0.0,0.1386593000497669,0
UBC1077,1.0,1.0,1.0,0.0,0.850677500013262,1.0,1.0,1.0,0.0,0.040790899998683,1.0,1.0,1.0,0.0,0.0163033999269828,1.0,0.8852459016393442,0.9391304347826086,0.0,0.1375933999661356,2
UBC1078,1.0,0.9791666666666666,0.9894736842105264,0.0,0.8539694999344647,1.0,0.9791666666666666,0.9894736842105264,0.0,0.0338821000041207,1.0,0.9791666666666666,0.9894736842105264,0.0,0.012875200016424,1.0,1.0,1.0,0.0,0.1354416999965906,0
UBC1079,1.0,1.0,1.0,0.0,0.8443394999485463,1.0,1.0,1.0,0.0,0.0277797999951872,1.0,1.0,1.0,0.0,0.0136659999843686,1.0,1.0,1.0,0.0,0.1279815000016242,0
UBC1080,1.0,0.9866666666666668,0.9932885906040269,0.0,0.7444012999767438,1.0,0.9866666666666668,0.9932885906040269,0.0,0.0411362999948323,1.0,0.9866666666666668,0.9932885906040269,0.0,0.0166652000043541,1.0,1.0,1.0,0.0,0.1327488000970333,0
UBC1081,1.0,1.0,1.0,0.0,1.0351620999863371,1.0,1.0,1.0,0.0,0.0353695000012521,1.0,1.0,1.0,0.0,0.0141078000888228,1.0,0.9423076923076924,0.9702970297029704,0.0,0.1750680999830365,2
UBC1082,1.0,1.0,1.0,0.0,0.93121280008927,1.0,1.0,1.0,0.0,0.0308427999989362,1.0,1.0,1.0,0.0,0.0104650999419391,1.0,1.0,1.0,0.0,0.2341220999369397,0
UBC1083,1.0,1.0,1.0,0.0,0.6658331999788061,1.0,1.0,1.0,0.0,0.0259139999980106,1.0,1.0,1.0,0.0,0.0076860999688506,1.0,1.0,1.0,0.0,0.1409229999408126,0
UBC1084,1.0,1.0,1.0,0.0,0.885034800041467,1.0,1.0,1.0,0.0,0.0330014999999548,1.0,1.0,1.0,0.0,0.0098509000381454,1.0,0.9375,0.967741935483871,0.0,0.1485176999121904,2
UBC1085,1.0,0.9838709677419356,0.991869918699187,0.0,1.2936953000025824,1.0,0.9838709677419356,0.991869918699187,0.0,0.0359358999994583,1.0,0.9838709677419356,0.991869918699187,0.0,0.0162202999927103,1.0,0.9344262295081968,0.9661016949152544,0.0,0.1382658000802621,2
UBC1086,1.0,1.0,1.0,0.0,1.058262100093998,1.0,1.0,1.0,0.0,0.0367146000062348,1.0,1.0,1.0,0.0,0.0131577999563887,1.0,1.0,1.0,0.0,0.1240206999937072,0
UBC1087,1.0,1.0,1.0,0.0,1.0685526001034304,1.0,1.0,1.0,0.0,0.0271968000015476,1.0,1.0,1.0,0.0,0.0086768999462947,1.0,0.9473684210526316,0.972972972972973,0.0,0.1425171999726444,2
UBC1088,1.0,0.9696969696969696,0.9846153846153848,0.0,1.4191029000794515,1.0,0.9696969696969696,0.9846153846153848,0.0,0.0321989000003668,1.0,0.9696969696969696,0.9846153846153848,0.0,0.0104290000163018,1.0,1.0,1.0,0.0,0.1253817999968305,0
UBC1089,1.0,1.0,1.0,0.0,0.9370891000144184,1.0,1.0,1.0,0.0,0.0309024000016506,1.0,1.0,1.0,0.0,0.0096502000233158,1.0,0.9142857142857144,0.955223880597015,0.0,0.1359402000671252,2
UBC1090,0.8260869565217391,0.95,0.8837209302325583,0.1739130434782608,0.8292215000838041,1.0,0.95,0.9743589743589745,0.0,0.0304069999983767,1.0,0.95,0.9743589743589745,0.0,0.0067280000075697,1.0,1.0,1.0,0.0,0.1294488999992609,0
UBC1091,1.0,0.9836065573770492,0.9917355371900828,0.0,0.7183244000189006,1.0,0.9836065573770492,0.9917355371900828,0.0,0.0366066999995382,1.0,0.9836065573770492,0.9917355371900828,0.0,0.0135213000467047,1.0,0.9,0.9473684210526316,0.0,0.1588604999706149,2
UBC1092,1.0,1.0,1.0,0.0,0.8766327999765053,1.0,1.0,1.0,0.0,0.0283616000015172,1.0,1.0,1.0,0.0,0.0086733000352978,1.0,0.9642857142857144,0.9818181818181818,0.0,0.1294425999512896,1
UBC1093,1.0,0.9896907216494846,0.9948186528497408,0.0,0.7228621999965981,1.0,0.9896907216494846,0.9948186528497408,0.0,0.0458999000038602,1.0,0.9896907216494846,0.9948186528497408,0.0,0.0260830000042915,1.0,1.0,1.0,0.0,0.166381400078535,0
UBC1094,1.0,1.0,1.0,0.0,0.9093507999787108,1.0,1.0,1.0,0.0,0.0480779999998048,1.0,1.0,1.0,0.0,0.0194587999721989,1.0,0.9873417721518988,0.9936305732484078,0.0,0.1548144998960197,1
UBC1095,0.6935483870967742,1.0,0.8190476190476191,0.3064516129032257,1.063367700087838,1.0,1.0,1.0,0.0,0.0317385000016656,1.0,1.0,1.0,0.0,0.0118492000037804,1.0,1.0,1.0,0.0,0.1488174999831244,0
UBC1096,1.0,1.0,1.0,0.0,1.2835307999048382,1.0,1.0,1.0,0.0,0.0265911000024061,1.0,1.0,1.0,0.0,0.0073320000665262,1.0,1.0,1.0,0.0,0.1470512000378221,0
UBC1097,1.0,1.0,1.0,0.0,0.6497071000048891,1.0,1.0,1.0,0.0,0.0283673999947495,1.0,1.0,1.0,0.0,0.0079829000169411,1.0,1.0,1.0,0.0,0.1303533000173047,0
UBC1098,0.9047619047619048,1.0,0.95,0.0952380952380952,1.223416900029406,1.0,1.0,1.0,0.0,0.0248556000005919,1.0,1.0,1.0,0.0,0.0063287999946624,1.0,1.0,1.0,0.0,0.1352911000140011,0
UBC1099,1.0,1.0,1.0,0.0,0.9388841999461874,1.0,1.0,1.0,0.0,0.0315692000003764,1.0,1.0,1.0,0.0,0.0108142000390216,1.0,1.0,1.0,0.0,0.132154899998568,0
UBC1100,1.0,1.0,1.0,0.0,0.948052000021562,1.0,1.0,1.0,0.0,0.0329343999983393,1.0,1.0,1.0,0.0,0.0129165999824181,1.0,1.0,1.0,0.0,0.1238878000294789,0
UBC1101,1.0,1.0,1.0,0.0,1.4912277999101209,1.0,1.0,1.0,0.0,0.0360434000031091,1.0,1.0,1.0,0.0,0.0143237001029774,1.0,1.0,1.0,0.0,0.1377847000258043,0
UBC1102,0.0,0.0,0.0,1.0,1.4182792999781668,1.0,1.0,1.0,0.0,0.0328704000057769,1.0,1.0,1.0,0.0,0.0123013999545946,1.0,0.8444444444444444,0.9156626506024096,0.0,0.1439631000394001,2
UBC1103,0.0,0.0,0.0,1.0,0.9740811000810936,0.4672897196261682,1.0,0.6369426751592356,0.5327102803738317,0.0351576000030036,0.2242990654205607,0.96,0.3636363636363636,0.7757009345794392,0.0169233999913558,0.1742160278745644,1.0,0.2967359050445104,0.8257839721254355,0.238705400028266,3
UBC1104,0.0,0.0,0.0,1.0,0.8735892999684438,0.9375,0.9574468085106383,0.9473684210526316,0.0625,0.0329027000043424,0.5294117647058824,0.9574468085106383,0.6818181818181819,0.4705882352941176,0.0150479000294581,1.0,0.6,0.7499999999999999,0.0,0.1343099999940022,2
UBC1105,0.0,0.0,0.0,1.0,0.4908623000374064,1.0,0.981132075471698,0.9904761904761904,0.0,0.0355705999972997,1.0,0.981132075471698,0.9904761904761904,0.0,0.0131608000956475,1.0,0.9807692307692308,0.9902912621359222,0.0,0.131805699900724,1
UBC1106,0.0,0.0,0.0,1.0,1.0989076000405475,1.0,0.9714285714285714,0.9855072463768116,0.0,0.0306900999930803,0.918918918918919,0.9714285714285714,0.9444444444444444,0.081081081081081,0.0144315999932587,1.0,1.0,1.0,0.0,0.1304780000355094,0
UBC1107,0.4769230769230769,1.0,0.6458333333333334,0.523076923076923,0.9847293000202626,0.0,0.0,0.0,1.0,0.0312798000013572,0.7380952380952381,1.0,0.8493150684931507,0.2619047619047618,0.0115878999931737,1.0,0.967741935483871,0.9836065573770492,0.0,0.1240559999132528,1
UBC1108,0.0,0.0,0.0,1.0,1.0813825000077486,1.0,1.0,1.0,0.0,0.0385581000009551,1.0,1.0,1.0,0.0,0.0151913999579846,1.0,0.9464285714285714,0.9724770642201834,0.0,0.1325790000846609,2
UBC1109,1.0,1.0,1.0,0.0,1.0742772999219596,1.0,1.0,1.0,0.0,0.0349523999975645,1.0,1.0,1.0,0.0,0.0105978000210598,1.0,0.90625,0.9508196721311476,0.0,0.1565341999521479,2
UBC1110,1.0,1.0,1.0,0.0,1.160955199971795,1.0,1.0,1.0,0.0,0.049169099998835,0.9047619047619048,1.0,0.95,0.0952380952380952,0.010783200035803,1.0,1.0,1.0,0.0,0.1494227000512182,0
UBC1111,0.0,0.0,0.0,1.0,0.8338602000148967,0.9655172413793104,1.0,0.9824561403508772,0.0344827586206896,0.0327591999957803,0.0759878419452887,0.8928571428571429,0.1400560224089636,0.9240121580547112,0.0128519999561831,0.9032258064516128,1.0,0.9491525423728812,0.0967741935483871,0.1460166999604553,4
UBC1112,1.0,0.9777777777777776,0.9887640449438202,0.0,0.5666354999411851,1.0,0.9777777777777776,0.9887640449438202,0.0,0.0342046000005211,1.0,0.9777777777777776,0.9887640449438202,0.0,0.011108599952422,1.0,0.9318181818181818,0.9647058823529412,0.0,0.1946573000168427,2
UBC1113,1.0,0.9696969696969696,0.9846153846153848,0.0,0.9612756000133232,1.0,0.9696969696969696,0.9846153846153848,0.0,0.0321059999987483,1.0,0.9696969696969696,0.9846153846153848,0.0,0.0138754999497905,1.0,0.875,0.9333333333333332,0.0,0.1519726000260561,2
UBC1114,1.0,1.0,1.0,0.0,1.0675377000588924,0.0,0.0,0.0,1.0,0.0301308999987668,1.0,1.0,1.0,0.0,0.0116273000603541,1.0,1.0,1.0,0.0,0.1188484000740572,0
UBC1115,1.0,1.0,1.0,0.0,1.1026024000020698,1.0,1.0,1.0,0.0,0.0307054999939282,1.0,1.0,1.0,0.0,0.0123562000226229,1.0,0.972972972972973,0.9863013698630138,0.0,0.1135243000462651,1
UBC1116,1.0,1.0,1.0,0.0,0.964045700035058,1.0,1.0,1.0,0.0,0.0334864000033121,1.0,1.0,1.0,0.0,0.0085384000558406,1.0,0.9565217391304348,0.9777777777777776,0.0,0.1267478000372648,1
UBC1117,1.0,1.0,1.0,0.0,0.7807067999383435,0.0,0.0,0.0,1.0,0.0346377999958349,1.0,1.0,1.0,0.0,0.0153405000455677,1.0,0.9411764705882352,0.9696969696969696,0.0,0.125689800013788,2
UBC1118,1.0,0.9895287958115184,0.9947368421052633,0.0,0.7601856000255793,1.0,0.9895287958115184,0.9947368421052633,0.0,0.0459686000031069,1.0,0.9895287958115184,0.9947368421052633,0.0,0.0252681999700143,1.0,0.8359788359788359,0.9106628242074928,0.0,0.1388887000503018,2
UBC1119,1.0,1.0,1.0,0.0,0.9741562000708656,1.0,1.0,1.0,0.0,0.0315618999957223,1.0,1.0,1.0,0.0,0.0207446001004427,1.0,0.9615384615384616,0.9803921568627452,0.0,0.1185689999256283,1
UBC1120,1.0,1.0,1.0,0.0,0.918829300091602,1.0,1.0,1.0,0.0,0.030484000002616,1.0,1.0,1.0,0.0,0.0091351999435573,1.0,1.0,1.0,0.0,0.1145679000765085,0
UBC1121,0.9591836734693876,1.0,0.9791666666666666,0.0408163265306122,0.9946635999949648,1.0,1.0,1.0,0.0,0.0335077999989152,1.0,1.0,1.0,0.0,0.0125444000586867,1.0,0.9361702127659576,0.967032967032967,0.0,0.1189229999436065,2
UBC1122,0.0,0.0,0.0,1.0,0.8070211999583989,1.0,0.96,0.979591836734694,0.0,0.04030629999761,1.0,0.96,0.979591836734694,0.0,0.0129484999924898,1.0,1.0,1.0,0.0,0.1233113000635057,0
UBC1123,0.0,0.0,0.0,1.0,0.7579463999718428,1.0,1.0,1.0,0.0,0.0288998000032734,0.0,0.0,0.0,1.0,0.0094545000465586,1.0,1.0,1.0,0.0,0.1255568999331444,0
UBC1124,0.9,1.0,0.9473684210526316,0.0999999999999999,1.0763410999206826,1.0,1.0,1.0,0.0,0.0260532999964198,1.0,1.0,1.0,0.0,0.0082532999804243,1.0,1.0,1.0,0.0,0.1336081000044942,0
UBC1125,1.0,0.9818181818181818,0.9908256880733944,0.0,0.7670751000987366,1.0,0.9818181818181818,0.9908256880733944,0.0,0.0380548000030103,1.0,0.9818181818181818,0.9908256880733944,0.0,0.0147253000177443,1.0,0.925925925925926,0.9615384615384616,0.0,0.1193573001073673,2
UBC1126,1.0,1.0,1.0,0.0,0.97349560004659,1.0,1.0,1.0,0.0,0.0317312000042875,1.0,1.0,1.0,0.0,0.0224102000938728,1.0,1.0,1.0,0.0,0.1182876999955624,0
UBC1127,0.0,0.0,0.0,1.0,0.9028581000166014,1.0,1.0,1.0,0.0,0.0297899000070174,1.0,1.0,1.0,0.0,0.0096797000151127,1.0,0.8928571428571429,0.9433962264150944,0.0,0.1319242001045495,2
UBC1128,0.875,0.9545454545454546,0.9130434782608696,0.125,0.8953714000526816,1.0,0.9545454545454546,0.9767441860465116,0.0,0.0286047000045073,1.0,0.9545454545454546,0.9767441860465116,0.0,0.0077519000042229,1.0,1.0,1.0,0.0,0.1166696000145748,0
UBC1129,0.8888888888888888,1.0,0.9411764705882352,0.1111111111111111,1.0278299999190494,1.0,1.0,1.0,0.0,0.030942600002163,1.0,1.0,1.0,0.0,0.0075057999929413,1.0,1.0,1.0,0.0,0.1195924000348895,0
UBC1130,1.0,0.9846153846153848,0.992248062015504,0.0,0.4160738000646233,1.0,0.9846153846153848,0.992248062015504,0.0,0.0388856999998097,1.0,0.9846153846153848,0.992248062015504,0.0,0.0139244999736547,1.0,0.953125,0.976,0.0,0.1193633000366389,1
UBC1131,1.0,1.0,1.0,0.0,1.0898028999799865,1.0,1.0,1.0,0.0,0.0408910999976797,1.0,1.0,1.0,0.0,0.0141217999625951,1.0,0.6716417910447762,0.8035714285714287,0.0,0.1228914000093936,2
UBC1132,1.0,0.95,0.9743589743589745,0.0,1.1471137999324128,1.0,0.95,0.9743589743589745,0.0,0.0279005999982473,1.0,0.95,0.9743589743589745,0.0,0.0085095999529585,1.0,1.0,1.0,0.0,0.1298277999740094,0
UBC1133,1.0,1.0,1.0,0.0,1.2130958999041468,1.0,1.0,1.0,0.0,0.0370545999976457,1.0,1.0,1.0,0.0,0.0106358000775799,1.0,0.9714285714285714,0.9855072463768116,0.0,0.1229628999717533,1
UBC1134,1.0,1.0,1.0,0.0,1.034454800072126,0.0,0.0,0.0,1.0,0.0341455000016139,1.0,1.0,1.0,0.0,0.0140166999772191,1.0,1.0,1.0,0.0,0.1228929999051615,0
UBC1135,1.0,1.0,1.0,0.0,0.9901708000106736,1.0,1.0,1.0,0.0,0.0340111000041361,1.0,1.0,1.0,0.0,0.012979399994947,1.0,1.0,1.0,0.0,0.1180740999989211,0
UBC1136,0.8666666666666667,1.0,0.9285714285714286,0.1333333333333333,0.8777816999936476,1.0,1.0,1.0,0.0,0.0266400999971665,0.0,0.0,0.0,1.0,0.0096683000447228,1.0,1.0,1.0,0.0,0.1117987000616267,0
UBC1137,0.0,0.0,0.0,1.0,0.7674210999393836,0.0,0.0,0.0,1.0,0.0293048000021372,1.0,0.9583333333333334,0.9787234042553192,0.0,0.0105828000232577,1.0,1.0,1.0,0.0,0.1179682000074535,0
UBC1138,1.0,0.95,0.9743589743589745,0.0,1.1700689001008868,1.0,0.95,0.9743589743589745,0.0,0.028156400003354,1.0,0.95,0.9743589743589745,0.0,0.0095702999969944,1.0,1.0,1.0,0.0,0.116420799982734,0
UBC1139,1.0,1.0,1.0,0.0,1.1677944000111893,1.0,1.0,1.0,0.0,0.0275350999945658,1.0,1.0,1.0,0.0,0.009839899954386,1.0,1.0,1.0,0.0,0.1157828000141307,0
UBC1140,1.0,0.9672131147540984,0.9833333333333332,0.0,1.101347699994221,1.0,0.9672131147540984,0.9833333333333332,0.0,0.0386900000012246,1.0,0.9672131147540984,0.9833333333333332,0.0,0.01842310000211,1.0,0.9661016949152542,0.9827586206896552,0.0,0.1302536999573931,1
UBC1141,1.0,0.9761904761904762,0.9879518072289156,0.0,0.7924787000520155,1.0,0.9761904761904762,0.9879518072289156,0.0,0.0353899999972782,1.0,0.9761904761904762,0.9879518072289156,0.0,0.0229272000724449,1.0,1.0,1.0,0.0,0.1312936999602243,0
UBC1142,0.119106699751861,1.0,0.212860310421286,0.8808933002481389,0.7712872000411153,0.8421052631578947,1.0,0.9142857142857144,0.1578947368421053,0.0340619999988121,0.113564668769716,0.75,0.1972602739726027,0.886435331230284,0.0180444000288844,0.9767441860465116,0.875,0.923076923076923,0.0232558139534884,0.2161403000354766,2
UBC1143,1.0,1.0,1.0,0.0,0.4839964000275358,1.0,1.0,1.0,0.0,0.0462640000041574,1.0,1.0,1.0,0.0,0.021743300021626,1.0,0.9649122807017544,0.9821428571428572,0.0,0.1248089000582695,1
UBC1144,0.8412698412698413,1.0,0.9137931034482758,0.1587301587301587,0.7166806999593973,0.9636363636363636,1.0,0.9814814814814816,0.0363636363636363,0.034078299999237,0.9814814814814816,1.0,0.9906542056074767,0.0185185185185184,0.0131322999950498,1.0,1.0,1.0,0.0,0.1197586000198498,0
UBC1145,1.0,0.9565217391304348,0.9777777777777776,0.0,1.0499520000303164,1.0,0.9565217391304348,0.9777777777777776,0.0,0.0252261999994516,1.0,0.9565217391304348,0.9777777777777776,0.0,0.010260000010021,1.0,1.0,1.0,0.0,0.1163090000627562,0
UBC1146,1.0,1.0,1.0,0.0,1.079762200010009,1.0,1.0,1.0,0.0,0.0359897000016644,1.0,1.0,1.0,0.0,0.0112942999694496,1.0,0.9090909090909092,0.9523809523809524,0.0,0.1260775999398902,2
UBC1147,1.0,0.984126984126984,0.992,0.0,1.09090319997631,0.984126984126984,0.984126984126984,0.984126984126984,0.0158730158730159,0.0388784000024315,0.96875,0.984126984126984,0.9763779527559054,0.03125,0.0164492999901995,1.0,1.0,1.0,0.0,0.1473954999819398,0
UBC1148,1.0,1.0,1.0,0.0,1.0075273999245835,1.0,1.0,1.0,0.0,0.0298280000060913,1.0,1.0,1.0,0.0,0.0109062000410631,1.0,1.0,1.0,0.0,0.127924200030975,0
UBC1149,1.0,1.0,1.0,0.0,0.9619670000392944,1.0,1.0,1.0,0.0,0.030663799996546,1.0,1.0,1.0,0.0,0.0132738000247627,1.0,1.0,1.0,0.0,0.136785100097768,0
UBC1150,0.0842911877394636,0.8461538461538461,0.1533101045296167,0.9157088122605364,0.773327499977313,0.96,0.9230769230769232,0.9411764705882352,0.04,0.0294320000029983,0.8275862068965517,0.9230769230769232,0.8727272727272727,0.1724137931034483,0.0100121999857947,1.0,1.0,1.0,0.0,0.1219475000398233,0
UBC1151,0.0,0.0,0.0,1.0,0.8515356000280008,1.0,1.0,1.0,0.0,0.0297429000056581,1.0,1.0,1.0,0.0,0.0131663000211119,1.0,1.0,1.0,0.0,0.1495147000532597,0
UBC1152,1.0,1.0,1.0,0.0,1.4168193000368774,1.0,1.0,1.0,0.0,0.028227800001332,1.0,1.0,1.0,0.0,0.0104226999683305,1.0,1.0,1.0,0.0,0.1246125999605283,0
UBC1153,1.0,1.0,1.0,0.0,0.8934263000264764,1.0,1.0,1.0,0.0,0.0264440000028116,0.0,0.0,0.0,1.0,0.009271299932152,1.0,1.0,1.0,0.0,0.1295508000766858,0
UBC1154,1.0,1.0,1.0,0.0,0.8952123000053689,1.0,1.0,1.0,0.0,0.0309867000032681,1.0,1.0,1.0,0.0,0.0090948999859392,1.0,0.9736842105263158,0.9866666666666666,0.0,0.1299628999549895,1
UBC1155,1.0,0.9375,0.967741935483871,0.0,1.111846299958415,0.0,0.0,0.0,1.0,0.0297646000035456,1.0,0.9375,0.967741935483871,0.0,0.0093141000252217,1.0,1.0,1.0,0.0,0.1293014999246224,0
UBC1156,1.0,1.0,1.0,0.0,0.8113489000825211,1.0,1.0,1.0,0.0,0.032291499999701,1.0,1.0,1.0,0.0,0.0097664999775588,1.0,1.0,1.0,0.0,0.1241286000004038,0
UBC1157,1.0,1.0,1.0,0.0,0.9447147999890148,1.0,1.0,1.0,0.0,0.0349133999989135,1.0,1.0,1.0,0.0,0.0109265999635681,1.0,0.9743589743589745,0.9870129870129868,0.0,0.1263244000729173,1
UBC1158,1.0,0.9583333333333334,0.9787234042553192,0.0,0.7855445999884978,1.0,0.9583333333333334,0.9787234042553192,0.0,0.0267141000003903,1.0,0.9583333333333334,0.9787234042553192,0.0,0.0081950000021606,1.0,1.0,1.0,0.0,0.112431599991396,0
UBC1159,1.0,1.0,1.0,0.0,1.0337322000414133,1.0,1.0,1.0,0.0,0.0377430000007734,1.0,1.0,1.0,0.0,0.0117021999321877,1.0,0.9803921568627452,0.99009900990099,0.0,0.1164361999835819,1
UBC1160,1.0,0.9714285714285714,0.9855072463768116,0.0,1.1481988999294117,1.0,0.9714285714285714,0.9855072463768116,0.0,0.04088700000284,1.0,0.9714285714285714,0.9855072463768116,0.0,0.0163765000179409,1.0,1.0,1.0,0.0,0.1192150999559089,0
UBC1161,1.0,1.0,1.0,0.0,0.9182736000511796,1.0,1.0,1.0,0.0,0.0375765999997383,1.0,1.0,1.0,0.0,0.0108618999365717,1.0,0.9787234042553192,0.989247311827957,0.0,0.1190119000384584,1
UBC1162,1.0,1.0,1.0,0.0,1.1356274000136182,1.0,1.0,1.0,0.0,0.0316989999992074,1.0,1.0,1.0,0.0,0.0072993000503629,1.0,1.0,1.0,0.0,0.1948473000666126,0
UBC1163,1.0,0.9866666666666668,0.9932885906040269,0.0,0.6823914999840781,1.0,0.9866666666666668,0.9932885906040269,0.0,0.0450055999972391,1.0,0.9866666666666668,0.9932885906040269,0.0,0.0216512999031692,1.0,0.9527027027027029,0.9757785467128028,0.0,0.1275886000366881,1
UBC1164,1.0,1.0,1.0,0.0,0.9618048999691382,1.0,1.0,1.0,0.0,0.0284348999994108,1.0,1.0,1.0,0.0,0.0076060999417677,1.0,1.0,1.0,0.0,0.1205936999758705,0
UBC1165,1.0,0.963855421686747,0.98159509202454,0.0,0.7734086000127718,1.0,0.963855421686747,0.98159509202454,0.0,0.0405190000019501,0.9523809523809524,0.963855421686747,0.9580838323353292,0.0476190476190476,0.0194143999833613,1.0,0.5375,0.6991869918699186,0.0,0.1374236999545246,2
UBC1166,1.0,1.0,1.0,0.0,0.8478111999575049,1.0,1.0,1.0,0.0,0.027839499998663,1.0,1.0,1.0,0.0,0.0077615999616682,1.0,1.0,1.0,0.0,0.1310724000213667,0
UBC1167,0.7931034482758621,1.0,0.8846153846153846,0.2068965517241379,0.9545851000584662,1.0,1.0,1.0,0.0,0.0271395000017946,1.0,1.0,1.0,0.0,0.0084359000902622,1.0,1.0,1.0,0.0,0.1161245999392122,0
UBC1168,1.0,0.975609756097561,0.9876543209876544,0.0,1.4296598000219092,1.0,0.975609756097561,0.9876543209876544,0.0,0.0315541999952984,1.0,0.975609756097561,0.9876543209876544,0.0,0.0104824999580159,1.0,0.95,0.9743589743589745,0.0,0.1257077000336721,1
UBC1169,1.0,0.987012987012987,0.9934640522875816,0.0,0.6164548000087962,1.0,0.987012987012987,0.9934640522875816,0.0,0.0423709999959101,1.0,0.987012987012987,0.9934640522875816,0.0,0.0354474000632762,1.0,0.868421052631579,0.9295774647887324,0.0,0.1294101000530645,2
UBC1170,1.0,1.0,1.0,0.0,1.3829601999605077,1.0,1.0,1.0,0.0,0.026680099996156,1.0,1.0,1.0,0.0,0.0111417999723926,1.0,1.0,1.0,0.0,0.1618139999918639,0
UBC1171,0.0,0.0,0.0,1.0,1.018149400013499,1.0,1.0,1.0,0.0,0.0268030999941402,0.0,0.0,0.0,1.0,0.0090443999506533,0.8125,1.0,0.896551724137931,0.1875,0.1439677999587729,3
UBC1172,1.0,0.9848484848484848,0.9923664122137404,0.0,1.147018100018613,0.0,0.0,0.0,1.0,0.0396830999961821,1.0,0.9848484848484848,0.9923664122137404,0.0,0.0223080000141635,1.0,0.9384615384615383,0.9682539682539684,0.0,0.1356478000525385,2
UBC1173,0.0,0.0,0.0,1.0,1.184334099991247,1.0,1.0,1.0,0.0,0.0269161000032909,1.0,1.0,1.0,0.0,0.0115784000372514,1.0,1.0,1.0,0.0,0.1429043998941779,0
UBC1174,0.0,0.0,0.0,1.0,1.1387319000205025,1.0,1.0,1.0,0.0,0.0351926000003004,0.0,0.0,0.0,1.0,0.0091905000153929,0.9333333333333332,1.0,0.9655172413793104,0.0666666666666666,0.1273547000018879,4
UBC1175,1.0,1.0,1.0,0.0,0.9818562000291422,0.0,0.0,0.0,1.0,0.0369732999970437,1.0,1.0,1.0,0.0,0.0145414000144228,1.0,1.0,1.0,0.0,0.1334257000125944,0
UBC1176,1.0,0.9473684210526316,0.972972972972973,0.0,1.0647399999434128,1.0,0.9473684210526316,0.972972972972973,0.0,0.0269098999997368,1.0,0.9473684210526316,0.972972972972973,0.0,0.0131937999976798,1.0,1.0,1.0,0.0,0.1333982999203726,0
UBC1177,1.0,0.9444444444444444,0.9714285714285714,0.0,1.102966499980539,1.0,0.9444444444444444,0.9714285714285714,0.0,0.0329561999969882,1.0,0.9444444444444444,0.9714285714285714,0.0,0.0124956000363454,1.0,1.0,1.0,0.0,0.1547685000114143,0
UBC1178,0.0,0.0,0.0,1.0,0.9499685999471694,1.0,1.0,1.0,0.0,0.0273596999977598,1.0,1.0,1.0,0.0,0.0128080000868067,1.0,1.0,1.0,0.0,0.1462175999768078,0
UBC1179,1.0,0.9444444444444444,0.9714285714285714,0.0,1.155718700028956,0.0,0.0,0.0,1.0,0.0305669000008492,1.0,0.9444444444444444,0.9714285714285714,0.0,0.0099676999961957,1.0,1.0,1.0,0.0,0.1287483000196516,0
UBC1180,1.0,1.0,1.0,0.0,1.0455322999041528,1.0,1.0,1.0,0.0,0.0280286999986856,1.0,1.0,1.0,0.0,0.0109138999832794,1.0,1.0,1.0,0.0,0.1243660999462008,0
UBC1181,1.0,1.0,1.0,0.0,0.895667799981311,1.0,1.0,1.0,0.0,0.0293271999980788,1.0,1.0,1.0,0.0,0.0091827999567613,1.0,0.88,0.9361702127659576,0.0,0.1174591000890359,2
UBC1182,1.0,0.9855072463768116,0.9927007299270074,0.0,0.8220352999633178,1.0,0.9855072463768116,0.9927007299270074,0.0,0.0410917999979574,0.9577464788732394,0.9855072463768116,0.9714285714285714,0.0422535211267606,0.018411900033243,1.0,0.9852941176470588,0.9925925925925926,0.0,0.1270071000326424,1
UBC1183,1.0,1.0,1.0,0.0,0.9759260000428184,1.0,1.0,1.0,0.0,0.0290710999979637,1.0,1.0,1.0,0.0,0.0106067000888288,1.0,0.875,0.9333333333333332,0.0,0.1244548000395298,2
UBC1184,1.0,0.9807692307692308,0.9902912621359222,0.0,0.8201330000301823,1.0,0.9807692307692308,0.9902912621359222,0.0,0.039380499998515,1.0,0.9807692307692308,0.9902912621359222,0.0,0.015612700022757,1.0,1.0,1.0,0.0,0.1250059000449255,0
UBC1185,1.0,0.9702970297029704,0.9849246231155778,0.0,1.45055940002203,1.0,0.9702970297029704,0.9849246231155778,0.0,0.0485246999960509,1.0,0.9702970297029704,0.9849246231155778,0.0,0.0190302999690175,1.0,0.9897959183673468,0.9948717948717948,0.0,0.1435046000406146,1
UBC1186,1.0,1.0,1.0,0.0,1.2704844999825582,1.0,1.0,1.0,0.0,0.0260142999977688,1.0,1.0,1.0,0.0,0.0071180000668391,1.0,1.0,1.0,0.0,0.1281069000251591,0
UBC1187,0.0,0.0,0.0,1.0,0.9326344999717548,1.0,0.9444444444444444,0.9714285714285714,0.0,0.0304034000000683,1.0,0.9444444444444444,0.9714285714285714,0.0,0.0077488999813795,1.0,1.0,1.0,0.0,0.1305536000290885,0
UBC1188,0.8666666666666667,1.0,0.9285714285714286,0.1333333333333333,1.0178261999972165,1.0,1.0,1.0,0.0,0.0290583000023616,0.0,0.0,0.0,1.0,0.0083440999733284,1.0,1.0,1.0,0.0,0.1311621000058949,0
UBC1189,1.0,1.0,1.0,0.0,0.7532104999991134,1.0,1.0,1.0,0.0,0.0318349999943166,1.0,1.0,1.0,0.0,0.0093587998999282,1.0,0.9032258064516128,0.9491525423728812,0.0,0.1381128999637439,2
UBC1190,1.0,1.0,1.0,0.0,1.060530100017786,1.0,1.0,1.0,0.0,0.0389412000004085,1.0,1.0,1.0,0.0,0.0122096999548375,1.0,0.9807692307692308,0.9902912621359222,0.0,0.163552499958314,1
UBC1191,0.0,0.0,0.0,1.0,1.0890039999503642,1.0,1.0,1.0,0.0,0.0290344999957596,1.0,1.0,1.0,0.0,0.0157710999483242,1.0,1.0,1.0,0.0,0.1738426999654621,0
UBC1192,0.9411764705882352,0.9411764705882352,0.9411764705882352,0.0588235294117647,1.2673226000042632,1.0,0.9411764705882352,0.9696969696969696,0.0,0.0309906999973463,1.0,0.9411764705882352,0.9696969696969696,0.0,0.0099078000057488,1.0,0.9375,0.967741935483871,0.0,0.127823100076057,2
UBC1193,1.0,1.0,1.0,0.0,1.1214129000436517,1.0,1.0,1.0,0.0,0.0312316999988979,1.0,1.0,1.0,0.0,0.0098513999255374,1.0,1.0,1.0,0.0,0.1460708000231534,0
UBC1194,0.0,0.0,0.0,1.0,0.2445171000435948,0.0,0.0,0.0,1.0,0.0310027000014088,0.0,0.0,0.0,1.0,0.0137790999142453,0.0,0.0,0.0,1.0,0.1684274999424815,3
UBC1195,1.0,1.0,1.0,0.0,1.1180433999979869,1.0,1.0,1.0,0.0,0.0268979999964358,1.0,1.0,1.0,0.0,0.0081664000172168,1.0,1.0,1.0,0.0,0.1218510000035166,0
UBC1196,1.0,1.0,1.0,0.0,1.1519952999660743,1.0,1.0,1.0,0.0,0.034615999997186,1.0,1.0,1.0,0.0,0.0117489000549539,1.0,1.0,1.0,0.0,0.1179805999854579,0
UBC1197,1.0,1.0,1.0,0.0,0.8258222000440583,1.0,1.0,1.0,0.0,0.025281599999289,0.0,0.0,0.0,1.0,0.0072994999354705,1.0,1.0,1.0,0.0,0.1168242999119684,0
UBC1198,1.0,1.0,1.0,0.0,1.1255864999257028,0.0,0.0,0.0,1.0,0.029334499995457,1.0,1.0,1.0,0.0,0.0109233000548556,1.0,0.967741935483871,0.9836065573770492,0.0,0.1192967999959364,1
UBC1199,0.0,0.0,0.0,1.0,1.2447539999848232,1.0,1.0,1.0,0.0,0.02863680000155,1.0,1.0,1.0,0.0,0.0080676000798121,1.0,0.925925925925926,0.9615384615384616,0.0,0.1452118000015616,2
UBC1200,1.0,1.0,1.0,0.0,1.3671605999115857,1.0,1.0,1.0,0.0,0.0323579999967478,1.0,1.0,1.0,0.0,0.0221480999607592,1.0,1.0,1.0,0.0,0.1329598999582231,0
UBC1201,0.0,0.0,0.0,1.0,0.7638131999410689,1.0,1.0,1.0,0.0,0.0323267999992822,1.0,1.0,1.0,0.0,0.0137693000724539,1.0,1.0,1.0,0.0,0.1353949999902397,0
UBC1202,0.0,0.0,0.0,1.0,0.4889242000645026,0.1385869565217391,1.0,0.2434367541766109,0.8614130434782609,0.0343241999944439,0.2752808988764045,0.9607843137254902,0.4279475982532751,0.7247191011235955,0.0146213000407442,0.98,0.9607843137254902,0.9702970297029702,0.02,0.1289307000115513,4
UBC1203,0.0,0.0,0.0,1.0,0.9717521000420676,0.9615384615384616,1.0,0.9803921568627452,0.0384615384615384,0.028847500005213,0.8928571428571429,1.0,0.9433962264150944,0.1071428571428571,0.0095316000515595,1.0,1.0,1.0,0.0,0.1196987000294029,0
UBC1204,1.0,1.0,1.0,0.0,0.9755086000077426,1.0,1.0,1.0,0.0,0.0306721000015386,1.0,1.0,1.0,0.0,0.010960999992676,1.0,1.0,1.0,0.0,0.1172910999739542,0
UBC1205,0.0,0.0,0.0,1.0,0.4051730999490246,1.0,1.0,1.0,0.0,0.0367534999968484,1.0,1.0,1.0,0.0,0.0132001000456511,1.0,0.9433962264150944,0.970873786407767,0.0,0.1243279000045731,2
UBC1206,0.0,0.0,0.0,1.0,0.8610864999936894,1.0,1.0,1.0,0.0,0.0267249000025913,1.0,1.0,1.0,0.0,0.0083495000144466,1.0,1.0,1.0,0.0,0.116764000034891,0
UBC1207,1.0,1.0,1.0,0.0,1.005001000012271,1.0,1.0,1.0,0.0,0.0283274999965215,1.0,1.0,1.0,0.0,0.0091653000563383,1.0,1.0,1.0,0.0,0.1416687999153509,0
UBC1208,0.7666666666666667,1.0,0.8679245283018869,0.2333333333333332,0.9503446000162512,1.0,1.0,1.0,0.0,0.0280318999939481,1.0,1.0,1.0,0.0,0.0087957999203354,1.0,1.0,1.0,0.0,0.1376599000068381,0
UBC1209,0.9947089947089948,0.9894736842105264,0.992084432717678,0.0052910052910053,0.9211985999718308,0.4522613065326633,0.9473684210526316,0.6122448979591837,0.5477386934673367,0.0463395999977365,0.9728260869565216,0.9421052631578948,0.9572192513368984,0.0271739130434782,0.0275338999927043,0.9830508474576272,0.925531914893617,0.9534246575342464,0.0169491525423728,0.2013931999681517,2
UBC1210,0.0,0.0,0.0,1.0,0.9107457000063732,0.8888888888888888,1.0,0.9411764705882352,0.1111111111111111,0.0292793999979039,0.1714285714285714,1.0,0.2926829268292683,0.8285714285714285,0.0124281999887898,1.0,0.9583333333333334,0.9787234042553192,0.0,0.1233037000056356,1
UBC1211,1.0,1.0,1.0,0.0,1.132233800017275,0.9777777777777776,1.0,0.9887640449438202,0.0222222222222222,0.03300749999471,1.0,1.0,1.0,0.0,0.0131101999431848,1.0,0.9545454545454546,0.9767441860465116,0.0,0.124298800015822,1
UBC1212,1.0,1.0,1.0,0.0,0.8239755999529734,1.0,1.0,1.0,0.0,0.0294396000026608,1.0,1.0,1.0,0.0,0.0088957999832928,1.0,1.0,1.0,0.0,0.1272414999548345,0
UBC1213,1.0,1.0,1.0,0.0,0.9188053000252694,1.0,1.0,1.0,0.0,0.0265779999972437,1.0,1.0,1.0,0.0,0.0076472000218927,1.0,1.0,1.0,0.0,0.120097600040026,0
UBC1214,1.0,1.0,1.0,0.0,1.2136721999850124,1.0,1.0,1.0,0.0,0.0303175000008195,1.0,1.0,1.0,0.0,0.0079212000127881,1.0,1.0,1.0,0.0,0.1442775999894365,0
UBC1215,1.0,1.0,1.0,0.0,0.8979534999234602,1.0,1.0,1.0,0.0,0.0358650000052875,1.0,1.0,1.0,0.0,0.017793699982576,1.0,1.0,1.0,0.0,0.1226087999530136,0
UBC1216,0.0,0.0,0.0,1.0,1.072950099944137,0.90625,1.0,0.9508196721311476,0.09375,0.0319661000030464,0.0886850152905198,1.0,0.1629213483146067,0.91131498470948,0.0121387999970465,0.9333333333333332,0.9655172413793104,0.9491525423728816,0.0666666666666666,0.1445364999817684,4
UBC1217,1.0,1.0,1.0,0.0,1.1738898999756202,1.0,1.0,1.0,0.0,0.0240974999978789,1.0,1.0,1.0,0.0,0.0066656999988481,1.0,1.0,1.0,0.0,0.1253660999936983,0
UBC1218,0.0,0.0,0.0,1.0,0.5117704999865964,0.0,0.0,0.0,1.0,0.0368263999989721,1.0,0.9836065573770492,0.9917355371900828,0.0,0.0134529999922961,1.0,1.0,1.0,0.0,0.1255705000367015,0
UBC1219,0.8695652173913043,1.0,0.9302325581395348,0.1304347826086956,1.1649224000284448,1.0,1.0,1.0,0.0,0.0280190000048605,1.0,1.0,1.0,0.0,0.0067079000873491,1.0,1.0,1.0,0.0,0.1249088000040501,0
UBC1220,1.0,1.0,1.0,0.0,0.922916500014253,0.0,0.0,0.0,1.0,0.027637200000754,1.0,1.0,1.0,0.0,0.0104920999146997,1.0,1.0,1.0,0.0,0.1156025999225676,0
UBC1221,1.0,0.9615384615384616,0.9803921568627452,0.0,1.054948000004515,1.0,0.9615384615384616,0.9803921568627452,0.0,0.0299252999975578,1.0,0.9615384615384616,0.9803921568627452,0.0,0.0085437999805435,1.0,1.0,1.0,0.0,0.1249841999961063,0
UBC1222,1.0,1.0,1.0,0.0,0.6629061000421643,1.0,1.0,1.0,0.0,0.0362198000002536,1.0,1.0,1.0,0.0,0.0117497000610455,1.0,0.9583333333333334,0.9787234042553192,0.0,0.136029600049369,1
UBC1223,0.2903225806451613,1.0,0.45,0.7096774193548387,1.4818069000029936,1.0,1.0,1.0,0.0,0.0256790999992517,1.0,1.0,1.0,0.0,0.0071711000055074,1.0,1.0,1.0,0.0,0.1293209999566897,0
UBC1224,1.0,0.975,0.9873417721518988,0.0,1.27957819995936,1.0,0.975,0.9873417721518988,0.0,0.0336659999957191,0.9285714285714286,0.975,0.951219512195122,0.0714285714285714,0.0136718000285327,1.0,0.8974358974358975,0.945945945945946,0.0,0.1527858999324962,2
UBC1225,1.0,0.9705882352941176,0.9850746268656716,0.0,0.9501316999085248,1.0,0.9705882352941176,0.9850746268656716,0.0,0.0288211999941268,1.0,0.9705882352941176,0.9850746268656716,0.0,0.0144635000033304,1.0,1.0,1.0,0.0,0.1756260999245569,0
UBC1226,1.0,1.0,1.0,0.0,0.9521516999229788,1.0,1.0,1.0,0.0,0.0338802999976906,1.0,1.0,1.0,0.0,0.0141744000138714,1.0,1.0,1.0,0.0,0.1309292999794706,0
UBC1227,1.0,1.0,1.0,0.0,1.26833639992401,1.0,1.0,1.0,0.0,0.0289468000046326,0.0,0.0,0.0,1.0,0.0084530999884009,1.0,1.0,1.0,0.0,0.1194892000639811,0
UBC1228,1.0,1.0,1.0,0.0,0.8794667000183836,1.0,1.0,1.0,0.0,0.0289092999955755,1.0,1.0,1.0,0.0,0.0080474000424146,1.0,1.0,1.0,0.0,0.1179959999863058,0
UBC1229,1.0,1.0,1.0,0.0,0.7677433000644669,1.0,1.0,1.0,0.0,0.0283812999987276,1.0,1.0,1.0,0.0,0.0074200999224558,1.0,1.0,1.0,0.0,0.1428465999197214,0
UBC1230,0.9473684210526316,1.0,0.972972972972973,0.0526315789473684,0.9595899999840184,1.0,1.0,1.0,0.0,0.0257825000007869,1.0,1.0,1.0,0.0,0.0061440999852493,1.0,1.0,1.0,0.0,0.1172263000626117,0
UBC1231,1.0,1.0,1.0,0.0,0.7991031999699771,1.0,1.0,1.0,0.0,0.0289240999991307,1.0,1.0,1.0,0.0,0.0084941999521106,1.0,1.0,1.0,0.0,0.1463711000978946,0
UBC1232,1.0,0.975,0.9873417721518988,0.0,1.0471158000873402,1.0,0.975,0.9873417721518988,0.0,0.0315187999949557,1.0,0.975,0.9873417721518988,0.0,0.012742800056003,1.0,0.9743589743589745,0.9870129870129868,0.0,0.1196791999973356,1
UBC1233,0.0,0.0,0.0,1.0,0.6203207999933511,1.0,1.0,1.0,0.0,0.032953499998257,1.0,1.0,1.0,0.0,0.0119137999136,1.0,0.9333333333333332,0.9655172413793104,0.0,0.1260322000598535,2
UBC1234,0.5333333333333333,0.979591836734694,0.6906474820143884,0.4666666666666667,1.0945747999940068,0.9411764705882352,0.979591836734694,0.96,0.0588235294117647,0.0335900999998557,0.7272727272727273,0.979591836734694,0.8347826086956521,0.2727272727272727,0.0139310000231489,1.0,1.0,1.0,0.0,0.1281785999890416,0
UBC1235,0.0,0.0,0.0,1.0,1.010484699974768,0.9090909090909092,1.0,0.9523809523809524,0.0909090909090909,0.0314727000004495,0.9523809523809524,1.0,0.975609756097561,0.0476190476190476,0.0082728000124916,1.0,1.0,1.0,0.0,0.1111841000383719,0
UBC1236,1.0,0.9910714285714286,0.9955156950672646,0.0,0.915511800092645,1.0,0.9910714285714286,0.9955156950672646,0.0,0.0493213000008836,0.9487179487179488,0.9910714285714286,0.9694323144104804,0.0512820512820513,0.0201378000201657,1.0,0.981981981981982,0.9909090909090909,0.0,0.130344400065951,1
UBC1237,0.2232142857142857,0.9803921568627452,0.3636363636363636,0.7767857142857143,0.5122991999378428,0.847457627118644,0.9803921568627452,0.909090909090909,0.1525423728813559,0.0351471999965724,0.3401360544217687,0.9803921568627452,0.5050505050505051,0.6598639455782314,0.0135199000360444,0.2242152466367713,1.0,0.3663003663003663,0.7757847533632287,0.1750200999667868,3
UBC1238,1.0,1.0,1.0,0.0,0.841694200062193,1.0,1.0,1.0,0.0,0.0267012000040267,1.0,1.0,1.0,0.0,0.0087916000047698,1.0,1.0,1.0,0.0,0.1487032999284565,0
UBC1239,1.0,0.9565217391304348,0.9777777777777776,0.0,0.949118799995631,1.0,0.9565217391304348,0.9777777777777776,0.0,0.0310699000037857,1.0,0.9565217391304348,0.9777777777777776,0.0,0.0146815000334754,1.0,1.0,1.0,0.0,0.1644962000427767,0
UBC1240,1.0,0.9787234042553192,0.989247311827957,0.0,1.1533985000569371,0.9787234042553192,0.9787234042553192,0.9787234042553192,0.0212765957446808,0.0335011999995913,0.8679245283018868,0.9787234042553192,0.92,0.1320754716981131,0.0134363999823108,1.0,0.9565217391304348,0.9777777777777776,0.0,0.1987947000889107,1
UBC1241,1.0,0.979591836734694,0.9896907216494846,0.0,0.5239263999974355,1.0,0.979591836734694,0.9896907216494846,0.0,0.0403252000032807,1.0,0.979591836734694,0.9896907216494846,0.0,0.0121588000329211,1.0,1.0,1.0,0.0,0.1687831999734044,0
UBC1242,1.0,1.0,1.0,0.0,1.0904409000650048,1.0,1.0,1.0,0.0,0.0370078000050853,0.935483870967742,1.0,0.9666666666666666,0.0645161290322581,0.0162382000125944,1.0,1.0,1.0,0.0,0.2367639999138191,0
UBC1243,1.0,0.967741935483871,0.9836065573770492,0.0,1.193321599974297,1.0,0.967741935483871,0.9836065573770492,0.0,0.0299864000044181,1.0,0.967741935483871,0.9836065573770492,0.0,0.0122519000433385,1.0,1.0,1.0,0.0,0.2206930000102147,0
UBC1244,1.0,0.9905660377358492,0.9952606635071092,0.0,0.7501963999820873,1.0,0.9905660377358492,0.9952606635071092,0.0,0.0467241000005742,1.0,0.9150943396226416,0.955665024630542,0.0,0.0325919000897556,1.0,1.0,1.0,0.0,0.262430900009349,0
UBC1245,0.0,0.0,0.0,1.0,1.0046939000021666,0.9473684210526316,0.9473684210526316,0.9473684210526316,0.0526315789473684,0.0286093999966396,0.6206896551724138,0.9473684210526316,0.75,0.3793103448275862,0.012422600062564,1.0,1.0,1.0,0.0,0.2300770999863743,0
UBC1246,0.0,0.0,0.0,1.0,0.7293979999376461,0.8441558441558441,0.9701492537313432,0.902777777777778,0.1558441558441559,0.0375106999999843,0.1692307692307692,0.9850746268656716,0.2888402625820568,0.8307692307692307,0.0220720000797882,0.9,0.9545454545454546,0.9264705882352942,0.0999999999999999,0.2413515000371262,4
UBC1247,0.0,0.0,0.0,1.0,0.8803284999448806,0.9333333333333332,1.0,0.9655172413793104,0.0666666666666666,0.0297801000051549,0.0,0.0,0.0,1.0,0.0113679999485611,0.9333333333333332,1.0,0.9655172413793104,0.0666666666666666,0.2681246000574901,4
UBC1248,0.0,0.0,0.0,1.0,0.9183603000128642,1.0,1.0,1.0,0.0,0.0366183000005548,0.7872340425531915,1.0,0.880952380952381,0.2127659574468084,0.0109270999673753,1.0,0.972972972972973,0.9863013698630138,0.0,0.1733881999971345,1
UBC1249,1.0,0.9897959183673468,0.9948717948717948,0.0,0.4608604999957606,0.9897959183673468,0.9897959183673468,0.9897959183673468,0.010204081632653,0.0517276000027777,0.9791666666666666,0.9591836734693876,0.9690721649484536,0.0208333333333333,0.0212847999064251,1.0,0.9896907216494846,0.9948186528497408,0.0,0.1825039000250399,1
UBC1250,1.0,0.9642857142857144,0.9818181818181818,0.0,0.8552992000477389,1.0,0.9642857142857144,0.9818181818181818,0.0,0.0292346999995061,1.0,0.9642857142857144,0.9818181818181818,0.0,0.0181267000734806,1.0,1.0,1.0,0.0,0.1718287999974563,0
UBC1251,0.9473684210526316,0.9473684210526316,0.9473684210526316,0.0526315789473684,1.234580499934964,1.0,0.9473684210526316,0.972972972972973,0.0,0.0271557000014581,1.0,0.9473684210526316,0.972972972972973,0.0,0.0086692000040784,1.0,1.0,1.0,0.0,0.1736873000627383,0
UBC1252,1.0,1.0,1.0,0.0,1.1714220000430942,1.0,1.0,1.0,0.0,0.0276560000056633,1.0,1.0,1.0,0.0,0.0096760999877005,1.0,1.0,1.0,0.0,0.1936014000093564,0
UBC1253,0.0,0.0,0.0,1.0,0.5458401000360027,1.0,1.0,1.0,0.0,0.033370900004229,1.0,1.0,1.0,0.0,0.0135894999839365,1.0,0.926829268292683,0.9620253164556964,0.0,0.174318499979563,2
UBC1254,0.9553571428571428,0.981651376146789,0.9683257918552036,0.044642857142857,0.6133169999811798,1.0,0.944954128440367,0.9716981132075472,0.0,0.0481004000030225,0.2338530066815144,0.963302752293578,0.3763440860215054,0.7661469933184855,0.022878999938257,1.0,0.9074074074074074,0.9514563106796116,0.0,0.191441599978134,2
UBC1255,1.0,0.984126984126984,0.992,0.0,0.637262100004591,1.0,0.984126984126984,0.992,0.0,0.0383187999977963,1.0,0.984126984126984,0.992,0.0,0.0166203000117093,1.0,0.9838709677419356,0.991869918699187,0.0,0.1601999000413343,1
UBC1256,0.0,0.0,0.0,1.0,0.7878251998918131,0.8888888888888888,0.9824561403508772,0.9333333333333332,0.1111111111111111,0.0354854999968665,0.4869565217391304,0.9824561403508772,0.6511627906976745,0.5130434782608695,0.0193135999143123,0.918032786885246,1.0,0.9572649572649572,0.081967213114754,0.1630034999689087,4
UBC1257,0.0,0.0,0.0,1.0,0.9618496000766754,1.0,1.0,1.0,0.0,0.0309382999985246,0.0,0.0,0.0,1.0,0.0114422999322414,0.9166666666666666,1.0,0.9565217391304348,0.0833333333333333,0.1670241000829264,4
UBC1258,0.0,0.0,0.0,1.0,1.2344254000345245,0.8275862068965517,1.0,0.9056603773584906,0.1724137931034483,0.0296155999967595,0.5853658536585366,1.0,0.7384615384615384,0.4146341463414634,0.0161388999549672,1.0,1.0,1.0,0.0,0.2508208999643102,0
UBC1259,0.0,0.0,0.0,1.0,0.9200825000880286,1.0,1.0,1.0,0.0,0.0257816000012098,1.0,1.0,1.0,0.0,0.0097943999571725,1.0,1.0,1.0,0.0,0.1491679999744519,0
UBC1260,0.2465753424657534,1.0,0.3956043956043955,0.7534246575342466,1.023454500013031,1.0,1.0,1.0,0.0,0.0263967999999295,1.0,1.0,1.0,0.0,0.0105956000043079,1.0,1.0,1.0,0.0,0.1657686000689864,0
UBC1261,1.0,1.0,1.0,0.0,1.144863300025463,1.0,1.0,1.0,0.0,0.0339555000027758,1.0,1.0,1.0,0.0,0.0121908999281004,1.0,1.0,1.0,0.0,0.148775800014846,0
UBC1262,0.3190184049079754,1.0,0.4837209302325581,0.6809815950920246,0.9583976999856532,0.9629629629629628,1.0,0.981132075471698,0.037037037037037,0.0338754999975208,0.912280701754386,1.0,0.9541284403669724,0.087719298245614,0.0144356000237166,1.0,0.9230769230769232,0.96,0.0,0.1526410001097247,2
UBC1263,1.0,0.9743589743589745,0.9870129870129868,0.0,1.0183078999398276,0.9743589743589745,0.9743589743589745,0.9743589743589745,0.0256410256410256,0.0296121999999741,0.8085106382978723,0.9743589743589745,0.8837209302325582,0.1914893617021277,0.0160979999927803,1.0,1.0,1.0,0.0,0.1578515999717638,0
UBC1264,1.0,1.0,1.0,0.0,0.5445770000806078,1.0,1.0,1.0,0.0,0.0313357999984873,1.0,1.0,1.0,0.0,0.0114103999221697,1.0,1.0,1.0,0.0,0.1820508999517187,0
UBC1265,0.0,0.0,0.0,1.0,0.8869597000302747,0.6153846153846154,1.0,0.761904761904762,0.3846153846153846,0.0354666999992332,0.1441441441441441,1.0,0.2519685039370078,0.8558558558558559,0.0173084000125527,0.14375,0.9583333333333334,0.25,0.85625,0.2749258999247104,3
UBC1266,0.0,0.0,0.0,1.0,0.8761609999928623,1.0,1.0,1.0,0.0,0.031679300001997,0.0155440414507772,0.5,0.0301507537688442,0.9844559585492229,0.0136411999119445,0.9230769230769232,1.0,0.96,0.0769230769230768,0.2192502999678254,4
UBC1267,0.0,0.0,0.0,1.0,0.9047155000735074,0.0997442455242966,1.0,0.1813953488372092,0.9002557544757033,0.0313664999994216,0.0986666666666666,0.9487179487179488,0.178743961352657,0.9013333333333332,0.0138838000129908,0.7954545454545454,0.8974358974358975,0.8433734939759037,0.2045454545454545,0.1612645999994129,3
UBC1268,1.0,1.0,1.0,0.0,0.9164110999554396,0.0,0.0,0.0,1.0,0.027343000001565,1.0,1.0,1.0,0.0,0.009907400002703,1.0,1.0,1.0,0.0,0.1424027999164536,0
UBC1269,0.0,0.0,0.0,1.0,1.1801518000429496,1.0,1.0,1.0,0.0,0.0264820999946095,0.7307692307692307,1.0,0.8444444444444443,0.2692307692307693,0.0091465000296011,1.0,1.0,1.0,0.0,0.1486446000635624,0
UBC1270,0.9285714285714286,1.0,0.962962962962963,0.0714285714285714,0.9521819999208674,0.2052631578947368,1.0,0.3406113537117904,0.7947368421052632,0.0298143999971216,0.021875,0.1794871794871795,0.0389972144846796,0.978125,0.0158844999969005,1.0,1.0,1.0,0.0,0.1722227000864222,0
UBC1271,1.0,1.0,1.0,0.0,0.613321500015445,0.0,0.0,0.0,1.0,0.0294716999997035,1.0,1.0,1.0,0.0,0.0125317999627441,1.0,0.9705882352941176,0.9850746268656716,0.0,0.1709424000000581,1
UBC1272,1.0,1.0,1.0,0.0,0.9530437000794336,1.0,1.0,1.0,0.0,0.0314615999959642,1.0,1.0,1.0,0.0,0.0097840999951586,1.0,0.9615384615384616,0.9803921568627452,0.0,0.177188100060448,1
UBC1273,0.0,0.0,0.0,1.0,0.6823692000471056,0.8571428571428571,1.0,0.923076923076923,0.1428571428571429,0.032638799995766,0.75,1.0,0.8571428571428571,0.25,0.0124778000172227,1.0,1.0,1.0,0.0,0.1362784000812098,0
UBC1274,0.0,0.0,0.0,1.0,0.8237189999781549,1.0,1.0,1.0,0.0,0.0321993000034126,1.0,1.0,1.0,0.0,0.0142275999533012,1.0,0.979591836734694,0.9896907216494846,0.0,0.1538600999629125,1
UBC1275,1.0,1.0,1.0,0.0,1.1172062999103218,1.0,1.0,1.0,0.0,0.026033300004201,1.0,1.0,1.0,0.0,0.0074408999644219,1.0,1.0,1.0,0.0,0.1183031999971717,0
UBC1276,0.0,0.0,0.0,1.0,0.8212360999314114,1.0,1.0,1.0,0.0,0.0266099000000394,1.0,1.0,1.0,0.0,0.0102013000287115,1.0,1.0,1.0,0.0,0.124911900027655,0
UBC1277,0.0,0.0,0.0,1.0,1.1854465999640524,0.875,1.0,0.9333333333333332,0.125,0.0290544999952544,0.8076923076923077,1.0,0.8936170212765957,0.1923076923076923,0.0087175000226125,1.0,1.0,1.0,0.0,0.1760212000226602,0
UBC1278,0.0,0.0,0.0,1.0,0.8623654000693932,0.9545454545454546,1.0,0.9767441860465116,0.0454545454545454,0.0281881000046269,0.0598290598290598,1.0,0.1129032258064516,0.9401709401709402,0.0235892999917268,0.9545454545454546,1.0,0.9767441860465116,0.0454545454545454,0.1367592000169679,4
UBC1279,1.0,0.9743589743589745,0.9870129870129868,0.0,1.1951013000216335,1.0,0.9743589743589745,0.9870129870129868,0.0,0.0321532000016304,1.0,0.9743589743589745,0.9870129870129868,0.0,0.0117337999399751,1.0,0.9736842105263158,0.9866666666666666,0.0,0.1299433999229222,1
UBC1280,0.2794759825327511,1.0,0.4368600682593856,0.7205240174672489,0.7235755999572575,1.0,1.0,1.0,0.0,0.0357186999972327,1.0,1.0,1.0,0.0,0.0160790000809356,1.0,0.96875,0.984126984126984,0.0,0.1339698999654501,1
UBC1281,0.0,0.0,0.0,1.0,1.1329342999961227,1.0,1.0,1.0,0.0,0.0267303000000538,1.0,1.0,1.0,0.0,0.0074827000498771,1.0,1.0,1.0,0.0,0.1317517999559641,0
UBC1282,0.0,0.0,0.0,1.0,0.9935111000668256,1.0,1.0,1.0,0.0,0.0243281000002753,1.0,1.0,1.0,0.0,0.0084433000301942,1.0,1.0,1.0,0.0,0.1257398000452667,0
UBC1283,1.0,0.967741935483871,0.9836065573770492,0.0,0.9513712000334636,1.0,0.967741935483871,0.9836065573770492,0.0,0.0283045999967725,1.0,0.967741935483871,0.9836065573770492,0.0,0.013180400012061,1.0,0.9333333333333332,0.9655172413793104,0.0,0.1393687000963837,2
UBC1284,0.0,0.0,0.0,1.0,0.9678425999591128,0.9047619047619048,1.0,0.95,0.0952380952380952,0.0270384000032208,0.0931372549019607,1.0,0.1704035874439461,0.9068627450980392,0.0149821999948471,1.0,1.0,1.0,0.0,0.1340549000306055,0
UBC1285,0.0,0.0,0.0,1.0,1.09198040002957,1.0,1.0,1.0,0.0,0.0295020999983535,0.7804878048780488,1.0,0.8767123287671234,0.2195121951219512,0.0107230999274179,1.0,0.90625,0.9508196721311476,0.0,0.1342744000721722,2
UBC1286,0.0,0.0,0.0,1.0,1.0579974999418482,1.0,1.0,1.0,0.0,0.0276681000032112,0.9666666666666668,1.0,0.983050847457627,0.0333333333333333,0.0187357999384403,1.0,1.0,1.0,0.0,0.1305430000647902,0
UBC1287,1.0,1.0,1.0,0.0,1.2763646999374032,0.96875,1.0,0.984126984126984,0.03125,0.0286144999990938,1.0,1.0,1.0,0.0,0.0087494999170303,1.0,1.0,1.0,0.0,0.1238255000207573,0
UBC1288,0.625,1.0,0.7692307692307693,0.375,0.9633182999677956,1.0,1.0,1.0,0.0,0.0283519000004162,0.0,0.0,0.0,1.0,0.0105683000292629,1.0,1.0,1.0,0.0,0.1194746000692248,0
UBC1289,0.0,0.0,0.0,1.0,1.0610975000308829,0.92,1.0,0.9583333333333334,0.0799999999999999,0.0318971000015153,0.6764705882352942,1.0,0.8070175438596492,0.3235294117647058,0.0156904000323265,1.0,1.0,1.0,0.0,0.1237008000025525,0
UBC1290,1.0,1.0,1.0,0.0,1.0073161000618711,1.0,1.0,1.0,0.0,0.0355278999995789,1.0,1.0,1.0,0.0,0.0120200999081134,1.0,1.0,1.0,0.0,0.1267817000625655,0
UBC1291,1.0,1.0,1.0,0.0,0.9620684999972582,0.0,0.0,0.0,1.0,0.0293315000017173,1.0,1.0,1.0,0.0,0.007854500086978,1.0,0.9565217391304348,0.9777777777777776,0.0,0.1309829000383615,1
UBC1292,0.0,0.0,0.0,1.0,0.4097265000455081,1.0,0.9649122807017544,0.9821428571428572,0.0,0.0341560000015306,0.8088235294117647,0.9649122807017544,0.88,0.1911764705882352,0.0128383999690413,1.0,0.9636363636363636,0.9814814814814816,0.0,0.1385341000277549,1
UBC1293,0.0,0.0,0.0,1.0,0.9488296000054106,1.0,1.0,1.0,0.0,0.0296974000011687,1.0,1.0,1.0,0.0,0.0083310999907553,1.0,1.0,1.0,0.0,0.1345630000578239,0
UBC1294,0.0,0.0,0.0,1.0,1.1678933999501169,0.9714285714285714,1.0,0.9855072463768116,0.0285714285714285,0.0309879999986151,0.9444444444444444,1.0,0.9714285714285714,0.0555555555555555,0.0132467000512406,1.0,1.0,1.0,0.0,0.1276196000399068,0
UBC1295,0.0,0.0,0.0,1.0,0.9812769000418484,0.9,1.0,0.9473684210526316,0.0999999999999999,0.0262225000042235,0.9473684210526316,1.0,0.972972972972973,0.0526315789473684,0.0085514000384137,1.0,1.0,1.0,0.0,0.1253584999358281,0
UBC1296,1.0,1.0,1.0,0.0,0.8362426999956369,1.0,1.0,1.0,0.0,0.037310100000468,1.0,1.0,1.0,0.0,0.0154902000213041,1.0,0.53125,0.6938775510204082,0.0,0.128255599993281,2
UBC1297,0.0,0.0,0.0,1.0,0.9829939999617636,0.9696969696969696,0.9696969696969696,0.9696969696969696,0.0303030303030302,0.0326874000020325,1.0,0.9696969696969696,0.9846153846153848,0.0,0.0102561999810859,1.0,0.96875,0.984126984126984,0.0,0.1291447000112384,1
UBC1298,1.0,0.9705882352941176,0.9850746268656716,0.0,0.9343303000787272,1.0,0.9705882352941176,0.9850746268656716,0.0,0.0304546999977901,0.9705882352941176,0.9705882352941176,0.9705882352941176,0.0294117647058823,0.0084079999942332,1.0,1.0,1.0,0.0,0.1255908000748604,0
UBC1299,1.0,1.0,1.0,0.0,1.1690741999773309,1.0,1.0,1.0,0.0,0.0398030999931506,1.0,1.0,1.0,0.0,0.0089063000632449,1.0,1.0,1.0,0.0,0.1373702000128105,0
UBC1300,0.1710526315789473,1.0,0.2921348314606741,0.8289473684210527,0.7947326001012698,1.0,1.0,1.0,0.0,0.0322706000006292,0.0,0.0,0.0,1.0,0.0086428000358864,0.9285714285714286,1.0,0.962962962962963,0.0714285714285714,0.1381586999632418,4
UBC1301,1.0,1.0,1.0,0.0,0.8804690000833943,1.0,1.0,1.0,0.0,0.0360953999988851,1.0,1.0,1.0,0.0,0.0130460000364109,1.0,1.0,1.0,0.0,0.1325038000941276,0
UBC1302,0.0,0.0,0.0,1.0,0.9578966000117362,1.0,0.9473684210526316,0.972972972972973,0.0,0.0257089999940944,1.0,0.9473684210526316,0.972972972972973,0.0,0.0113673999439924,1.0,1.0,1.0,0.0,0.1212599999271333,0
UBC1303,0.0,0.0,0.0,1.0,0.7602164999116212,1.0,1.0,1.0,0.0,0.0273712999987765,1.0,1.0,1.0,0.0,0.0090197999961674,1.0,1.0,1.0,0.0,0.1194123999448493,0
UBC1304,0.0,0.0,0.0,1.0,0.6805641000391915,0.5316455696202531,0.9545454545454546,0.6829268292682926,0.4683544303797469,0.0306104999981471,0.2781456953642384,0.9545454545454546,0.4307692307692307,0.7218543046357616,0.0119715000037103,0.9069767441860463,0.9285714285714286,0.9176470588235294,0.0930232558139535,0.1267083999700844,4
UBC1305,0.0,0.0,0.0,1.0,0.9126516999676824,1.0,1.0,1.0,0.0,0.0263608999957796,0.3064516129032258,1.0,0.4691358024691358,0.6935483870967742,0.0076583999907597,1.0,1.0,1.0,0.0,0.128130399971269,0
UBC1306,0.9583333333333334,0.9857142857142858,0.971830985915493,0.0416666666666666,0.4620018000714481,0.971830985915493,0.9857142857142858,0.9787234042553192,0.028169014084507,0.0439708999983849,0.0760869565217391,0.4,0.1278538812785388,0.9239130434782608,0.0213042999384924,0.971830985915493,1.0,0.9857142857142858,0.028169014084507,0.1632800999796018,1
UBC1307,1.0,1.0,1.0,0.0,0.760177299962379,1.0,1.0,1.0,0.0,0.034387699997751,0.9827586206896552,1.0,0.9913043478260868,0.0172413793103448,0.0309167999075725,1.0,0.9649122807017544,0.9821428571428572,0.0,0.1522672000573948,1
UBC1308,1.0,1.0,1.0,0.0,0.8881464999867603,1.0,1.0,1.0,0.0,0.0252560000008088,1.0,1.0,1.0,0.0,0.0200680999550968,1.0,1.0,1.0,0.0,0.1442445999709889,0
UBC1309,1.0,0.9908256880733946,0.9953917050691244,0.0,0.543424200033769,1.0,0.9908256880733946,0.9953917050691244,0.0,0.0487667999987024,1.0,0.9908256880733946,0.9953917050691244,0.0,0.0352866000030189,1.0,0.9629629629629628,0.981132075471698,0.0,0.1355935999890789,1
UBC1310,0.8181818181818182,0.9473684210526316,0.8780487804878049,0.1818181818181817,0.9085341999307276,1.0,0.9473684210526316,0.972972972972973,0.0,0.0257608000028994,1.0,0.9473684210526316,0.972972972972973,0.0,0.0117298000259324,1.0,1.0,1.0,0.0,0.1226085999514907,0
UBC1311,1.0,1.0,1.0,0.0,0.9742366999853402,1.0,1.0,1.0,0.0,0.0289155999998911,1.0,1.0,1.0,0.0,0.0143559999996796,1.0,1.0,1.0,0.0,0.1271780000533908,0
UBC1312,0.0,0.0,0.0,1.0,0.7150173999834806,1.0,1.0,1.0,0.0,0.0299055000068619,1.0,1.0,1.0,0.0,0.015216999920085,1.0,1.0,1.0,0.0,0.1192937000887468,0
UBC1313,1.0,1.0,1.0,0.0,0.6867837000172585,1.0,1.0,1.0,0.0,0.0304422000044723,1.0,1.0,1.0,0.0,0.0158357999753206,1.0,1.0,1.0,0.0,0.1212724999058991,0
UBC1314,1.0,1.0,1.0,0.0,0.7176981000229716,1.0,1.0,1.0,0.0,0.0404028000048128,1.0,1.0,1.0,0.0,0.018458200036548,1.0,1.0,1.0,0.0,0.1437117999885231,0
UBC1315,0.0,0.0,0.0,1.0,0.80967149999924,1.0,1.0,1.0,0.0,0.0336498999968171,0.9767441860465116,1.0,0.988235294117647,0.0232558139534884,0.0144592999713495,1.0,0.9761904761904762,0.9879518072289156,0.0,0.1309291999787092,1
UBC1316,1.0,1.0,1.0,0.0,1.085641200072132,1.0,1.0,1.0,0.0,0.0272394000057829,1.0,1.0,1.0,0.0,0.0098431999795138,1.0,1.0,1.0,0.0,0.1335957000264898,0
UBC1317,0.935483870967742,0.9666666666666668,0.9508196721311476,0.0645161290322581,1.0199566000374034,1.0,0.9666666666666668,0.983050847457627,0.0,0.0291754999998374,1.0,0.9666666666666668,0.983050847457627,0.0,0.0095679999794811,1.0,1.0,1.0,0.0,0.1406282000243663,0
UBC1318,1.0,1.0,1.0,0.0,0.5490183000219986,1.0,1.0,1.0,0.0,0.0319808000058401,0.9318181818181818,1.0,0.9647058823529412,0.0681818181818182,0.0178355999523773,1.0,0.975609756097561,0.9876543209876544,0.0,0.1335216000443324,1
UBC1319,1.0,1.0,1.0,0.0,1.0104570001130924,1.0,1.0,1.0,0.0,0.041385700002138,1.0,1.0,1.0,0.0,0.0162315999623388,1.0,1.0,1.0,0.0,0.1419179999502375,0
UBC1320,0.0,0.0,0.0,1.0,0.8437548000365496,1.0,1.0,1.0,0.0,0.0262119999970309,1.0,1.0,1.0,0.0,0.0072240999434143,1.0,1.0,1.0,0.0,0.1212205999763682,0
UBC1321,0.0,0.0,0.0,1.0,0.8389924999792129,1.0,1.0,1.0,0.0,0.0256274000057601,0.0,0.0,0.0,1.0,0.0080353999510407,0.8333333333333334,1.0,0.9090909090909092,0.1666666666666666,0.1298107999609783,3
UBC1322,0.92,1.0,0.9583333333333334,0.0799999999999999,1.4612733999965712,0.0,0.0,0.0,1.0,0.0273331999997026,1.0,1.0,1.0,0.0,0.0088443999411538,1.0,1.0,1.0,0.0,0.1428599999053403,0
UBC1323,0.0,0.0,0.0,1.0,1.0003399000270292,1.0,1.0,1.0,0.0,0.0270346999968751,1.0,1.0,1.0,0.0,0.0128124000038951,1.0,0.9655172413793104,0.9824561403508772,0.0,0.1270910000894218,1
UBC1324,1.0,1.0,1.0,0.0,0.9099752000765876,1.0,1.0,1.0,0.0,0.0359968999982811,1.0,1.0,1.0,0.0,0.013608600012958,1.0,0.9545454545454546,0.9767441860465116,0.0,0.1261926000006497,1
UBC1325,0.0,0.0,0.0,1.0,1.0976850000442937,0.9565217391304348,1.0,0.9777777777777776,0.0434782608695651,0.0275512000007438,0.7096774193548387,1.0,0.8301886792452831,0.2903225806451612,0.0082661999622359,1.0,0.9090909090909092,0.9523809523809524,0.0,0.1266361000016331,2
UBC1326,1.0,1.0,1.0,0.0,1.034512500045821,1.0,1.0,1.0,0.0,0.0317467999993823,1.0,1.0,1.0,0.0,0.0083998999325558,1.0,1.0,1.0,0.0,0.137440700083971,0
UBC1327,1.0,0.935483870967742,0.9666666666666666,0.0,1.0050332000246271,1.0,0.935483870967742,0.9666666666666666,0.0,0.0338553999972646,1.0,0.935483870967742,0.9666666666666666,0.0,0.0197429000400006,1.0,1.0,1.0,0.0,0.1207348000025376,0
UBC1328,0.0,0.0,0.0,1.0,0.8291453000856563,1.0,1.0,1.0,0.0,0.0257167999952798,1.0,1.0,1.0,0.0,0.0060821000952273,1.0,1.0,1.0,0.0,0.1270679000299424,0
UBC1329,1.0,1.0,1.0,0.0,1.2017702999291942,1.0,1.0,1.0,0.0,0.029275900000357,1.0,1.0,1.0,0.0,0.0067964000627398,1.0,1.0,1.0,0.0,0.1407224000431597,0
UBC1330,1.0,0.9824561403508772,0.991150442477876,0.0,0.9882285000057892,0.9824561403508772,0.9824561403508772,0.9824561403508772,0.0175438596491228,0.0379216000001179,1.0,0.9824561403508772,0.991150442477876,0.0,0.014300899929367,1.0,0.9821428571428572,0.9909909909909907,0.0,0.1317346000578254,1
UBC1331,1.0,0.9736842105263158,0.9866666666666666,0.0,0.9355033999308944,1.0,0.9736842105263158,0.9866666666666666,0.0,0.0292826000004424,1.0,0.9736842105263158,0.9866666666666666,0.0,0.0096208000322803,1.0,0.972972972972973,0.9863013698630138,0.0,0.1380707999924197,1
UBC1332,0.0,0.0,0.0,1.0,0.803791300044395,1.0,1.0,1.0,0.0,0.0284586999987368,1.0,1.0,1.0,0.0,0.0106232999823987,1.0,0.9666666666666668,0.983050847457627,0.0,0.1240535000106319,1
UBC1333,1.0,1.0,1.0,0.0,1.18701009999495,1.0,1.0,1.0,0.0,0.0281141000014031,1.0,1.0,1.0,0.0,0.0092632999876514,1.0,1.0,1.0,0.0,0.1210385001031681,0
UBC1334,1.0,1.0,1.0,0.0,0.9618834001012146,1.0,1.0,1.0,0.0,0.0291279000011854,1.0,1.0,1.0,0.0,0.0072308999951928,1.0,1.0,1.0,0.0,0.1248336000135168,0
UBC1335,1.0,1.0,1.0,0.0,1.2296120000537485,1.0,1.0,1.0,0.0,0.0296041999972658,1.0,1.0,1.0,0.0,0.006632599979639,1.0,1.0,1.0,0.0,0.1181186001049354,0
UBC1336,1.0,1.0,1.0,0.0,1.1857246999861673,0.0,0.0,0.0,1.0,0.0295836000004783,0.9666666666666668,1.0,0.983050847457627,0.0333333333333333,0.0090073999017477,1.0,1.0,1.0,0.0,0.1336158999474719,0
UBC1337,1.0,1.0,1.0,0.0,0.9830748999956996,1.0,1.0,1.0,0.0,0.0312766000060946,1.0,1.0,1.0,0.0,0.0101606000680476,1.0,0.975609756097561,0.9876543209876544,0.0,0.1316561000421643,1
UBC1338,0.544,1.0,0.7046632124352332,0.4559999999999999,0.9531133000273256,1.0,1.0,1.0,0.0,0.0391329999984009,1.0,1.0,1.0,0.0,0.0169084999943152,1.0,0.6323529411764706,0.7747747747747747,0.0,0.1199994999915361,2
UBC1339,0.9901960784313726,0.9901960784313726,0.9901960784313726,0.0098039215686274,0.6908026000019163,0.3424657534246575,0.9803921568627452,0.5076142131979696,0.6575342465753424,0.0453869999982998,0.1380281690140845,0.4803921568627451,0.2144420131291028,0.8619718309859155,0.0245089000090956,0.9333333333333332,0.9607843137254902,0.9468599033816426,0.0666666666666666,0.1670192000456154,4
UBC1340,0.0,0.0,0.0,1.0,0.8029806999256834,1.0,1.0,1.0,0.0,0.0276283999992301,0.0,0.0,0.0,1.0,0.0123698000097647,1.0,1.0,1.0,0.0,0.1141742999898269,0
UBC1341,0.9642857142857144,1.0,0.9818181818181818,0.0357142857142857,0.8666483999695629,1.0,1.0,1.0,0.0,0.0281067000032635,1.0,1.0,1.0,0.0,0.0105152999749407,1.0,1.0,1.0,0.0,0.1158198000630363,0
UBC1342,1.0,1.0,1.0,0.0,0.8163492999738082,1.0,1.0,1.0,0.0,0.0255466000016895,0.0,0.0,0.0,1.0,0.0108955000760033,1.0,1.0,1.0,0.0,0.1175904999254271,0
UBC1343,1.0,1.0,1.0,0.0,1.1277045999886468,1.0,1.0,1.0,0.0,0.0296323000002303,1.0,1.0,1.0,0.0,0.0217038000700995,1.0,1.0,1.0,0.0,0.1114357000915333,0
UBC1344,1.0,1.0,1.0,0.0,0.8965033999411389,1.0,1.0,1.0,0.0,0.031838399998378,1.0,1.0,1.0,0.0,0.011767000076361,1.0,1.0,1.0,0.0,0.1172788999974727,0
UBC1345,1.0,1.0,1.0,0.0,0.746068499982357,1.0,1.0,1.0,0.0,0.0281690999981947,1.0,1.0,1.0,0.0,0.007950700004585,1.0,1.0,1.0,0.0,0.1277169999666512,0
UBC1346,1.0,1.0,1.0,0.0,0.8695650999434292,1.0,1.0,1.0,0.0,0.0278131000013672,1.0,1.0,1.0,0.0,0.0088275000452995,1.0,0.9545454545454546,0.9767441860465116,0.0,0.1195698999799788,1
UBC1347,1.0,1.0,1.0,0.0,1.1006677999394014,1.0,1.0,1.0,0.0,0.0272912999935215,1.0,1.0,1.0,0.0,0.0103372000157833,1.0,0.9615384615384616,0.9803921568627452,0.0,0.1208217000821605,1
UBC1348,0.3684210526315789,1.0,0.5384615384615384,0.631578947368421,0.5590589999919757,1.0,1.0,1.0,0.0,0.0266367999938665,0.0,0.0,0.0,1.0,0.0112510999897494,1.0,1.0,1.0,0.0,0.1169831999577581,0
UBC1349,1.0,1.0,1.0,0.0,0.9841740999836476,1.0,1.0,1.0,0.0,0.0298904000010225,1.0,1.0,1.0,0.0,0.0087486000265926,1.0,1.0,1.0,0.0,0.1130071999505162,0
UBC1350,1.0,1.0,1.0,0.0,0.8145321999909356,0.0,0.0,0.0,1.0,0.0304543000020203,1.0,1.0,1.0,0.0,0.0093156999209895,1.0,0.9333333333333332,0.9655172413793104,0.0,0.1139451999915763,2
UBC1351,1.0,1.0,1.0,0.0,1.0944364999886602,1.0,1.0,1.0,0.0,0.0305275999999139,1.0,1.0,1.0,0.0,0.0104737000074237,1.0,0.95,0.9743589743589745,0.0,0.1160611000377684,1
UBC1352,1.0,1.0,1.0,0.0,0.8954681000905111,1.0,1.0,1.0,0.0,0.0278102000011131,1.0,1.0,1.0,0.0,0.0191551999887451,1.0,0.9117647058823528,0.953846153846154,0.0,0.1176668000407517,2
UBC1353,1.0,1.0,1.0,0.0,0.9799891000147908,1.0,1.0,1.0,0.0,0.0312130999955115,1.0,1.0,1.0,0.0,0.0105812998954206,1.0,1.0,1.0,0.0,0.1285407999530434,0
UBC1354,1.0,1.0,1.0,0.0,1.0577418999746442,1.0,1.0,1.0,0.0,0.0390435000008437,1.0,1.0,1.0,0.0,0.0115128000034019,1.0,1.0,1.0,0.0,0.1225677999900654,0
UBC1355,1.0,1.0,1.0,0.0,1.0703834999585524,1.0,1.0,1.0,0.0,0.0296096000020043,1.0,1.0,1.0,0.0,0.0096485998947173,1.0,1.0,1.0,0.0,0.1196472999872639,0
UBC1356,0.0,0.0,0.0,1.0,0.4750041000079363,1.0,1.0,1.0,0.0,0.0283969000010984,1.0,1.0,1.0,0.0,0.0088556000264361,1.0,1.0,1.0,0.0,0.1175050999736413,0
UBC1357,1.0,1.0,1.0,0.0,1.1404153000330552,1.0,1.0,1.0,0.0,0.031920599998557,1.0,1.0,1.0,0.0,0.0120847000507637,1.0,1.0,1.0,0.0,0.1173829999752342,0
UBC1358,1.0,1.0,1.0,0.0,1.0334226000122726,1.0,1.0,1.0,0.0,0.0356726000027265,0.9818181818181818,1.0,0.9908256880733944,0.0181818181818181,0.0123882999178022,1.0,0.5185185185185185,0.6829268292682926,0.0,0.1232052000705152,2
UBC1359,0.1484375,1.0,0.2585034013605442,0.8515625,1.526596000068821,1.0,1.0,1.0,0.0,0.0276107000026968,1.0,1.0,1.0,0.0,0.0070483000017702,1.0,1.0,1.0,0.0,0.1197767000412568,0
