Cluster,quantile_bin,n_truth_bin,n_tp_bin,recall_bin
UBC1001,Q1,6,6,1.0
UBC1001,Q2,6,6,1.0
UBC1001,Q3,5,5,1.0
UBC1001,Q4,6,6,1.0
UBC1001,Q5,6,6,1.0
UBC1002,Q1,15,15,1.0
UBC1002,Q2,14,14,1.0
UBC1002,Q3,14,13,0.9285714285714286
UBC1002,Q4,14,13,0.9285714285714286
UBC1002,Q5,14,13,0.9285714285714286
UBC1003,Q1,9,9,1.0
UBC1003,Q2,9,9,1.0
UBC1003,Q3,8,8,1.0
UBC1003,Q4,9,9,1.0
UBC1003,Q5,9,9,1.0
UBC1004,Q1,84,78,0.9285714285714286
UBC1004,Q2,83,79,0.9518072289156626
UBC1004,Q3,84,72,0.8571428571428571
UBC1004,Q4,83,70,0.8433734939759037
UBC1004,Q5,84,74,0.8809523809523809
UBC1005,Q1,7,7,1.0
UBC1005,Q2,6,6,1.0
UBC1005,Q3,6,6,1.0
UBC1005,Q4,6,6,1.0
UBC1005,Q5,6,6,1.0
UBC1006,Q1,16,16,1.0
UBC1006,Q2,15,15,1.0
UBC1006,Q3,15,15,1.0
UBC1006,Q4,15,15,1.0
UBC1006,Q5,16,16,1.0
UBC1007,Q1,7,7,1.0
UBC1007,Q2,6,6,1.0
UBC1007,Q3,6,6,1.0
UBC1007,Q4,6,6,1.0
UBC1007,Q5,7,7,1.0
UBC1008,Q1,6,5,0.8333333333333334
UBC1008,Q2,6,6,1.0
UBC1008,Q3,5,5,1.0
UBC1008,Q4,6,6,1.0
UBC1008,Q5,6,6,1.0
UBC1009,Q1,10,10,1.0
UBC1009,Q2,9,9,1.0
UBC1009,Q3,9,9,1.0
UBC1009,Q4,9,9,1.0
UBC1009,Q5,9,9,1.0
UBC1010,Q1,10,10,1.0
UBC1010,Q2,9,9,1.0
UBC1010,Q3,9,9,1.0
UBC1010,Q4,9,8,0.8888888888888888
UBC1010,Q5,9,9,1.0
UBC1011,Q1,47,46,0.9787234042553191
UBC1011,Q2,47,45,0.9574468085106383
UBC1011,Q3,47,47,1.0
UBC1011,Q4,47,42,0.8936170212765957
UBC1011,Q5,47,40,0.851063829787234
UBC1012,Q1,9,8,0.8888888888888888
UBC1012,Q2,9,8,0.8888888888888888
UBC1012,Q3,8,8,1.0
UBC1012,Q4,9,9,1.0
UBC1012,Q5,9,9,1.0
UBC1013,Q1,10,10,1.0
UBC1013,Q2,10,10,1.0
UBC1013,Q3,10,9,0.9
UBC1013,Q4,10,10,1.0
UBC1013,Q5,10,10,1.0
UBC1014,Q1,6,6,1.0
UBC1014,Q2,5,5,1.0
UBC1014,Q3,6,6,1.0
UBC1014,Q4,5,5,1.0
UBC1014,Q5,6,6,1.0
UBC1015,Q1,113,92,0.8141592920353983
UBC1015,Q2,113,86,0.7610619469026548
UBC1015,Q3,113,70,0.6194690265486725
UBC1015,Q4,113,57,0.504424778761062
UBC1015,Q5,113,55,0.48672566371681414
UBC1016,Q1,5,5,1.0
UBC1016,Q2,4,4,1.0
UBC1016,Q3,4,4,1.0
UBC1016,Q4,4,4,1.0
UBC1016,Q5,5,4,0.8
UBC1017,Q1,6,6,1.0
UBC1017,Q2,5,5,1.0
UBC1017,Q3,5,5,1.0
UBC1017,Q4,5,5,1.0
UBC1017,Q5,5,5,1.0
UBC1018,Q1,31,31,1.0
UBC1018,Q2,31,29,0.9354838709677419
UBC1018,Q3,30,29,0.9666666666666667
UBC1018,Q4,31,29,0.9354838709677419
UBC1018,Q5,31,30,0.967741935483871
UBC1019,Q1,16,16,1.0
UBC1019,Q2,15,15,1.0
UBC1019,Q3,16,16,1.0
UBC1019,Q4,15,12,0.8
UBC1019,Q5,16,16,1.0
UBC1020,Q1,23,23,1.0
UBC1020,Q2,22,21,0.9545454545454546
UBC1020,Q3,22,22,1.0
UBC1020,Q4,22,22,1.0
UBC1020,Q5,22,21,0.9545454545454546
UBC1021,Q1,5,5,1.0
UBC1021,Q2,5,5,1.0
UBC1021,Q3,4,4,1.0
UBC1021,Q4,5,5,1.0
UBC1021,Q5,5,5,1.0
UBC1022,Q1,8,5,0.625
UBC1022,Q2,7,4,0.5714285714285714
UBC1022,Q3,8,6,0.75
UBC1022,Q4,7,3,0.42857142857142855
UBC1022,Q5,8,7,0.875
UBC1023,Q1,8,8,1.0
UBC1023,Q2,8,8,1.0
UBC1023,Q3,8,8,1.0
UBC1023,Q4,8,8,1.0
UBC1023,Q5,8,8,1.0
UBC1024,Q1,27,23,0.8518518518518519
UBC1024,Q2,26,22,0.8461538461538461
UBC1024,Q3,27,26,0.9629629629629629
UBC1024,Q4,26,25,0.9615384615384616
UBC1024,Q5,27,22,0.8148148148148148
UBC1025,Q1,6,6,1.0
UBC1025,Q2,5,5,1.0
UBC1025,Q3,5,5,1.0
UBC1025,Q4,5,4,0.8
UBC1025,Q5,5,4,0.8
UBC1026,Q1,5,5,1.0
UBC1026,Q2,5,5,1.0
UBC1026,Q3,4,4,1.0
UBC1026,Q4,5,5,1.0
UBC1026,Q5,5,5,1.0
UBC1027,Q1,46,43,0.9347826086956522
UBC1027,Q2,46,40,0.8695652173913043
UBC1027,Q3,45,45,1.0
UBC1027,Q4,46,43,0.9347826086956522
UBC1027,Q5,46,38,0.8260869565217391
UBC1028,Q1,4,4,1.0
UBC1028,Q2,4,4,1.0
UBC1028,Q3,4,4,1.0
UBC1028,Q4,4,4,1.0
UBC1028,Q5,4,4,1.0
UBC1029,Q1,10,10,1.0
UBC1029,Q2,9,7,0.7777777777777778
UBC1029,Q3,9,8,0.8888888888888888
UBC1029,Q4,9,9,1.0
UBC1029,Q5,10,9,0.9
UBC1030,Q1,5,5,1.0
UBC1030,Q2,4,4,1.0
UBC1030,Q3,5,5,1.0
UBC1030,Q4,4,4,1.0
UBC1030,Q5,5,5,1.0
UBC1031,Q1,9,9,1.0
UBC1031,Q2,9,8,0.8888888888888888
UBC1031,Q3,9,7,0.7777777777777778
UBC1031,Q4,9,9,1.0
UBC1031,Q5,9,9,1.0
UBC1032,Q1,4,4,1.0
UBC1032,Q2,3,3,1.0
UBC1032,Q3,3,3,1.0
UBC1032,Q4,3,3,1.0
UBC1032,Q5,3,3,1.0
UBC1033,Q1,7,7,1.0
UBC1033,Q2,7,6,0.8571428571428571
UBC1033,Q3,6,6,1.0
UBC1033,Q4,7,7,1.0
UBC1033,Q5,7,6,0.8571428571428571
UBC1034,Q1,9,9,1.0
UBC1034,Q2,9,9,1.0
UBC1034,Q3,9,9,1.0
UBC1034,Q4,9,9,1.0
UBC1034,Q5,9,9,1.0
UBC1035,Q1,23,20,0.8695652173913043
UBC1035,Q2,22,20,0.9090909090909091
UBC1035,Q3,22,20,0.9090909090909091
UBC1035,Q4,22,19,0.8636363636363636
UBC1035,Q5,23,20,0.8695652173913043
UBC1036,Q1,23,22,0.9565217391304348
UBC1036,Q2,22,19,0.8636363636363636
UBC1036,Q3,22,22,1.0
UBC1036,Q4,22,22,1.0
UBC1036,Q5,23,22,0.9565217391304348
UBC1037,Q1,17,15,0.8823529411764706
UBC1037,Q2,17,17,1.0
UBC1037,Q3,17,17,1.0
UBC1037,Q4,17,17,1.0
UBC1037,Q5,17,17,1.0
UBC1038,Q1,11,10,0.9090909090909091
UBC1038,Q2,10,10,1.0
UBC1038,Q3,10,10,1.0
UBC1038,Q4,10,10,1.0
UBC1038,Q5,10,9,0.9
UBC1039,Q1,12,10,0.8333333333333334
UBC1039,Q2,11,11,1.0
UBC1039,Q3,12,12,1.0
UBC1039,Q4,11,11,1.0
UBC1039,Q5,12,12,1.0
UBC1040,Q1,8,8,1.0
UBC1040,Q2,8,8,1.0
UBC1040,Q3,8,8,1.0
UBC1040,Q4,8,8,1.0
UBC1040,Q5,8,8,1.0
UBC1041,Q1,7,6,0.8571428571428571
UBC1041,Q2,7,6,0.8571428571428571
UBC1041,Q3,7,6,0.8571428571428571
UBC1041,Q4,7,7,1.0
UBC1041,Q5,7,5,0.7142857142857143
UBC1042,Q1,19,17,0.8947368421052632
UBC1042,Q2,19,17,0.8947368421052632
UBC1042,Q3,19,16,0.8421052631578947
UBC1042,Q4,19,17,0.8947368421052632
UBC1042,Q5,19,18,0.9473684210526315
UBC1043,Q1,7,6,0.8571428571428571
UBC1043,Q2,6,6,1.0
UBC1043,Q3,6,6,1.0
UBC1043,Q4,6,5,0.8333333333333334
UBC1043,Q5,6,5,0.8333333333333334
UBC1044,Q1,6,6,1.0
UBC1044,Q2,6,6,1.0
UBC1044,Q3,6,6,1.0
UBC1044,Q4,6,6,1.0
UBC1044,Q5,6,6,1.0
UBC1045,Q1,11,10,0.9090909090909091
UBC1045,Q2,11,11,1.0
UBC1045,Q3,10,10,1.0
UBC1045,Q4,11,11,1.0
UBC1045,Q5,11,10,0.9090909090909091
UBC1046,Q1,7,7,1.0
UBC1046,Q2,6,6,1.0
UBC1046,Q3,6,6,1.0
UBC1046,Q4,6,6,1.0
UBC1046,Q5,6,6,1.0
UBC1047,Q1,7,6,0.8571428571428571
UBC1047,Q2,7,7,1.0
UBC1047,Q3,6,6,1.0
UBC1047,Q4,7,7,1.0
UBC1047,Q5,7,7,1.0
UBC1048,Q1,12,12,1.0
UBC1048,Q2,11,11,1.0
UBC1048,Q3,12,11,0.9166666666666666
UBC1048,Q4,11,10,0.9090909090909091
UBC1048,Q5,12,12,1.0
UBC1049,Q1,47,3,0.06382978723404255
UBC1049,Q2,46,3,0.06521739130434782
UBC1049,Q3,46,3,0.06521739130434782
UBC1049,Q4,46,7,0.15217391304347827
UBC1049,Q5,46,4,0.08695652173913043
UBC1050,Q1,6,6,1.0
UBC1050,Q2,5,5,1.0
UBC1050,Q3,5,5,1.0
UBC1050,Q4,5,5,1.0
UBC1050,Q5,6,6,1.0
UBC1051,Q1,16,16,1.0
UBC1051,Q2,16,15,0.9375
UBC1051,Q3,16,15,0.9375
UBC1051,Q4,16,16,1.0
UBC1051,Q5,16,16,1.0
UBC1052,Q1,7,6,0.8571428571428571
UBC1052,Q2,6,6,1.0
UBC1052,Q3,6,6,1.0
UBC1052,Q4,6,6,1.0
UBC1052,Q5,6,6,1.0
UBC1053,Q1,13,10,0.7692307692307693
UBC1053,Q2,12,12,1.0
UBC1053,Q3,12,12,1.0
UBC1053,Q4,12,12,1.0
UBC1053,Q5,13,12,0.9230769230769231
UBC1054,Q1,6,6,1.0
UBC1054,Q2,5,5,1.0
UBC1054,Q3,5,5,1.0
UBC1054,Q4,5,5,1.0
UBC1054,Q5,6,4,0.6666666666666666
UBC1055,Q1,10,10,1.0
UBC1055,Q2,10,10,1.0
UBC1055,Q3,9,9,1.0
UBC1055,Q4,10,10,1.0
UBC1055,Q5,10,9,0.9
UBC1056,Q1,5,5,1.0
UBC1056,Q2,4,4,1.0
UBC1056,Q3,4,3,0.75
UBC1056,Q4,4,4,1.0
UBC1056,Q5,5,5,1.0
UBC1057,Q1,36,33,0.9166666666666666
UBC1057,Q2,36,36,1.0
UBC1057,Q3,35,33,0.9428571428571428
UBC1057,Q4,36,33,0.9166666666666666
UBC1057,Q5,36,34,0.9444444444444444
UBC1058,Q1,9,9,1.0
UBC1058,Q2,9,9,1.0
UBC1058,Q3,9,9,1.0
UBC1058,Q4,9,9,1.0
UBC1058,Q5,9,9,1.0
UBC1059,Q1,6,6,1.0
UBC1059,Q2,5,5,1.0
UBC1059,Q3,6,6,1.0
UBC1059,Q4,5,5,1.0
UBC1059,Q5,6,6,1.0
UBC1060,Q1,10,8,0.8
UBC1060,Q2,9,9,1.0
UBC1060,Q3,9,9,1.0
UBC1060,Q4,9,8,0.8888888888888888
UBC1060,Q5,10,10,1.0
UBC1061,Q1,16,16,1.0
UBC1061,Q2,16,16,1.0
UBC1061,Q3,15,15,1.0
UBC1061,Q4,16,16,1.0
UBC1061,Q5,16,16,1.0
UBC1062,Q1,7,7,1.0
UBC1062,Q2,6,6,1.0
UBC1062,Q3,6,6,1.0
UBC1062,Q4,6,6,1.0
UBC1062,Q5,7,7,1.0
UBC1063,Q1,15,14,0.9333333333333333
UBC1063,Q2,14,13,0.9285714285714286
UBC1063,Q3,14,12,0.8571428571428571
UBC1063,Q4,14,14,1.0
UBC1063,Q5,14,14,1.0
UBC1064,Q1,20,20,1.0
UBC1064,Q2,20,20,1.0
UBC1064,Q3,19,19,1.0
UBC1064,Q4,20,20,1.0
UBC1064,Q5,20,18,0.9
UBC1065,Q1,3,3,1.0
UBC1065,Q2,2,2,1.0
UBC1065,Q3,2,2,1.0
UBC1065,Q4,2,2,1.0
UBC1065,Q5,3,3,1.0
UBC1066,Q1,8,8,1.0
UBC1066,Q2,7,7,1.0
UBC1066,Q3,7,7,1.0
UBC1066,Q4,7,7,1.0
UBC1066,Q5,8,8,1.0
UBC1067,Q1,11,11,1.0
UBC1067,Q2,11,10,0.9090909090909091
UBC1067,Q3,10,9,0.9
UBC1067,Q4,11,11,1.0
UBC1067,Q5,11,9,0.8181818181818182
UBC1068,Q1,6,6,1.0
UBC1068,Q2,6,5,0.8333333333333334
UBC1068,Q3,6,6,1.0
UBC1068,Q4,6,6,1.0
UBC1068,Q5,6,5,0.8333333333333334
UBC1069,Q1,6,6,1.0
UBC1069,Q2,5,5,1.0
UBC1069,Q3,6,6,1.0
UBC1069,Q4,5,5,1.0
UBC1069,Q5,6,6,1.0
UBC1070,Q1,4,4,1.0
UBC1070,Q2,3,3,1.0
UBC1070,Q3,3,3,1.0
UBC1070,Q4,3,3,1.0
UBC1070,Q5,4,4,1.0
UBC1071,Q1,4,4,1.0
UBC1071,Q2,3,2,0.6666666666666666
UBC1071,Q3,4,4,1.0
UBC1071,Q4,3,3,1.0
UBC1071,Q5,4,4,1.0
UBC1072,Q1,16,16,1.0
UBC1072,Q2,15,14,0.9333333333333333
UBC1072,Q3,16,15,0.9375
UBC1072,Q4,15,15,1.0
UBC1072,Q5,16,16,1.0
UBC1073,Q1,20,20,1.0
UBC1073,Q2,20,19,0.95
UBC1073,Q3,19,19,1.0
UBC1073,Q4,20,19,0.95
UBC1073,Q5,20,18,0.9
UBC1074,Q1,5,5,1.0
UBC1074,Q2,5,5,1.0
UBC1074,Q3,4,4,1.0
UBC1074,Q4,5,5,1.0
UBC1074,Q5,5,5,1.0
UBC1075,Q1,8,8,1.0
UBC1075,Q2,8,8,1.0
UBC1075,Q3,7,7,1.0
UBC1075,Q4,8,8,1.0
UBC1075,Q5,8,7,0.875
UBC1076,Q1,7,7,1.0
UBC1076,Q2,6,6,1.0
UBC1076,Q3,6,6,1.0
UBC1076,Q4,6,6,1.0
UBC1076,Q5,7,7,1.0
UBC1077,Q1,13,12,0.9230769230769231
UBC1077,Q2,12,10,0.8333333333333334
UBC1077,Q3,12,9,0.75
UBC1077,Q4,12,11,0.9166666666666666
UBC1077,Q5,12,12,1.0
UBC1078,Q1,10,10,1.0
UBC1078,Q2,9,8,0.8888888888888888
UBC1078,Q3,10,10,1.0
UBC1078,Q4,9,9,1.0
UBC1078,Q5,10,10,1.0
UBC1079,Q1,6,6,1.0
UBC1079,Q2,5,5,1.0
UBC1079,Q3,6,6,1.0
UBC1079,Q4,5,5,1.0
UBC1079,Q5,6,6,1.0
UBC1080,Q1,15,14,0.9333333333333333
UBC1080,Q2,15,15,1.0
UBC1080,Q3,15,15,1.0
UBC1080,Q4,15,15,1.0
UBC1080,Q5,15,15,1.0
UBC1081,Q1,11,9,0.8181818181818182
UBC1081,Q2,10,10,1.0
UBC1081,Q3,10,10,1.0
UBC1081,Q4,10,9,0.9
UBC1081,Q5,11,11,1.0
UBC1082,Q1,8,8,1.0
UBC1082,Q2,7,7,1.0
UBC1082,Q3,7,7,1.0
UBC1082,Q4,7,7,1.0
UBC1082,Q5,8,8,1.0
UBC1083,Q1,4,4,1.0
UBC1083,Q2,3,3,1.0
UBC1083,Q3,4,4,1.0
UBC1083,Q4,3,3,1.0
UBC1083,Q5,4,4,1.0
UBC1084,Q1,7,7,1.0
UBC1084,Q2,6,5,0.8333333333333334
UBC1084,Q3,6,5,0.8333333333333334
UBC1084,Q4,6,6,1.0
UBC1084,Q5,7,7,1.0
UBC1085,Q1,13,13,1.0
UBC1085,Q2,12,11,0.9166666666666666
UBC1085,Q3,12,10,0.8333333333333334
UBC1085,Q4,12,11,0.9166666666666666
UBC1085,Q5,13,12,0.9230769230769231
UBC1086,Q1,8,8,1.0
UBC1086,Q2,7,7,1.0
UBC1086,Q3,7,7,1.0
UBC1086,Q4,7,7,1.0
UBC1086,Q5,8,8,1.0
UBC1087,Q1,4,4,1.0
UBC1087,Q2,4,4,1.0
UBC1087,Q3,3,2,0.6666666666666666
UBC1087,Q4,4,4,1.0
UBC1087,Q5,4,4,1.0
UBC1088,Q1,7,6,0.8571428571428571
UBC1088,Q2,6,6,1.0
UBC1088,Q3,7,7,1.0
UBC1088,Q4,6,6,1.0
UBC1088,Q5,7,7,1.0
UBC1089,Q1,7,7,1.0
UBC1089,Q2,7,6,0.8571428571428571
UBC1089,Q3,7,7,1.0
UBC1089,Q4,7,6,0.8571428571428571
UBC1089,Q5,7,6,0.8571428571428571
UBC1090,Q1,4,4,1.0
UBC1090,Q2,4,4,1.0
UBC1090,Q3,4,4,1.0
UBC1090,Q4,4,4,1.0
UBC1090,Q5,4,3,0.75
UBC1091,Q1,13,12,0.9230769230769231
UBC1091,Q2,12,11,0.9166666666666666
UBC1091,Q3,12,11,0.9166666666666666
UBC1091,Q4,12,11,0.9166666666666666
UBC1091,Q5,12,9,0.75
UBC1092,Q1,6,6,1.0
UBC1092,Q2,5,5,1.0
UBC1092,Q3,6,6,1.0
UBC1092,Q4,5,5,1.0
UBC1092,Q5,6,5,0.8333333333333334
UBC1093,Q1,20,20,1.0
UBC1093,Q2,19,19,1.0
UBC1093,Q3,19,18,0.9473684210526315
UBC1093,Q4,19,19,1.0
UBC1093,Q5,20,20,1.0
UBC1094,Q1,16,16,1.0
UBC1094,Q2,16,16,1.0
UBC1094,Q3,15,14,0.9333333333333333
UBC1094,Q4,16,16,1.0
UBC1094,Q5,16,16,1.0
UBC1095,Q1,9,9,1.0
UBC1095,Q2,8,8,1.0
UBC1095,Q3,9,9,1.0
UBC1095,Q4,8,8,1.0
UBC1095,Q5,9,9,1.0
UBC1096,Q1,6,6,1.0
UBC1096,Q2,5,5,1.0
UBC1096,Q3,5,5,1.0
UBC1096,Q4,5,5,1.0
UBC1096,Q5,5,5,1.0
UBC1097,Q1,5,5,1.0
UBC1097,Q2,4,4,1.0
UBC1097,Q3,4,4,1.0
UBC1097,Q4,4,4,1.0
UBC1097,Q5,5,5,1.0
UBC1098,Q1,4,4,1.0
UBC1098,Q2,4,4,1.0
UBC1098,Q3,3,3,1.0
UBC1098,Q4,4,4,1.0
UBC1098,Q5,4,4,1.0
UBC1099,Q1,8,8,1.0
UBC1099,Q2,7,7,1.0
UBC1099,Q3,8,8,1.0
UBC1099,Q4,7,7,1.0
UBC1099,Q5,8,8,1.0
UBC1100,Q1,10,10,1.0
UBC1100,Q2,9,9,1.0
UBC1100,Q3,9,9,1.0
UBC1100,Q4,9,9,1.0
UBC1100,Q5,10,10,1.0
UBC1101,Q1,12,12,1.0
UBC1101,Q2,11,11,1.0
UBC1101,Q3,12,12,1.0
UBC1101,Q4,11,11,1.0
UBC1101,Q5,12,12,1.0
UBC1102,Q1,9,9,1.0
UBC1102,Q2,9,8,0.8888888888888888
UBC1102,Q3,9,7,0.7777777777777778
UBC1102,Q4,9,6,0.6666666666666666
UBC1102,Q5,9,8,0.8888888888888888
UBC1103,Q1,10,10,1.0
UBC1103,Q2,10,10,1.0
UBC1103,Q3,10,10,1.0
UBC1103,Q4,10,10,1.0
UBC1103,Q5,10,10,1.0
UBC1104,Q1,10,4,0.4
UBC1104,Q2,9,4,0.4444444444444444
UBC1104,Q3,9,6,0.6666666666666666
UBC1104,Q4,9,7,0.7777777777777778
UBC1104,Q5,10,6,0.6
UBC1105,Q1,11,10,0.9090909090909091
UBC1105,Q2,10,10,1.0
UBC1105,Q3,11,10,0.9090909090909091
UBC1105,Q4,10,10,1.0
UBC1105,Q5,11,11,1.0
UBC1106,Q1,7,7,1.0
UBC1106,Q2,7,6,0.8571428571428571
UBC1106,Q3,7,7,1.0
UBC1106,Q4,7,7,1.0
UBC1106,Q5,7,7,1.0
UBC1107,Q1,7,7,1.0
UBC1107,Q2,6,5,0.8333333333333334
UBC1107,Q3,6,6,1.0
UBC1107,Q4,6,6,1.0
UBC1107,Q5,6,6,1.0
UBC1108,Q1,12,12,1.0
UBC1108,Q2,11,10,0.9090909090909091
UBC1108,Q3,11,10,0.9090909090909091
UBC1108,Q4,11,10,0.9090909090909091
UBC1108,Q5,11,11,1.0
UBC1109,Q1,7,7,1.0
UBC1109,Q2,6,6,1.0
UBC1109,Q3,6,5,0.8333333333333334
UBC1109,Q4,6,5,0.8333333333333334
UBC1109,Q5,7,6,0.8571428571428571
UBC1110,Q1,8,8,1.0
UBC1110,Q2,7,7,1.0
UBC1110,Q3,8,8,1.0
UBC1110,Q4,7,7,1.0
UBC1110,Q5,8,8,1.0
UBC1111,Q1,6,6,1.0
UBC1111,Q2,5,5,1.0
UBC1111,Q3,6,6,1.0
UBC1111,Q4,5,5,1.0
UBC1111,Q5,6,6,1.0
UBC1112,Q1,9,7,0.7777777777777778
UBC1112,Q2,9,9,1.0
UBC1112,Q3,9,9,1.0
UBC1112,Q4,9,7,0.7777777777777778
UBC1112,Q5,9,9,1.0
UBC1113,Q1,7,4,0.5714285714285714
UBC1113,Q2,6,6,1.0
UBC1113,Q3,7,7,1.0
UBC1113,Q4,6,4,0.6666666666666666
UBC1113,Q5,7,7,1.0
UBC1114,Q1,5,5,1.0
UBC1114,Q2,5,5,1.0
UBC1114,Q3,4,4,1.0
UBC1114,Q4,5,5,1.0
UBC1114,Q5,5,5,1.0
UBC1115,Q1,8,8,1.0
UBC1115,Q2,7,7,1.0
UBC1115,Q3,7,7,1.0
UBC1115,Q4,7,6,0.8571428571428571
UBC1115,Q5,8,8,1.0
UBC1116,Q1,5,5,1.0
UBC1116,Q2,4,4,1.0
UBC1116,Q3,5,5,1.0
UBC1116,Q4,4,4,1.0
UBC1116,Q5,5,4,0.8
UBC1117,Q1,11,11,1.0
UBC1117,Q2,10,9,0.9
UBC1117,Q3,10,10,1.0
UBC1117,Q4,10,9,0.9
UBC1117,Q5,10,9,0.9
UBC1118,Q1,39,34,0.8717948717948718
UBC1118,Q2,38,35,0.9210526315789473
UBC1118,Q3,38,33,0.868421052631579
UBC1118,Q4,38,28,0.7368421052631579
UBC1118,Q5,38,28,0.7368421052631579
UBC1119,Q1,6,5,0.8333333333333334
UBC1119,Q2,5,5,1.0
UBC1119,Q3,5,5,1.0
UBC1119,Q4,5,5,1.0
UBC1119,Q5,5,5,1.0
UBC1120,Q1,4,4,1.0
UBC1120,Q2,3,3,1.0
UBC1120,Q3,3,3,1.0
UBC1120,Q4,3,3,1.0
UBC1120,Q5,4,4,1.0
UBC1121,Q1,10,10,1.0
UBC1121,Q2,9,8,0.8888888888888888
UBC1121,Q3,9,9,1.0
UBC1121,Q4,9,8,0.8888888888888888
UBC1121,Q5,10,9,0.9
UBC1122,Q1,10,9,0.9
UBC1122,Q2,10,10,1.0
UBC1122,Q3,10,10,1.0
UBC1122,Q4,10,10,1.0
UBC1122,Q5,10,9,0.9
UBC1123,Q1,3,3,1.0
UBC1123,Q2,2,2,1.0
UBC1123,Q3,2,2,1.0
UBC1123,Q4,2,2,1.0
UBC1123,Q5,2,2,1.0
UBC1124,Q1,4,4,1.0
UBC1124,Q2,3,3,1.0
UBC1124,Q3,4,4,1.0
UBC1124,Q4,3,3,1.0
UBC1124,Q5,4,4,1.0
UBC1125,Q1,11,10,0.9090909090909091
UBC1125,Q2,11,11,1.0
UBC1125,Q3,11,8,0.7272727272727273
UBC1125,Q4,11,11,1.0
UBC1125,Q5,11,10,0.9090909090909091
UBC1126,Q1,8,8,1.0
UBC1126,Q2,7,7,1.0
UBC1126,Q3,7,7,1.0
UBC1126,Q4,7,7,1.0
UBC1126,Q5,7,7,1.0
UBC1127,Q1,6,6,1.0
UBC1127,Q2,5,4,0.8
UBC1127,Q3,6,5,0.8333333333333334
UBC1127,Q4,5,5,1.0
UBC1127,Q5,6,5,0.8333333333333334
UBC1128,Q1,5,4,0.8
UBC1128,Q2,4,4,1.0
UBC1128,Q3,4,4,1.0
UBC1128,Q4,4,4,1.0
UBC1128,Q5,5,5,1.0
UBC1129,Q1,5,5,1.0
UBC1129,Q2,5,5,1.0
UBC1129,Q3,4,4,1.0
UBC1129,Q4,5,5,1.0
UBC1129,Q5,5,5,1.0
UBC1130,Q1,13,13,1.0
UBC1130,Q2,13,12,0.9230769230769231
UBC1130,Q3,13,11,0.8461538461538461
UBC1130,Q4,13,12,0.9230769230769231
UBC1130,Q5,13,13,1.0
UBC1131,Q1,14,11,0.7857142857142857
UBC1131,Q2,13,11,0.8461538461538461
UBC1131,Q3,13,8,0.6153846153846154
UBC1131,Q4,13,8,0.6153846153846154
UBC1131,Q5,14,7,0.5
UBC1132,Q1,4,3,0.75
UBC1132,Q2,4,4,1.0
UBC1132,Q3,4,4,1.0
UBC1132,Q4,4,4,1.0
UBC1132,Q5,4,4,1.0
UBC1133,Q1,7,7,1.0
UBC1133,Q2,7,7,1.0
UBC1133,Q3,7,6,0.8571428571428571
UBC1133,Q4,7,7,1.0
UBC1133,Q5,7,7,1.0
UBC1134,Q1,9,9,1.0
UBC1134,Q2,8,8,1.0
UBC1134,Q3,8,8,1.0
UBC1134,Q4,8,8,1.0
UBC1134,Q5,8,8,1.0
UBC1135,Q1,9,9,1.0
UBC1135,Q2,9,9,1.0
UBC1135,Q3,8,8,1.0
UBC1135,Q4,9,9,1.0
UBC1135,Q5,9,9,1.0
UBC1136,Q1,3,3,1.0
UBC1136,Q2,2,2,1.0
UBC1136,Q3,3,3,1.0
UBC1136,Q4,2,2,1.0
UBC1136,Q5,3,3,1.0
UBC1137,Q1,5,5,1.0
UBC1137,Q2,5,5,1.0
UBC1137,Q3,4,3,0.75
UBC1137,Q4,5,5,1.0
UBC1137,Q5,5,5,1.0
UBC1138,Q1,4,4,1.0
UBC1138,Q2,4,4,1.0
UBC1138,Q3,4,3,0.75
UBC1138,Q4,4,4,1.0
UBC1138,Q5,4,4,1.0
UBC1139,Q1,6,6,1.0
UBC1139,Q2,5,5,1.0
UBC1139,Q3,5,5,1.0
UBC1139,Q4,5,5,1.0
UBC1139,Q5,5,5,1.0
UBC1140,Q1,13,12,0.9230769230769231
UBC1140,Q2,12,12,1.0
UBC1140,Q3,12,9,0.75
UBC1140,Q4,12,12,1.0
UBC1140,Q5,12,12,1.0
UBC1141,Q1,9,9,1.0
UBC1141,Q2,8,8,1.0
UBC1141,Q3,8,8,1.0
UBC1141,Q4,8,8,1.0
UBC1141,Q5,9,8,0.8888888888888888
UBC1142,Q1,10,8,0.8
UBC1142,Q2,9,9,1.0
UBC1142,Q3,10,10,1.0
UBC1142,Q4,9,7,0.7777777777777778
UBC1142,Q5,10,8,0.8
UBC1143,Q1,23,23,1.0
UBC1143,Q2,23,22,0.9565217391304348
UBC1143,Q3,22,22,1.0
UBC1143,Q4,23,22,0.9565217391304348
UBC1143,Q5,23,21,0.9130434782608695
UBC1144,Q1,11,11,1.0
UBC1144,Q2,10,10,1.0
UBC1144,Q3,11,11,1.0
UBC1144,Q4,10,10,1.0
UBC1144,Q5,11,11,1.0
UBC1145,Q1,5,5,1.0
UBC1145,Q2,4,4,1.0
UBC1145,Q3,5,5,1.0
UBC1145,Q4,4,3,0.75
UBC1145,Q5,5,5,1.0
UBC1146,Q1,9,9,1.0
UBC1146,Q2,9,9,1.0
UBC1146,Q3,8,7,0.875
UBC1146,Q4,9,7,0.7777777777777778
UBC1146,Q5,9,8,0.8888888888888888
UBC1147,Q1,13,12,0.9230769230769231
UBC1147,Q2,12,12,1.0
UBC1147,Q3,13,13,1.0
UBC1147,Q4,12,12,1.0
UBC1147,Q5,13,13,1.0
UBC1148,Q1,6,6,1.0
UBC1148,Q2,5,5,1.0
UBC1148,Q3,6,6,1.0
UBC1148,Q4,5,5,1.0
UBC1148,Q5,6,6,1.0
UBC1149,Q1,8,8,1.0
UBC1149,Q2,7,7,1.0
UBC1149,Q3,8,8,1.0
UBC1149,Q4,7,7,1.0
UBC1149,Q5,8,8,1.0
UBC1150,Q1,6,4,0.6666666666666666
UBC1150,Q2,5,5,1.0
UBC1150,Q3,5,5,1.0
UBC1150,Q4,5,5,1.0
UBC1150,Q5,5,5,1.0
UBC1151,Q1,7,7,1.0
UBC1151,Q2,6,6,1.0
UBC1151,Q3,6,6,1.0
UBC1151,Q4,6,6,1.0
UBC1151,Q5,6,6,1.0
UBC1152,Q1,7,7,1.0
UBC1152,Q2,6,6,1.0
UBC1152,Q3,7,7,1.0
UBC1152,Q4,6,6,1.0
UBC1152,Q5,7,7,1.0
UBC1153,Q1,3,3,1.0
UBC1153,Q2,2,2,1.0
UBC1153,Q3,2,2,1.0
UBC1153,Q4,2,2,1.0
UBC1153,Q5,2,2,1.0
UBC1154,Q1,8,8,1.0
UBC1154,Q2,7,7,1.0
UBC1154,Q3,8,7,0.875
UBC1154,Q4,7,7,1.0
UBC1154,Q5,8,8,1.0
UBC1155,Q1,4,4,1.0
UBC1155,Q2,3,2,0.6666666666666666
UBC1155,Q3,3,3,1.0
UBC1155,Q4,3,3,1.0
UBC1155,Q5,3,3,1.0
UBC1156,Q1,5,5,1.0
UBC1156,Q2,5,5,1.0
UBC1156,Q3,4,4,1.0
UBC1156,Q4,5,5,1.0
UBC1156,Q5,5,5,1.0
UBC1157,Q1,8,8,1.0
UBC1157,Q2,8,8,1.0
UBC1157,Q3,7,7,1.0
UBC1157,Q4,8,7,0.875
UBC1157,Q5,8,8,1.0
UBC1158,Q1,5,4,0.8
UBC1158,Q2,5,5,1.0
UBC1158,Q3,4,4,1.0
UBC1158,Q4,5,5,1.0
UBC1158,Q5,5,5,1.0
UBC1159,Q1,11,10,0.9090909090909091
UBC1159,Q2,10,10,1.0
UBC1159,Q3,10,10,1.0
UBC1159,Q4,10,10,1.0
UBC1159,Q5,10,10,1.0
UBC1160,Q1,14,13,0.9285714285714286
UBC1160,Q2,14,14,1.0
UBC1160,Q3,14,14,1.0
UBC1160,Q4,14,14,1.0
UBC1160,Q5,14,13,0.9285714285714286
UBC1161,Q1,10,10,1.0
UBC1161,Q2,9,9,1.0
UBC1161,Q3,9,9,1.0
UBC1161,Q4,9,9,1.0
UBC1161,Q5,10,9,0.9
UBC1162,Q1,5,5,1.0
UBC1162,Q2,4,4,1.0
UBC1162,Q3,5,5,1.0
UBC1162,Q4,4,4,1.0
UBC1162,Q5,5,5,1.0
UBC1163,Q1,30,28,0.9333333333333333
UBC1163,Q2,30,28,0.9333333333333333
UBC1163,Q3,30,27,0.9
UBC1163,Q4,30,29,0.9666666666666667
UBC1163,Q5,30,29,0.9666666666666667
UBC1164,Q1,4,4,1.0
UBC1164,Q2,3,3,1.0
UBC1164,Q3,4,4,1.0
UBC1164,Q4,3,3,1.0
UBC1164,Q5,4,4,1.0
UBC1165,Q1,17,12,0.7058823529411765
UBC1165,Q2,16,7,0.4375
UBC1165,Q3,17,7,0.4117647058823529
UBC1165,Q4,16,7,0.4375
UBC1165,Q5,17,10,0.5882352941176471
UBC1166,Q1,5,5,1.0
UBC1166,Q2,5,5,1.0
UBC1166,Q3,4,4,1.0
UBC1166,Q4,5,5,1.0
UBC1166,Q5,5,5,1.0
UBC1167,Q1,5,5,1.0
UBC1167,Q2,4,4,1.0
UBC1167,Q3,5,5,1.0
UBC1167,Q4,4,4,1.0
UBC1167,Q5,5,5,1.0
UBC1168,Q1,9,9,1.0
UBC1168,Q2,8,8,1.0
UBC1168,Q3,8,7,0.875
UBC1168,Q4,8,7,0.875
UBC1168,Q5,8,7,0.875
UBC1169,Q1,16,13,0.8125
UBC1169,Q2,15,12,0.8
UBC1169,Q3,15,13,0.8666666666666667
UBC1169,Q4,15,13,0.8666666666666667
UBC1169,Q5,16,15,0.9375
UBC1170,Q1,5,5,1.0
UBC1170,Q2,4,4,1.0
UBC1170,Q3,4,4,1.0
UBC1170,Q4,4,4,1.0
UBC1170,Q5,4,4,1.0
UBC1171,Q1,3,3,1.0
UBC1171,Q2,2,2,1.0
UBC1171,Q3,3,3,1.0
UBC1171,Q4,2,2,1.0
UBC1171,Q5,3,3,1.0
UBC1172,Q1,14,13,0.9285714285714286
UBC1172,Q2,13,13,1.0
UBC1172,Q3,13,11,0.8461538461538461
UBC1172,Q4,13,13,1.0
UBC1172,Q5,13,11,0.8461538461538461
UBC1173,Q1,6,6,1.0
UBC1173,Q2,5,5,1.0
UBC1173,Q3,5,5,1.0
UBC1173,Q4,5,5,1.0
UBC1173,Q5,5,5,1.0
UBC1174,Q1,3,3,1.0
UBC1174,Q2,3,3,1.0
UBC1174,Q3,2,2,1.0
UBC1174,Q4,3,3,1.0
UBC1174,Q5,3,3,1.0
UBC1175,Q1,10,10,1.0
UBC1175,Q2,9,9,1.0
UBC1175,Q3,10,10,1.0
UBC1175,Q4,9,9,1.0
UBC1175,Q5,10,10,1.0
UBC1176,Q1,4,3,0.75
UBC1176,Q2,4,4,1.0
UBC1176,Q3,3,3,1.0
UBC1176,Q4,4,4,1.0
UBC1176,Q5,4,4,1.0
UBC1177,Q1,8,7,0.875
UBC1177,Q2,7,6,0.8571428571428571
UBC1177,Q3,7,7,1.0
UBC1177,Q4,7,7,1.0
UBC1177,Q5,7,7,1.0
UBC1178,Q1,6,6,1.0
UBC1178,Q2,5,5,1.0
UBC1178,Q3,5,5,1.0
UBC1178,Q4,5,5,1.0
UBC1178,Q5,5,5,1.0
UBC1179,Q1,4,4,1.0
UBC1179,Q2,3,2,0.6666666666666666
UBC1179,Q3,4,4,1.0
UBC1179,Q4,3,3,1.0
UBC1179,Q5,4,4,1.0
UBC1180,Q1,7,7,1.0
UBC1180,Q2,6,6,1.0
UBC1180,Q3,7,7,1.0
UBC1180,Q4,6,6,1.0
UBC1180,Q5,7,7,1.0
UBC1181,Q1,5,5,1.0
UBC1181,Q2,5,5,1.0
UBC1181,Q3,5,3,0.6
UBC1181,Q4,5,5,1.0
UBC1181,Q5,5,4,0.8
UBC1182,Q1,14,14,1.0
UBC1182,Q2,14,12,0.8571428571428571
UBC1182,Q3,13,13,1.0
UBC1182,Q4,14,14,1.0
UBC1182,Q5,14,14,1.0
UBC1183,Q1,7,6,0.8571428571428571
UBC1183,Q2,6,6,1.0
UBC1183,Q3,6,5,0.8333333333333334
UBC1183,Q4,6,4,0.6666666666666666
UBC1183,Q5,7,7,1.0
UBC1184,Q1,11,10,0.9090909090909091
UBC1184,Q2,10,10,1.0
UBC1184,Q3,10,10,1.0
UBC1184,Q4,10,10,1.0
UBC1184,Q5,11,11,1.0
UBC1185,Q1,21,19,0.9047619047619048
UBC1185,Q2,20,20,1.0
UBC1185,Q3,20,19,0.95
UBC1185,Q4,20,20,1.0
UBC1185,Q5,20,19,0.95
UBC1186,Q1,5,5,1.0
UBC1186,Q2,4,4,1.0
UBC1186,Q3,4,4,1.0
UBC1186,Q4,4,4,1.0
UBC1186,Q5,4,4,1.0
UBC1187,Q1,4,4,1.0
UBC1187,Q2,3,2,0.6666666666666666
UBC1187,Q3,4,4,1.0
UBC1187,Q4,3,3,1.0
UBC1187,Q5,4,4,1.0
UBC1188,Q1,3,3,1.0
UBC1188,Q2,2,2,1.0
UBC1188,Q3,3,3,1.0
UBC1188,Q4,2,2,1.0
UBC1188,Q5,3,3,1.0
UBC1189,Q1,7,6,0.8571428571428571
UBC1189,Q2,6,6,1.0
UBC1189,Q3,6,6,1.0
UBC1189,Q4,6,6,1.0
UBC1189,Q5,6,4,0.6666666666666666
UBC1190,Q1,11,11,1.0
UBC1190,Q2,10,9,0.9
UBC1190,Q3,10,10,1.0
UBC1190,Q4,10,10,1.0
UBC1190,Q5,11,11,1.0
UBC1191,Q1,5,5,1.0
UBC1191,Q2,4,4,1.0
UBC1191,Q3,5,5,1.0
UBC1191,Q4,4,4,1.0
UBC1191,Q5,5,5,1.0
UBC1192,Q1,7,4,0.5714285714285714
UBC1192,Q2,7,7,1.0
UBC1192,Q3,6,6,1.0
UBC1192,Q4,7,6,0.8571428571428571
UBC1192,Q5,7,7,1.0
UBC1193,Q1,7,7,1.0
UBC1193,Q2,6,6,1.0
UBC1193,Q3,7,7,1.0
UBC1193,Q4,6,6,1.0
UBC1193,Q5,7,7,1.0
UBC1194,Q1,13,0,0.0
UBC1194,Q2,13,0,0.0
UBC1194,Q3,12,0,0.0
UBC1194,Q4,13,0,0.0
UBC1194,Q5,13,0,0.0
UBC1195,Q1,5,5,1.0
UBC1195,Q2,4,4,1.0
UBC1195,Q3,5,5,1.0
UBC1195,Q4,4,4,1.0
UBC1195,Q5,5,5,1.0
UBC1196,Q1,11,11,1.0
UBC1196,Q2,11,11,1.0
UBC1196,Q3,10,10,1.0
UBC1196,Q4,11,11,1.0
UBC1196,Q5,11,11,1.0
UBC1197,Q1,4,4,1.0
UBC1197,Q2,3,3,1.0
UBC1197,Q3,3,3,1.0
UBC1197,Q4,3,3,1.0
UBC1197,Q5,4,4,1.0
UBC1198,Q1,7,7,1.0
UBC1198,Q2,6,5,0.8333333333333334
UBC1198,Q3,6,6,1.0
UBC1198,Q4,6,6,1.0
UBC1198,Q5,6,6,1.0
UBC1199,Q1,6,6,1.0
UBC1199,Q2,5,5,1.0
UBC1199,Q3,5,5,1.0
UBC1199,Q4,5,4,0.8
UBC1199,Q5,6,5,0.8333333333333334
UBC1200,Q1,9,9,1.0
UBC1200,Q2,9,9,1.0
UBC1200,Q3,8,8,1.0
UBC1200,Q4,9,9,1.0
UBC1200,Q5,9,9,1.0
UBC1201,Q1,9,9,1.0
UBC1201,Q2,9,9,1.0
UBC1201,Q3,9,9,1.0
UBC1201,Q4,9,9,1.0
UBC1201,Q5,9,9,1.0
UBC1202,Q1,11,10,0.9090909090909091
UBC1202,Q2,10,10,1.0
UBC1202,Q3,10,10,1.0
UBC1202,Q4,10,10,1.0
UBC1202,Q5,10,9,0.9
UBC1203,Q1,5,5,1.0
UBC1203,Q2,5,5,1.0
UBC1203,Q3,5,5,1.0
UBC1203,Q4,5,5,1.0
UBC1203,Q5,5,5,1.0
UBC1204,Q1,8,8,1.0
UBC1204,Q2,7,7,1.0
UBC1204,Q3,7,7,1.0
UBC1204,Q4,7,7,1.0
UBC1204,Q5,7,7,1.0
UBC1205,Q1,11,10,0.9090909090909091
UBC1205,Q2,10,10,1.0
UBC1205,Q3,11,11,1.0
UBC1205,Q4,10,9,0.9
UBC1205,Q5,11,10,0.9090909090909091
UBC1206,Q1,4,4,1.0
UBC1206,Q2,3,3,1.0
UBC1206,Q3,3,3,1.0
UBC1206,Q4,3,3,1.0
UBC1206,Q5,3,3,1.0
UBC1207,Q1,5,5,1.0
UBC1207,Q2,4,4,1.0
UBC1207,Q3,5,5,1.0
UBC1207,Q4,4,4,1.0
UBC1207,Q5,5,5,1.0
UBC1208,Q1,5,5,1.0
UBC1208,Q2,4,4,1.0
UBC1208,Q3,5,5,1.0
UBC1208,Q4,4,4,1.0
UBC1208,Q5,5,5,1.0
UBC1209,Q1,38,36,0.9473684210526315
UBC1209,Q2,38,35,0.9210526315789473
UBC1209,Q3,38,35,0.9210526315789473
UBC1209,Q4,38,34,0.8947368421052632
UBC1209,Q5,38,34,0.8947368421052632
UBC1210,Q1,5,5,1.0
UBC1210,Q2,5,5,1.0
UBC1210,Q3,4,4,1.0
UBC1210,Q4,5,5,1.0
UBC1210,Q5,5,4,0.8
UBC1211,Q1,9,9,1.0
UBC1211,Q2,9,9,1.0
UBC1211,Q3,8,7,0.875
UBC1211,Q4,9,9,1.0
UBC1211,Q5,9,8,0.8888888888888888
UBC1212,Q1,5,5,1.0
UBC1212,Q2,5,5,1.0
UBC1212,Q3,5,5,1.0
UBC1212,Q4,5,5,1.0
UBC1212,Q5,5,5,1.0
UBC1213,Q1,4,4,1.0
UBC1213,Q2,4,4,1.0
UBC1213,Q3,4,4,1.0
UBC1213,Q4,4,4,1.0
UBC1213,Q5,4,4,1.0
UBC1214,Q1,5,5,1.0
UBC1214,Q2,4,4,1.0
UBC1214,Q3,4,4,1.0
UBC1214,Q4,4,4,1.0
UBC1214,Q5,4,4,1.0
UBC1215,Q1,10,10,1.0
UBC1215,Q2,9,9,1.0
UBC1215,Q3,10,10,1.0
UBC1215,Q4,9,9,1.0
UBC1215,Q5,10,10,1.0
UBC1216,Q1,6,6,1.0
UBC1216,Q2,6,5,0.8333333333333334
UBC1216,Q3,5,5,1.0
UBC1216,Q4,6,6,1.0
UBC1216,Q5,6,6,1.0
UBC1217,Q1,3,3,1.0
UBC1217,Q2,3,3,1.0
UBC1217,Q3,2,2,1.0
UBC1217,Q4,3,3,1.0
UBC1217,Q5,3,3,1.0
UBC1218,Q1,13,13,1.0
UBC1218,Q2,12,12,1.0
UBC1218,Q3,12,12,1.0
UBC1218,Q4,12,12,1.0
UBC1218,Q5,12,12,1.0
UBC1219,Q1,4,4,1.0
UBC1219,Q2,4,4,1.0
UBC1219,Q3,4,4,1.0
UBC1219,Q4,4,4,1.0
UBC1219,Q5,4,4,1.0
UBC1220,Q1,6,6,1.0
UBC1220,Q2,6,6,1.0
UBC1220,Q3,5,5,1.0
UBC1220,Q4,6,6,1.0
UBC1220,Q5,6,6,1.0
UBC1221,Q1,6,5,0.8333333333333334
UBC1221,Q2,5,5,1.0
UBC1221,Q3,5,5,1.0
UBC1221,Q4,5,5,1.0
UBC1221,Q5,5,5,1.0
UBC1222,Q1,10,8,0.8
UBC1222,Q2,9,9,1.0
UBC1222,Q3,10,10,1.0
UBC1222,Q4,9,9,1.0
UBC1222,Q5,10,10,1.0
UBC1223,Q1,6,6,1.0
UBC1223,Q2,5,5,1.0
UBC1223,Q3,5,5,1.0
UBC1223,Q4,5,5,1.0
UBC1223,Q5,6,6,1.0
UBC1224,Q1,8,6,0.75
UBC1224,Q2,8,7,0.875
UBC1224,Q3,8,8,1.0
UBC1224,Q4,8,7,0.875
UBC1224,Q5,8,7,0.875
UBC1225,Q1,7,7,1.0
UBC1225,Q2,7,6,0.8571428571428571
UBC1225,Q3,6,6,1.0
UBC1225,Q4,7,7,1.0
UBC1225,Q5,7,7,1.0
UBC1226,Q1,10,10,1.0
UBC1226,Q2,10,10,1.0
UBC1226,Q3,10,10,1.0
UBC1226,Q4,10,10,1.0
UBC1226,Q5,10,10,1.0
UBC1227,Q1,3,3,1.0
UBC1227,Q2,2,2,1.0
UBC1227,Q3,2,2,1.0
UBC1227,Q4,2,2,1.0
UBC1227,Q5,2,2,1.0
UBC1228,Q1,6,6,1.0
UBC1228,Q2,5,5,1.0
UBC1228,Q3,5,5,1.0
UBC1228,Q4,5,5,1.0
UBC1228,Q5,6,6,1.0
UBC1229,Q1,4,4,1.0
UBC1229,Q2,4,4,1.0
UBC1229,Q3,3,3,1.0
UBC1229,Q4,4,4,1.0
UBC1229,Q5,4,4,1.0
UBC1230,Q1,4,4,1.0
UBC1230,Q2,3,3,1.0
UBC1230,Q3,4,4,1.0
UBC1230,Q4,3,3,1.0
UBC1230,Q5,4,4,1.0
UBC1231,Q1,6,6,1.0
UBC1231,Q2,5,5,1.0
UBC1231,Q3,5,5,1.0
UBC1231,Q4,5,5,1.0
UBC1231,Q5,5,5,1.0
UBC1232,Q1,8,8,1.0
UBC1232,Q2,8,8,1.0
UBC1232,Q3,8,7,0.875
UBC1232,Q4,8,8,1.0
UBC1232,Q5,8,7,0.875
UBC1233,Q1,9,8,0.8888888888888888
UBC1233,Q2,9,9,1.0
UBC1233,Q3,9,8,0.8888888888888888
UBC1233,Q4,9,9,1.0
UBC1233,Q5,9,8,0.8888888888888888
UBC1234,Q1,10,10,1.0
UBC1234,Q2,10,10,1.0
UBC1234,Q3,9,9,1.0
UBC1234,Q4,10,10,1.0
UBC1234,Q5,10,9,0.9
UBC1235,Q1,4,4,1.0
UBC1235,Q2,4,4,1.0
UBC1235,Q3,4,4,1.0
UBC1235,Q4,4,4,1.0
UBC1235,Q5,4,4,1.0
UBC1236,Q1,23,20,0.8695652173913043
UBC1236,Q2,22,22,1.0
UBC1236,Q3,22,22,1.0
UBC1236,Q4,22,22,1.0
UBC1236,Q5,23,23,1.0
UBC1237,Q1,11,11,1.0
UBC1237,Q2,10,10,1.0
UBC1237,Q3,10,9,0.9
UBC1237,Q4,10,10,1.0
UBC1237,Q5,10,10,1.0
UBC1238,Q1,5,5,1.0
UBC1238,Q2,5,5,1.0
UBC1238,Q3,4,4,1.0
UBC1238,Q4,5,5,1.0
UBC1238,Q5,5,5,1.0
UBC1239,Q1,5,4,0.8
UBC1239,Q2,4,4,1.0
UBC1239,Q3,5,5,1.0
UBC1239,Q4,4,4,1.0
UBC1239,Q5,5,5,1.0
UBC1240,Q1,10,8,0.8
UBC1240,Q2,9,9,1.0
UBC1240,Q3,9,9,1.0
UBC1240,Q4,9,8,0.8888888888888888
UBC1240,Q5,10,10,1.0
UBC1241,Q1,10,9,0.9
UBC1241,Q2,10,10,1.0
UBC1241,Q3,9,9,1.0
UBC1241,Q4,10,10,1.0
UBC1241,Q5,10,10,1.0
UBC1242,Q1,12,12,1.0
UBC1242,Q2,11,11,1.0
UBC1242,Q3,12,12,1.0
UBC1242,Q4,11,11,1.0
UBC1242,Q5,12,12,1.0
UBC1243,Q1,7,7,1.0
UBC1243,Q2,6,6,1.0
UBC1243,Q3,6,6,1.0
UBC1243,Q4,6,5,0.8333333333333334
UBC1243,Q5,6,6,1.0
UBC1244,Q1,22,21,0.9545454545454546
UBC1244,Q2,21,21,1.0
UBC1244,Q3,21,21,1.0
UBC1244,Q4,21,21,1.0
UBC1244,Q5,21,21,1.0
UBC1245,Q1,4,4,1.0
UBC1245,Q2,4,3,0.75
UBC1245,Q3,3,3,1.0
UBC1245,Q4,4,4,1.0
UBC1245,Q5,4,4,1.0
UBC1246,Q1,14,13,0.9285714285714286
UBC1246,Q2,13,11,0.8461538461538461
UBC1246,Q3,13,13,1.0
UBC1246,Q4,13,12,0.9230769230769231
UBC1246,Q5,14,14,1.0
UBC1247,Q1,3,3,1.0
UBC1247,Q2,3,3,1.0
UBC1247,Q3,2,2,1.0
UBC1247,Q4,3,3,1.0
UBC1247,Q5,3,3,1.0
UBC1248,Q1,8,8,1.0
UBC1248,Q2,7,7,1.0
UBC1248,Q3,7,6,0.8571428571428571
UBC1248,Q4,7,7,1.0
UBC1248,Q5,8,8,1.0
UBC1249,Q1,20,18,0.9
UBC1249,Q2,19,19,1.0
UBC1249,Q3,20,20,1.0
UBC1249,Q4,19,19,1.0
UBC1249,Q5,20,20,1.0
UBC1250,Q1,6,5,0.8333333333333334
UBC1250,Q2,5,5,1.0
UBC1250,Q3,6,6,1.0
UBC1250,Q4,5,5,1.0
UBC1250,Q5,6,6,1.0
UBC1251,Q1,4,4,1.0
UBC1251,Q2,4,4,1.0
UBC1251,Q3,3,3,1.0
UBC1251,Q4,4,4,1.0
UBC1251,Q5,4,3,0.75
UBC1252,Q1,5,5,1.0
UBC1252,Q2,4,4,1.0
UBC1252,Q3,4,4,1.0
UBC1252,Q4,4,4,1.0
UBC1252,Q5,5,5,1.0
UBC1253,Q1,9,7,0.7777777777777778
UBC1253,Q2,8,8,1.0
UBC1253,Q3,8,8,1.0
UBC1253,Q4,8,8,1.0
UBC1253,Q5,8,7,0.875
UBC1254,Q1,22,22,1.0
UBC1254,Q2,22,17,0.7727272727272727
UBC1254,Q3,21,19,0.9047619047619048
UBC1254,Q4,22,20,0.9090909090909091
UBC1254,Q5,22,20,0.9090909090909091
UBC1255,Q1,13,12,0.9230769230769231
UBC1255,Q2,12,12,1.0
UBC1255,Q3,13,12,0.9230769230769231
UBC1255,Q4,12,12,1.0
UBC1255,Q5,13,13,1.0
UBC1256,Q1,12,12,1.0
UBC1256,Q2,11,10,0.9090909090909091
UBC1256,Q3,11,11,1.0
UBC1256,Q4,11,11,1.0
UBC1256,Q5,12,12,1.0
UBC1257,Q1,3,3,1.0
UBC1257,Q2,2,2,1.0
UBC1257,Q3,2,2,1.0
UBC1257,Q4,2,2,1.0
UBC1257,Q5,2,2,1.0
UBC1258,Q1,5,5,1.0
UBC1258,Q2,5,5,1.0
UBC1258,Q3,4,4,1.0
UBC1258,Q4,5,5,1.0
UBC1258,Q5,5,5,1.0
UBC1259,Q1,4,4,1.0
UBC1259,Q2,4,4,1.0
UBC1259,Q3,4,4,1.0
UBC1259,Q4,4,4,1.0
UBC1259,Q5,4,4,1.0
UBC1260,Q1,4,4,1.0
UBC1260,Q2,3,3,1.0
UBC1260,Q3,4,4,1.0
UBC1260,Q4,3,3,1.0
UBC1260,Q5,4,4,1.0
UBC1261,Q1,7,7,1.0
UBC1261,Q2,6,6,1.0
UBC1261,Q3,6,6,1.0
UBC1261,Q4,6,6,1.0
UBC1261,Q5,7,7,1.0
UBC1262,Q1,11,11,1.0
UBC1262,Q2,10,10,1.0
UBC1262,Q3,10,7,0.7
UBC1262,Q4,10,10,1.0
UBC1262,Q5,11,10,0.9090909090909091
UBC1263,Q1,8,8,1.0
UBC1263,Q2,8,8,1.0
UBC1263,Q3,7,7,1.0
UBC1263,Q4,8,7,0.875
UBC1263,Q5,8,8,1.0
UBC1264,Q1,8,8,1.0
UBC1264,Q2,7,7,1.0
UBC1264,Q3,7,7,1.0
UBC1264,Q4,7,7,1.0
UBC1264,Q5,8,8,1.0
UBC1265,Q1,10,10,1.0
UBC1265,Q2,9,9,1.0
UBC1265,Q3,10,10,1.0
UBC1265,Q4,9,8,0.8888888888888888
UBC1265,Q5,10,9,0.9
UBC1266,Q1,3,3,1.0
UBC1266,Q2,2,2,1.0
UBC1266,Q3,2,2,1.0
UBC1266,Q4,2,2,1.0
UBC1266,Q5,3,3,1.0
UBC1267,Q1,8,8,1.0
UBC1267,Q2,8,8,1.0
UBC1267,Q3,7,6,0.8571428571428571
UBC1267,Q4,8,6,0.75
UBC1267,Q5,8,7,0.875
UBC1268,Q1,5,5,1.0
UBC1268,Q2,4,4,1.0
UBC1268,Q3,4,4,1.0
UBC1268,Q4,4,4,1.0
UBC1268,Q5,5,5,1.0
UBC1269,Q1,4,4,1.0
UBC1269,Q2,4,4,1.0
UBC1269,Q3,3,3,1.0
UBC1269,Q4,4,4,1.0
UBC1269,Q5,4,4,1.0
UBC1270,Q1,8,8,1.0
UBC1270,Q2,8,8,1.0
UBC1270,Q3,7,7,1.0
UBC1270,Q4,8,8,1.0
UBC1270,Q5,8,8,1.0
UBC1271,Q1,7,7,1.0
UBC1271,Q2,7,7,1.0
UBC1271,Q3,6,6,1.0
UBC1271,Q4,7,7,1.0
UBC1271,Q5,7,6,0.8571428571428571
UBC1272,Q1,6,5,0.8333333333333334
UBC1272,Q2,5,5,1.0
UBC1272,Q3,5,5,1.0
UBC1272,Q4,5,5,1.0
UBC1272,Q5,5,5,1.0
UBC1273,Q1,8,8,1.0
UBC1273,Q2,7,7,1.0
UBC1273,Q3,7,7,1.0
UBC1273,Q4,7,7,1.0
UBC1273,Q5,7,7,1.0
UBC1274,Q1,10,10,1.0
UBC1274,Q2,10,9,0.9
UBC1274,Q3,9,9,1.0
UBC1274,Q4,10,10,1.0
UBC1274,Q5,10,10,1.0
UBC1275,Q1,4,4,1.0
UBC1275,Q2,3,3,1.0
UBC1275,Q3,3,3,1.0
UBC1275,Q4,3,3,1.0
UBC1275,Q5,3,3,1.0
UBC1276,Q1,5,5,1.0
UBC1276,Q2,4,4,1.0
UBC1276,Q3,4,4,1.0
UBC1276,Q4,4,4,1.0
UBC1276,Q5,5,5,1.0
UBC1277,Q1,5,5,1.0
UBC1277,Q2,4,4,1.0
UBC1277,Q3,4,4,1.0
UBC1277,Q4,4,4,1.0
UBC1277,Q5,4,4,1.0
UBC1278,Q1,5,5,1.0
UBC1278,Q2,4,4,1.0
UBC1278,Q3,4,4,1.0
UBC1278,Q4,4,4,1.0
UBC1278,Q5,4,4,1.0
UBC1279,Q1,8,7,0.875
UBC1279,Q2,8,8,1.0
UBC1279,Q3,7,7,1.0
UBC1279,Q4,8,7,0.875
UBC1279,Q5,8,8,1.0
UBC1280,Q1,13,13,1.0
UBC1280,Q2,13,12,0.9230769230769231
UBC1280,Q3,12,12,1.0
UBC1280,Q4,13,12,0.9230769230769231
UBC1280,Q5,13,13,1.0
UBC1281,Q1,4,4,1.0
UBC1281,Q2,3,3,1.0
UBC1281,Q3,3,3,1.0
UBC1281,Q4,3,3,1.0
UBC1281,Q5,4,4,1.0
UBC1282,Q1,4,4,1.0
UBC1282,Q2,3,3,1.0
UBC1282,Q3,3,3,1.0
UBC1282,Q4,3,3,1.0
UBC1282,Q5,3,3,1.0
UBC1283,Q1,7,6,0.8571428571428571
UBC1283,Q2,6,5,0.8333333333333334
UBC1283,Q3,6,6,1.0
UBC1283,Q4,6,6,1.0
UBC1283,Q5,6,5,0.8333333333333334
UBC1284,Q1,4,4,1.0
UBC1284,Q2,4,4,1.0
UBC1284,Q3,3,3,1.0
UBC1284,Q4,4,4,1.0
UBC1284,Q5,4,4,1.0
UBC1285,Q1,7,7,1.0
UBC1285,Q2,6,6,1.0
UBC1285,Q3,6,5,0.8333333333333334
UBC1285,Q4,6,5,0.8333333333333334
UBC1285,Q5,7,6,0.8571428571428571
UBC1286,Q1,6,6,1.0
UBC1286,Q2,6,6,1.0
UBC1286,Q3,5,5,1.0
UBC1286,Q4,6,6,1.0
UBC1286,Q5,6,6,1.0
UBC1287,Q1,7,7,1.0
UBC1287,Q2,6,6,1.0
UBC1287,Q3,6,6,1.0
UBC1287,Q4,6,6,1.0
UBC1287,Q5,6,6,1.0
UBC1288,Q1,2,2,1.0
UBC1288,Q2,2,2,1.0
UBC1288,Q3,2,2,1.0
UBC1288,Q4,2,2,1.0
UBC1288,Q5,2,2,1.0
UBC1289,Q1,10,10,1.0
UBC1289,Q2,9,9,1.0
UBC1289,Q3,9,9,1.0
UBC1289,Q4,9,9,1.0
UBC1289,Q5,9,9,1.0
UBC1290,Q1,12,12,1.0
UBC1290,Q2,11,11,1.0
UBC1290,Q3,11,11,1.0
UBC1290,Q4,11,11,1.0
UBC1290,Q5,11,11,1.0
UBC1291,Q1,5,4,0.8
UBC1291,Q2,4,4,1.0
UBC1291,Q3,5,5,1.0
UBC1291,Q4,4,4,1.0
UBC1291,Q5,5,5,1.0
UBC1292,Q1,12,10,0.8333333333333334
UBC1292,Q2,11,11,1.0
UBC1292,Q3,11,11,1.0
UBC1292,Q4,11,10,0.9090909090909091
UBC1292,Q5,12,11,0.9166666666666666
UBC1293,Q1,5,5,1.0
UBC1293,Q2,4,4,1.0
UBC1293,Q3,4,4,1.0
UBC1293,Q4,4,4,1.0
UBC1293,Q5,4,4,1.0
UBC1294,Q1,7,7,1.0
UBC1294,Q2,7,7,1.0
UBC1294,Q3,6,6,1.0
UBC1294,Q4,7,7,1.0
UBC1294,Q5,7,7,1.0
UBC1295,Q1,4,4,1.0
UBC1295,Q2,3,3,1.0
UBC1295,Q3,4,4,1.0
UBC1295,Q4,3,3,1.0
UBC1295,Q5,4,4,1.0
UBC1296,Q1,13,7,0.5384615384615384
UBC1296,Q2,13,6,0.46153846153846156
UBC1296,Q3,12,3,0.25
UBC1296,Q4,13,9,0.6923076923076923
UBC1296,Q5,13,9,0.6923076923076923
UBC1297,Q1,7,7,1.0
UBC1297,Q2,6,6,1.0
UBC1297,Q3,7,7,1.0
UBC1297,Q4,6,5,0.8333333333333334
UBC1297,Q5,7,6,0.8571428571428571
UBC1298,Q1,7,6,0.8571428571428571
UBC1298,Q2,7,7,1.0
UBC1298,Q3,6,6,1.0
UBC1298,Q4,7,7,1.0
UBC1298,Q5,7,7,1.0
UBC1299,Q1,7,7,1.0
UBC1299,Q2,7,7,1.0
UBC1299,Q3,7,7,1.0
UBC1299,Q4,7,7,1.0
UBC1299,Q5,7,7,1.0
UBC1300,Q1,3,3,1.0
UBC1300,Q2,2,2,1.0
UBC1300,Q3,3,3,1.0
UBC1300,Q4,2,2,1.0
UBC1300,Q5,3,3,1.0
UBC1301,Q1,10,10,1.0
UBC1301,Q2,9,9,1.0
UBC1301,Q3,10,10,1.0
UBC1301,Q4,9,9,1.0
UBC1301,Q5,10,10,1.0
UBC1302,Q1,4,3,0.75
UBC1302,Q2,4,4,1.0
UBC1302,Q3,3,3,1.0
UBC1302,Q4,4,4,1.0
UBC1302,Q5,4,4,1.0
UBC1303,Q1,6,6,1.0
UBC1303,Q2,6,6,1.0
UBC1303,Q3,5,5,1.0
UBC1303,Q4,6,6,1.0
UBC1303,Q5,6,6,1.0
UBC1304,Q1,9,8,0.8888888888888888
UBC1304,Q2,9,8,0.8888888888888888
UBC1304,Q3,8,8,1.0
UBC1304,Q4,9,7,0.7777777777777778
UBC1304,Q5,9,8,0.8888888888888888
UBC1305,Q1,4,4,1.0
UBC1305,Q2,4,4,1.0
UBC1305,Q3,3,3,1.0
UBC1305,Q4,4,4,1.0
UBC1305,Q5,4,4,1.0
UBC1306,Q1,14,13,0.9285714285714286
UBC1306,Q2,14,14,1.0
UBC1306,Q3,14,14,1.0
UBC1306,Q4,14,14,1.0
UBC1306,Q5,14,14,1.0
UBC1307,Q1,12,11,0.9166666666666666
UBC1307,Q2,11,10,0.9090909090909091
UBC1307,Q3,11,11,1.0
UBC1307,Q4,11,11,1.0
UBC1307,Q5,12,12,1.0
UBC1308,Q1,4,4,1.0
UBC1308,Q2,3,3,1.0
UBC1308,Q3,4,4,1.0
UBC1308,Q4,3,3,1.0
UBC1308,Q5,4,4,1.0
UBC1309,Q1,22,21,0.9545454545454546
UBC1309,Q2,22,21,0.9545454545454546
UBC1309,Q3,21,19,0.9047619047619048
UBC1309,Q4,22,21,0.9545454545454546
UBC1309,Q5,22,22,1.0
UBC1310,Q1,4,3,0.75
UBC1310,Q2,4,4,1.0
UBC1310,Q3,3,3,1.0
UBC1310,Q4,4,4,1.0
UBC1310,Q5,4,4,1.0
UBC1311,Q1,6,6,1.0
UBC1311,Q2,5,5,1.0
UBC1311,Q3,6,6,1.0
UBC1311,Q4,5,5,1.0
UBC1311,Q5,6,6,1.0
UBC1312,Q1,6,6,1.0
UBC1312,Q2,5,5,1.0
UBC1312,Q3,5,5,1.0
UBC1312,Q4,5,5,1.0
UBC1312,Q5,5,5,1.0
UBC1313,Q1,7,7,1.0
UBC1313,Q2,7,7,1.0
UBC1313,Q3,7,7,1.0
UBC1313,Q4,7,7,1.0
UBC1313,Q5,7,7,1.0
UBC1314,Q1,14,14,1.0
UBC1314,Q2,13,13,1.0
UBC1314,Q3,13,13,1.0
UBC1314,Q4,13,13,1.0
UBC1314,Q5,13,13,1.0
UBC1315,Q1,9,9,1.0
UBC1315,Q2,8,8,1.0
UBC1315,Q3,8,8,1.0
UBC1315,Q4,8,7,0.875
UBC1315,Q5,9,9,1.0
UBC1316,Q1,6,6,1.0
UBC1316,Q2,5,5,1.0
UBC1316,Q3,6,6,1.0
UBC1316,Q4,5,5,1.0
UBC1316,Q5,6,6,1.0
UBC1317,Q1,6,5,0.8333333333333334
UBC1317,Q2,6,6,1.0
UBC1317,Q3,6,6,1.0
UBC1317,Q4,6,6,1.0
UBC1317,Q5,6,6,1.0
UBC1318,Q1,9,9,1.0
UBC1318,Q2,8,8,1.0
UBC1318,Q3,8,8,1.0
UBC1318,Q4,8,7,0.875
UBC1318,Q5,8,8,1.0
UBC1319,Q1,14,14,1.0
UBC1319,Q2,13,13,1.0
UBC1319,Q3,13,13,1.0
UBC1319,Q4,13,13,1.0
UBC1319,Q5,13,13,1.0
UBC1320,Q1,4,4,1.0
UBC1320,Q2,3,3,1.0
UBC1320,Q3,3,3,1.0
UBC1320,Q4,3,3,1.0
UBC1320,Q5,3,3,1.0
UBC1321,Q1,2,2,1.0
UBC1321,Q2,2,2,1.0
UBC1321,Q3,2,2,1.0
UBC1321,Q4,2,2,1.0
UBC1321,Q5,2,2,1.0
UBC1322,Q1,5,5,1.0
UBC1322,Q2,4,4,1.0
UBC1322,Q3,5,5,1.0
UBC1322,Q4,4,4,1.0
UBC1322,Q5,5,5,1.0
UBC1323,Q1,6,6,1.0
UBC1323,Q2,6,6,1.0
UBC1323,Q3,5,5,1.0
UBC1323,Q4,6,5,0.8333333333333334
UBC1323,Q5,6,6,1.0
UBC1324,Q1,9,9,1.0
UBC1324,Q2,9,8,0.8888888888888888
UBC1324,Q3,8,8,1.0
UBC1324,Q4,9,8,0.8888888888888888
UBC1324,Q5,9,9,1.0
UBC1325,Q1,5,5,1.0
UBC1325,Q2,4,3,0.75
UBC1325,Q3,4,3,0.75
UBC1325,Q4,4,4,1.0
UBC1325,Q5,5,5,1.0
UBC1326,Q1,5,5,1.0
UBC1326,Q2,5,5,1.0
UBC1326,Q3,4,4,1.0
UBC1326,Q4,5,5,1.0
UBC1326,Q5,5,5,1.0
UBC1327,Q1,7,6,0.8571428571428571
UBC1327,Q2,6,6,1.0
UBC1327,Q3,6,6,1.0
UBC1327,Q4,6,5,0.8333333333333334
UBC1327,Q5,6,6,1.0
UBC1328,Q1,3,3,1.0
UBC1328,Q2,3,3,1.0
UBC1328,Q3,3,3,1.0
UBC1328,Q4,3,3,1.0
UBC1328,Q5,3,3,1.0
UBC1329,Q1,5,5,1.0
UBC1329,Q2,4,4,1.0
UBC1329,Q3,4,4,1.0
UBC1329,Q4,4,4,1.0
UBC1329,Q5,5,5,1.0
UBC1330,Q1,12,11,0.9166666666666666
UBC1330,Q2,11,11,1.0
UBC1330,Q3,11,11,1.0
UBC1330,Q4,11,11,1.0
UBC1330,Q5,12,11,0.9166666666666666
UBC1331,Q1,8,7,0.875
UBC1331,Q2,7,7,1.0
UBC1331,Q3,8,8,1.0
UBC1331,Q4,7,7,1.0
UBC1331,Q5,8,7,0.875
UBC1332,Q1,6,6,1.0
UBC1332,Q2,6,6,1.0
UBC1332,Q3,6,6,1.0
UBC1332,Q4,6,6,1.0
UBC1332,Q5,6,5,0.8333333333333334
UBC1333,Q1,6,6,1.0
UBC1333,Q2,5,5,1.0
UBC1333,Q3,5,5,1.0
UBC1333,Q4,5,5,1.0
UBC1333,Q5,6,6,1.0
UBC1334,Q1,5,5,1.0
UBC1334,Q2,4,4,1.0
UBC1334,Q3,4,4,1.0
UBC1334,Q4,4,4,1.0
UBC1334,Q5,5,5,1.0
UBC1335,Q1,5,5,1.0
UBC1335,Q2,4,4,1.0
UBC1335,Q3,4,4,1.0
UBC1335,Q4,4,4,1.0
UBC1335,Q5,5,5,1.0
UBC1336,Q1,6,6,1.0
UBC1336,Q2,6,6,1.0
UBC1336,Q3,5,5,1.0
UBC1336,Q4,6,6,1.0
UBC1336,Q5,6,6,1.0
UBC1337,Q1,9,9,1.0
UBC1337,Q2,8,8,1.0
UBC1337,Q3,8,8,1.0
UBC1337,Q4,8,8,1.0
UBC1337,Q5,8,7,0.875
UBC1338,Q1,14,10,0.7142857142857143
UBC1338,Q2,13,10,0.7692307692307693
UBC1338,Q3,14,6,0.42857142857142855
UBC1338,Q4,13,9,0.6923076923076923
UBC1338,Q5,14,8,0.5714285714285714
UBC1339,Q1,21,21,1.0
UBC1339,Q2,20,20,1.0
UBC1339,Q3,20,18,0.9
UBC1339,Q4,20,19,0.95
UBC1339,Q5,21,20,0.9523809523809523
UBC1340,Q1,3,3,1.0
UBC1340,Q2,2,2,1.0
UBC1340,Q3,2,2,1.0
UBC1340,Q4,2,2,1.0
UBC1340,Q5,2,2,1.0
UBC1341,Q1,6,6,1.0
UBC1341,Q2,5,5,1.0
UBC1341,Q3,5,5,1.0
UBC1341,Q4,5,5,1.0
UBC1341,Q5,6,6,1.0
UBC1342,Q1,3,3,1.0
UBC1342,Q2,2,2,1.0
UBC1342,Q3,3,3,1.0
UBC1342,Q4,2,2,1.0
UBC1342,Q5,3,3,1.0
UBC1343,Q1,5,5,1.0
UBC1343,Q2,5,5,1.0
UBC1343,Q3,5,5,1.0
UBC1343,Q4,5,5,1.0
UBC1343,Q5,5,5,1.0
UBC1344,Q1,9,9,1.0
UBC1344,Q2,8,8,1.0
UBC1344,Q3,8,8,1.0
UBC1344,Q4,8,8,1.0
UBC1344,Q5,9,9,1.0
UBC1345,Q1,5,5,1.0
UBC1345,Q2,5,5,1.0
UBC1345,Q3,5,5,1.0
UBC1345,Q4,5,5,1.0
UBC1345,Q5,5,5,1.0
UBC1346,Q1,5,5,1.0
UBC1346,Q2,4,3,0.75
UBC1346,Q3,4,4,1.0
UBC1346,Q4,4,4,1.0
UBC1346,Q5,5,5,1.0
UBC1347,Q1,6,6,1.0
UBC1347,Q2,5,5,1.0
UBC1347,Q3,5,5,1.0
UBC1347,Q4,5,4,0.8
UBC1347,Q5,5,5,1.0
UBC1348,Q1,3,3,1.0
UBC1348,Q2,3,3,1.0
UBC1348,Q3,2,2,1.0
UBC1348,Q4,3,3,1.0
UBC1348,Q5,3,3,1.0
UBC1349,Q1,5,5,1.0
UBC1349,Q2,4,4,1.0
UBC1349,Q3,4,4,1.0
UBC1349,Q4,4,4,1.0
UBC1349,Q5,5,5,1.0
UBC1350,Q1,6,6,1.0
UBC1350,Q2,6,6,1.0
UBC1350,Q3,6,4,0.6666666666666666
UBC1350,Q4,6,6,1.0
UBC1350,Q5,6,6,1.0
UBC1351,Q1,8,8,1.0
UBC1351,Q2,8,8,1.0
UBC1351,Q3,8,8,1.0
UBC1351,Q4,8,8,1.0
UBC1351,Q5,8,6,0.75
UBC1352,Q1,7,7,1.0
UBC1352,Q2,7,6,0.8571428571428571
UBC1352,Q3,6,6,1.0
UBC1352,Q4,7,7,1.0
UBC1352,Q5,7,5,0.7142857142857143
UBC1353,Q1,8,8,1.0
UBC1353,Q2,7,7,1.0
UBC1353,Q3,7,7,1.0
UBC1353,Q4,7,7,1.0
UBC1353,Q5,8,8,1.0
UBC1354,Q1,9,9,1.0
UBC1354,Q2,8,8,1.0
UBC1354,Q3,8,8,1.0
UBC1354,Q4,8,8,1.0
UBC1354,Q5,9,9,1.0
UBC1355,Q1,5,5,1.0
UBC1355,Q2,5,5,1.0
UBC1355,Q3,4,4,1.0
UBC1355,Q4,5,5,1.0
UBC1355,Q5,5,5,1.0
UBC1356,Q1,6,6,1.0
UBC1356,Q2,5,5,1.0
UBC1356,Q3,5,5,1.0
UBC1356,Q4,5,5,1.0
UBC1356,Q5,5,5,1.0
UBC1357,Q1,9,9,1.0
UBC1357,Q2,8,8,1.0
UBC1357,Q3,8,8,1.0
UBC1357,Q4,8,8,1.0
UBC1357,Q5,8,8,1.0
UBC1358,Q1,11,7,0.6363636363636364
UBC1358,Q2,11,8,0.7272727272727273
UBC1358,Q3,10,7,0.7
UBC1358,Q4,11,4,0.36363636363636365
UBC1358,Q5,11,2,0.18181818181818182
UBC1359,Q1,4,4,1.0
UBC1359,Q2,4,4,1.0
UBC1359,Q3,3,3,1.0
UBC1359,Q4,4,4,1.0
UBC1359,Q5,4,4,1.0
