Cluster,n_truth,n_release,n_tp,n_fn,n_fp,ks_stat,ks_pvalue,g_median_truth,g_median_release,delta_g_median,g_q90_truth,g_q90_release,delta_g_q90
UBC1001,29,29,29,0,0,0.0,1.0,15.190651,15.190651,0.0,17.074365999999998,17.074365999999998,0.0
UBC1002,71,68,68,3,0,0.022990886495443248,1.0,15.714017,15.711247,-0.002769999999999939,16.83727,16.8544288,0.017158800000000696
UBC1003,44,44,44,0,0,0.0,1.0,15.8766995,15.8766995,0.0,17.1782684,17.1782684,0.0
UBC1004,418,373,373,45,0,0.02138999704965558,0.9999674593496586,16.355164000000002,16.320105,-0.035059000000000395,17.5246162,17.5138308,-0.010785399999999612
UBC1005,31,31,31,0,0,0.0,1.0,15.135001,15.135001,0.0,17.185602,17.185602,0.0
UBC1006,77,77,77,0,0,0.0,1.0,15.924687,15.924687,0.0,17.3960514,17.3960514,0.0
UBC1007,32,32,32,0,0,0.0,1.0,14.8879455,14.8879455,0.0,17.1993688,17.1993688,0.0
UBC1008,29,28,28,1,0,0.029556650246305417,1.0,15.318593,15.44359825,0.12500525000000096,16.9584302,16.9721218,0.013691600000001358
UBC1009,46,46,46,0,0,0.0,1.0,15.548711,15.548711,0.0,17.185473,17.185473,0.0
UBC1010,46,45,45,1,0,0.014009661835748793,1.0,15.006119,14.996842,-0.009277000000000868,16.8080615,16.808286199999998,0.00022469999999685797
UBC1011,235,220,220,15,0,0.028239845261121856,0.9999531453175808,16.402073,16.318266,-0.08380700000000019,17.7357708,17.7094385,-0.026332299999999975
UBC1012,44,42,42,2,0,0.02922077922077922,1.0,15.823567,15.868965500000002,0.04539850000000101,17.214264,17.239478000000002,0.025214000000001846
UBC1013,50,49,49,1,0,0.010612244897959184,1.0,14.016136,13.995324,-0.020811999999999387,16.0611959,16.138918800000003,0.07772290000000126
UBC1014,28,28,28,0,0,0.0,1.0,15.011226,15.011226,0.0,17.1558834,17.1558834,0.0
UBC1015,565,360,360,205,0,0.10147492625368731,0.01975939248979127,16.458641,16.1733075,-0.28533350000000013,17.67769,17.5964156,-0.08127439999999808
UBC1016,22,21,21,1,0,0.045454545454545456,1.0,14.1740105,14.165417,-0.00859349999999992,16.3178592,15.806652,-0.5112072000000012
UBC1017,26,26,26,0,0,0.0,1.0,14.7404975,14.7404975,0.0,16.875981000000003,16.875981000000003,0.0
UBC1018,154,148,148,6,0,0.014742014742014743,1.0,16.59089,16.59089,0.0,17.6811535,17.6957692,0.014615700000000231
UBC1019,78,75,75,3,0,0.024615384615384615,0.9999999999999997,16.2684505,16.221754,-0.046696499999999475,17.4752018,17.4755576,0.00035579999999768575
UBC1020,111,109,109,2,0,0.006529465245061575,1.0,15.833876,15.833876,0.0,17.063187,17.066173799999998,0.002986799999998624
UBC1021,24,24,24,0,0,0.0,1.0,14.0209385,14.0209385,0.0,17.2439645,17.2439645,0.0
UBC1022,38,25,25,13,0,0.06947368421052631,0.9999782840628676,15.7004135,15.690536,-0.009877499999999984,16.7540331,16.9399024,0.18586930000000024
UBC1023,40,40,40,0,0,0.0,1.0,14.390756,14.390756,0.0,16.8640414,16.8640414,0.0
UBC1024,133,118,118,15,0,0.02478654262775583,0.9999999998995287,16.879246,16.8810195,0.0017735000000023149,17.8068522,17.7181562,-0.08869600000000233
UBC1025,26,24,24,2,0,0.0641025641025641,0.9999994478847897,16.425044,16.419609,-0.005434999999998524,17.5607605,17.4656015,-0.09515900000000244
UBC1026,24,24,24,0,0,0.0,1.0,15.604811999999999,15.604811999999999,0.0,17.1243938,17.1243938,0.0
UBC1027,229,209,209,20,0,0.025469589018198534,0.9999975158489877,16.588259,16.574549,-0.013709999999999667,17.561470200000002,17.521327600000003,-0.04014259999999936
UBC1028,20,20,20,0,0,0.0,1.0,16.165906,16.165906,0.0,17.363509,17.363509,0.0
UBC1029,47,43,43,4,0,0.02177140029688273,1.0,15.394695,15.394695,0.0,16.9639944,17.054526400000004,0.09053200000000317
UBC1030,23,23,23,0,0,0.0,1.0,15.394698,15.394698,0.0,16.1506018,16.1506018,0.0
UBC1031,45,42,42,3,0,0.02857142857142857,1.0,16.113054,16.125345000000003,0.012291000000001162,16.9440676,16.949493399999998,0.005425799999997594
UBC1032,16,16,16,0,0,0.0,1.0,15.364547,15.364547,0.0,17.1263285,17.1263285,0.0
UBC1033,34,32,32,2,0,0.02389705882352941,1.0,15.935701000000002,15.935701000000002,0.0,17.762925799999998,17.7746946,0.011768800000002244
UBC1034,45,45,45,0,0,0.0,1.0,15.502342,15.502342,0.0,17.048061999999998,17.048061999999998,0.0
UBC1035,112,99,99,13,0,0.015602453102453102,1.0,16.122092000000002,16.10876,-0.013332000000001898,17.6295175,17.6405872,0.011069700000000182
UBC1036,112,107,107,5,0,0.021528704939919895,0.9999999999999977,16.362959500000002,16.410154,0.04719449999999625,17.5985085,17.598266,-0.00024250000000236582
UBC1037,85,83,83,2,0,0.02154500354358611,1.0,15.561637,15.58469,0.02305300000000088,17.5926214,17.5999942,0.0073728000000024
UBC1038,51,49,49,2,0,0.01720688275310124,1.0,16.377607,16.377607,0.0,17.359398,17.3416508,-0.017747199999998742
UBC1039,58,56,56,2,0,0.029556650246305417,0.9999999999999858,16.098525000000002,16.154192000000002,0.05566699999999969,17.5662935,17.5960265,0.02973300000000023
UBC1040,40,40,40,0,0,0.0,1.0,16.013078,16.013078,0.0,17.762863,17.762863,0.0
UBC1041,35,30,30,5,0,0.03333333333333333,1.0,16.903713,16.796585,-0.10712799999999945,17.5954874,17.5923454,-0.0031420000000004222
UBC1042,95,85,85,10,0,0.022291021671826627,0.9999999999999997,16.27418,16.27418,0.0,17.6112684,17.6112684,0.0
UBC1043,31,28,28,3,0,0.03341013824884793,1.0,15.830098,15.754840999999999,-0.07525700000000057,16.90857,16.842506800000002,-0.06606319999999855
UBC1044,30,30,30,0,0,0.0,1.0,15.254672249999999,15.254672249999999,0.0,16.625890000000002,16.625890000000002,0.0
UBC1045,54,52,52,2,0,0.014957264957264958,1.0,16.338973,16.338973,0.0,17.32453,17.236112499999997,-0.08841750000000204
UBC1046,31,31,31,0,0,0.0,1.0,16.123339,16.123339,0.0,17.472557,17.472557,0.0
UBC1047,34,33,33,1,0,0.026737967914438502,1.0,16.268173,16.362577,0.09440400000000082,17.5132276,17.522589399999998,0.009361799999997089
UBC1048,58,56,56,2,0,0.019088669950738917,1.0,15.868285499999999,15.790799,-0.07748649999999913,17.777496900000003,17.7912515,0.013754599999998618
UBC1049,231,20,20,211,0,0.19307359307359306,0.44026417654817557,16.362959,16.684334,0.32137499999999974,17.743044,17.5055989,-0.23744510000000218
UBC1050,27,27,27,0,0,0.0,1.0,16.268387,16.268387,0.0,17.653517400000002,17.653517400000002,0.0
UBC1051,80,78,78,2,0,0.010576923076923078,1.0,15.7257835,15.7257835,0.0,17.4611323,17.464348899999997,0.0032165999999982375
UBC1052,31,30,30,1,0,0.030107526881720432,1.0,16.172848,16.189014,0.0161660000000019,17.268204,17.2803301,0.012126099999999695
UBC1053,62,58,58,4,0,0.03837597330367074,0.9999999927080191,15.8544645,15.938692,0.08422749999999901,17.4366235,17.4176065,-0.019016999999998063
UBC1054,27,25,25,2,0,0.06518518518518518,0.9999985771635027,15.777818,15.663135,-0.11468299999999942,17.343403600000002,17.114994000000003,-0.2284095999999991
UBC1055,49,48,48,1,0,0.02040816326530612,1.0,15.827337,15.823009500000001,-0.004327499999998707,17.479149800000002,17.4419592,-0.037190600000002405
UBC1056,22,21,21,1,0,0.023809523809523808,1.0,15.207552499999998,15.239716,0.03216350000000112,16.562306200000002,16.569475,0.007168799999998754
UBC1057,179,169,169,10,0,0.01206571683580708,1.0,16.721552,16.65672,-0.06483199999999911,17.688713600000003,17.689236400000002,0.0005227999999988242
UBC1058,45,45,45,0,0,0.0,1.0,15.326839,15.326839,0.0,16.9826256,16.9826256,0.0
UBC1059,28,28,28,0,0,0.0,1.0,16.163496000000002,16.163496000000002,0.0,17.529333,17.529333,0.0
UBC1060,47,44,44,3,0,0.039651837524177946,0.9999999997298852,15.823801,15.864112500000001,0.04031150000000139,17.427570799999998,17.4517769,0.024206100000000674
UBC1061,79,79,79,0,0,0.0,1.0,16.251614,16.251614,0.0,17.615504,17.615504,0.0
UBC1062,32,32,32,0,0,0.0,1.0,17.0978555,17.0978555,0.0,17.7108001,17.7108001,0.0
UBC1063,71,67,67,4,0,0.024385116670170275,1.0,16.67865,16.762812,0.08416199999999918,17.773085,17.8038922,0.0308072000000017
UBC1064,99,97,97,2,0,0.01707799645943976,1.0,15.950068,15.923729,-0.026339000000000112,17.4020914,17.3934034,-0.008687999999999363
UBC1065,12,12,12,0,0,0.0,1.0,16.498960500000003,16.498960500000003,0.0,17.08128,17.08128,0.0
UBC1066,37,37,37,0,0,0.0,1.0,15.920808,15.920808,0.0,17.453424400000003,17.453424400000003,0.0
UBC1067,54,50,50,4,0,0.03259259259259259,0.9999999999996854,16.8314725,16.8098765,-0.02159599999999884,17.6736367,17.5906247,-0.08301200000000009
UBC1068,30,31,28,2,3,0.06451612903225806,0.9999898366874173,15.8845575,15.987177,0.1026195000000012,17.3792136,17.512257,0.1330434000000018
UBC1069,28,28,28,0,0,0.0,1.0,15.9902645,15.9902645,0.0,16.8396045,16.8396045,0.0
UBC1070,17,17,17,0,0,0.0,1.0,15.120017,15.120017,0.0,17.0715592,17.0715592,0.0
UBC1071,18,17,17,1,0,0.0392156862745098,1.0,15.9832565,16.144674,0.16141749999999888,17.259322100000002,17.3047708,0.0454486999999979
UBC1072,78,76,76,2,0,0.014844804318488529,1.0,15.890793,15.934984,0.04419099999999965,17.4170967,17.436822499999998,0.019725799999999793
UBC1073,99,95,95,4,0,0.020095693779904306,0.9999999999999999,15.752444,15.703771,-0.048673000000000854,17.1710572,17.1374674,-0.033589800000001446
UBC1074,24,24,24,0,0,0.0,1.0,15.229243,15.229243,0.0,16.8164138,16.8164138,0.0
UBC1075,39,38,38,1,0,0.024291497975708502,1.0,16.339397,16.319248,-0.020148999999999972,17.4072468,17.3061467,-0.10110010000000003
UBC1076,32,32,32,0,0,0.0,1.0,15.557824,15.557824,0.0,17.690045,17.690045,0.0
UBC1077,61,54,54,7,0,0.046751669702489375,0.9999976560260591,16.831923,16.852124,0.020201000000000136,17.802807,17.8066311,0.00382409999999922
UBC1078,48,47,47,1,0,0.01374113475177305,1.0,16.1122705,16.196482,0.08421149999999855,17.4309355,17.438701,0.007765499999997871
UBC1079,28,28,28,0,0,0.0,1.0,15.4927435,15.4927435,0.0,17.2673038,17.2673038,0.0
UBC1080,75,74,74,1,0,0.010990990990990991,1.0,16.402887,16.4086645,0.005777500000000657,17.532247599999998,17.5323332,8.56000000020174e-05
UBC1081,52,49,49,3,0,0.03021978021978022,0.9999999999999901,16.554346000000002,16.562992,0.008645999999998821,17.5488791,17.580293400000002,0.03141430000000156
UBC1082,37,37,37,0,0,0.0,1.0,16.449333,16.449333,0.0,17.6179554,17.6179554,0.0
UBC1083,18,18,18,0,0,0.0,1.0,15.151045,15.151045,0.0,16.9232758,16.9232758,0.0
UBC1084,32,30,30,2,0,0.0375,0.9999999999999993,15.970305499999998,16.0044045,0.03409900000000121,17.7567255,17.7749615,0.018235999999998143
UBC1085,62,57,57,5,0,0.030560271646859084,0.9999999999997361,16.790273499999998,16.666496,-0.12377749999999921,17.726175899999998,17.732994599999998,0.006818700000000177
UBC1086,37,37,37,0,0,0.0,1.0,16.311499,16.311499,0.0,17.724401999999998,17.724401999999998,0.0
UBC1087,19,18,18,1,0,0.029239766081871343,1.0,15.376962,15.380436,0.003473999999998867,17.0506052,17.0867703,0.036165100000001615
UBC1088,33,32,32,1,0,0.026515151515151516,1.0,15.555833,15.601773,0.04593999999999987,17.6396614,17.6603172,0.020655800000000113
UBC1089,35,32,32,3,0,0.04107142857142857,0.9999999999987492,15.69443,15.6839735,-0.01045650000000009,17.5038338,17.5343312,0.030497400000001562
UBC1090,20,19,19,1,0,0.05,1.0,16.47041,16.443525,-0.026885000000000048,17.1567765,17.027039,-0.12973750000000095
UBC1091,61,54,54,7,0,0.044930176077717064,0.9999991880078567,16.043428,16.0029355,-0.040492499999999154,17.44443,17.410012100000003,-0.03441789999999756
UBC1092,28,27,27,1,0,0.03571428571428571,1.0,15.511571,15.461297,-0.05027399999999993,16.861937599999997,16.5821198,-0.27981779999999645
UBC1093,97,96,96,1,0,0.005584192439862543,1.0,16.081596,16.0466165,-0.03497950000000216,17.626408,17.6265335,0.00012549999999933448
UBC1094,79,78,78,1,0,0.006491398896462187,1.0,16.883862,16.8963415,0.012479499999997756,17.7648008,17.7674012,0.002600399999998615
UBC1095,43,43,43,0,0,0.0,1.0,17.064384,17.064384,0.0,17.7225246,17.7225246,0.0
UBC1096,26,26,26,0,0,0.0,1.0,16.682778,16.682778,0.0,17.6642065,17.6642065,0.0
UBC1097,22,22,22,0,0,0.0,1.0,15.756554000000001,15.756554000000001,0.0,17.6288209,17.6288209,0.0
UBC1098,19,19,19,0,0,0.0,1.0,14.683051,14.683051,0.0,16.7243442,16.7243442,0.0
UBC1099,38,38,38,0,0,0.0,1.0,15.4411475,15.4411475,0.0,17.088219300000002,17.088219300000002,0.0
UBC1100,47,47,47,0,0,0.0,1.0,16.492483,16.492483,0.0,17.3371946,17.3371946,0.0
UBC1101,58,58,58,0,0,0.0,1.0,15.6276555,15.6276555,0.0,17.0864395,17.0864395,0.0
UBC1102,45,38,38,7,0,0.05555555555555555,0.9999963679917199,16.518194,16.432050500000003,-0.0861434999999986,17.6909352,17.694761099999997,0.0038258999999989385
UBC1103,50,287,50,0,237,0.5786759581881533,6.847169412506773e-14,15.245852,17.788103,2.5422510000000003,17.3563893,19.209201399999998,1.8528120999999977
UBC1104,47,27,27,20,0,0.1347517730496454,0.861850257210029,14.476295,14.729833,0.25353799999999893,17.3733268,17.3733268,0.0
UBC1105,53,51,51,2,0,0.019237883832778396,1.0,15.841773,15.926983,0.08521000000000001,16.877436,16.884756,0.007319999999999993
UBC1106,35,34,34,1,0,0.019327731092436976,1.0,15.342095,15.512636,0.17054100000000005,17.2676952,17.3091464,0.04145120000000091
UBC1107,31,30,30,1,0,0.021505376344086023,1.0,16.66223,16.6800445,0.017814500000000066,17.422716,17.454972100000003,0.03225610000000145
UBC1108,56,53,53,3,0,0.02223719676549865,1.0,16.84679,16.84661,-0.00018000000000029104,17.695277500000003,17.6962978,0.0010202999999968654
UBC1109,32,29,29,3,0,0.04202586206896552,0.9999999999996996,16.239137999999997,16.199654,-0.039483999999998076,17.7062918,17.7037074,-0.002584399999999931
UBC1110,38,38,38,0,0,0.0,1.0,16.1817855,16.1817855,0.0,17.7355448,17.7355448,0.0
UBC1111,28,31,28,0,3,0.0967741935483871,0.9941980609342285,16.978206,17.125225,0.14701900000000023,17.919384700000002,17.987068,0.06768329999999878
UBC1112,45,41,41,4,0,0.03143631436314363,1.0,15.684142,15.684142,0.0,17.2913276,17.362022,0.07069440000000071
UBC1113,33,28,28,5,0,0.07467532467532467,0.9998865509731839,16.244513,16.307948500000002,0.06343550000000064,17.3493744,17.4216984,0.07232400000000183
UBC1114,24,24,24,0,0,0.0,1.0,17.303994,17.303994,0.0,17.8525828,17.8525828,0.0
UBC1115,37,36,36,1,0,0.016516516516516516,1.0,16.160421,16.1412315,-0.019189499999999526,17.412906,17.43922,0.026313999999999282
UBC1116,23,22,22,1,0,0.043478260869565216,1.0,15.195515,15.0991425,-0.09637250000000108,17.205194,16.689337799999997,-0.5158562000000018
UBC1117,51,48,48,3,0,0.024509803921568627,1.0,16.120548,16.114274,-0.00627399999999767,17.613388,17.590253,-0.023134999999999906
UBC1118,191,158,158,33,0,0.05106368877990589,0.9658497851666749,16.37987,16.1809205,-0.19894950000000122,17.67091,17.666909200000003,-0.004000799999996474
UBC1119,26,25,25,1,0,0.033846153846153845,1.0,15.363753500000001,15.433094,0.06934049999999914,17.1932415,17.2161522,0.022910700000000617
UBC1120,17,17,17,0,0,0.0,1.0,15.106249,15.106249,0.0,17.25637,17.25637,0.0
UBC1121,47,44,44,3,0,0.020793036750483558,1.0,16.42081,16.414357,-0.006453000000000486,17.6143052,17.6031765,-0.011128700000000435
UBC1122,50,48,48,2,0,0.015833333333333335,1.0,16.2470395,16.2470395,0.0,17.7936759,17.700494000000003,-0.0931818999999976
UBC1123,11,11,11,0,0,0.0,1.0,14.609235,14.609235,0.0,16.528769,16.528769,0.0
UBC1124,18,18,18,0,0,0.0,1.0,16.3770545,16.3770545,0.0,17.7566074,17.7566074,0.0
UBC1125,55,50,50,5,0,0.02909090909090909,0.9999999999999998,16.164316,16.289478,0.12516199999999955,17.7385378,17.6924888,-0.04604900000000001
UBC1126,36,36,36,0,0,0.0,1.0,16.6160665,16.6160665,0.0,17.803742,17.803742,0.0
UBC1127,28,25,25,3,0,0.03,1.0,15.536777,15.585375,0.04859800000000014,16.8723375,16.971435,0.09909749999999917
UBC1128,22,21,21,1,0,0.04112554112554113,1.0,15.2286575,15.234578,0.005920500000000217,17.015304999999998,17.024302,0.00899700000000081
UBC1129,24,24,24,0,0,0.0,1.0,13.6717045,13.6717045,0.0,16.146652399999997,16.146652399999997,0.0
UBC1130,65,61,61,4,0,0.025220680958385876,1.0,15.554975,15.554975,0.0,17.7332564,17.79077,0.057513600000000054
UBC1131,67,45,45,22,0,0.1077943615257048,0.8689150302525807,16.850813,16.651087,-0.1997259999999983,17.837412,17.83244,-0.004972000000002197
UBC1132,20,19,19,1,0,0.04473684210526316,1.0,15.5033675,15.55541,0.05204250000000066,16.909087,16.917285999999997,0.008198999999997625
UBC1133,35,34,34,1,0,0.015966386554621848,1.0,16.59125,16.6031305,0.011880500000000183,17.362911,17.366897,0.003986000000001155
UBC1134,41,41,41,0,0,0.0,1.0,16.183481,16.183481,0.0,17.723839,17.723839,0.0
UBC1135,44,44,44,0,0,0.0,1.0,16.6282145,16.6282145,0.0,17.6989003,17.6989003,0.0
UBC1136,13,13,13,0,0,0.0,1.0,15.428306,15.428306,0.0,16.7236148,16.7236148,0.0
UBC1137,24,23,23,1,0,0.02355072463768116,1.0,16.888935,16.87954,-0.009395000000001374,17.690367300000002,17.7016592,0.0112918999999998
UBC1138,20,19,19,1,0,0.02894736842105263,1.0,14.26787625,14.601021,0.3331447499999989,16.417668600000002,16.4277172,0.01004859999999752
UBC1139,26,26,26,0,0,0.0,1.0,15.8524475,15.8524475,0.0,17.068458,17.068458,0.0
UBC1140,61,57,57,4,0,0.03336209375898763,0.9999999999579089,16.751339,17.00349,0.2521509999999978,17.759129,17.773789400000002,0.014660400000000351
UBC1141,42,41,41,1,0,0.02264808362369338,1.0,15.645459500000001,15.637245,-0.008214500000001124,17.160187899999997,16.989637,-0.1705508999999985
UBC1142,48,43,42,6,1,0.02810077519379845,1.0,16.3865505,16.38544,-0.0011104999999993481,17.477623,17.3901876,-0.08743540000000039
UBC1143,114,110,110,4,0,0.015311004784688996,1.0,16.5734545,16.510199,-0.06325550000000035,17.857628700000003,17.7704515,-0.08717720000000284
UBC1144,53,53,53,0,0,0.0,1.0,17.044928,17.044928,0.0,17.8828764,17.8828764,0.0
UBC1145,23,22,22,1,0,0.03359683794466403,1.0,15.359384,15.248339999999999,-0.11104400000000147,17.3136498,17.329426400000003,0.01577660000000236
UBC1146,44,40,40,4,0,0.045454545454545456,0.9999999925308627,16.676513,16.578138000000003,-0.09837499999999721,17.6300378,17.641757199999997,0.011719399999996938
UBC1147,63,62,62,1,0,0.014336917562724014,1.0,15.97153,15.9872215,0.015691500000000858,17.484825,17.493510999999998,0.008685999999997307
UBC1148,28,28,28,0,0,0.0,1.0,16.721905,16.721905,0.0,17.5694195,17.5694195,0.0
UBC1149,38,38,38,0,0,0.0,1.0,16.7833175,16.7833175,0.0,17.7863932,17.7863932,0.0
UBC1150,26,24,24,2,0,0.0673076923076923,0.9999983689955944,15.297766,15.44926825,0.15150225000000006,17.656022,17.6848196,0.028797600000000756
UBC1151,31,31,31,0,0,0.0,1.0,16.166128,16.166128,0.0,17.31001,17.31001,0.0
UBC1152,33,33,33,0,0,0.0,1.0,16.218714,16.218714,0.0,17.641367799999998,17.641367799999998,0.0
UBC1153,11,11,11,0,0,0.0,1.0,16.144012,16.144012,0.0,16.965076,16.965076,0.0
UBC1154,38,37,37,1,0,0.014935988620199146,1.0,15.697173,15.551993,-0.14517999999999986,17.0482683,17.0516324,0.0033640999999988708
UBC1155,16,15,15,1,0,0.041666666666666664,1.0,15.833457,15.867271,0.03381400000000134,17.592537,17.604772599999997,0.012235599999996793
UBC1156,24,24,24,0,0,0.0,1.0,15.8173575,15.8173575,0.0,17.301630499999998,17.301630499999998,0.0
UBC1157,39,38,38,1,0,0.017543859649122806,1.0,15.846133,15.829323500000001,-0.016809499999999034,17.4491052,17.464520800000003,0.015415600000000751
UBC1158,24,23,23,1,0,0.03985507246376811,1.0,16.3450565,16.398415,0.05335850000000164,17.6279784,17.6317406,0.003762200000000604
UBC1159,51,50,50,1,0,0.017254901960784313,1.0,16.015615,16.016914,0.001298999999999495,17.338331,17.3612753,0.02294429999999892
UBC1160,70,68,68,2,0,0.01050420168067227,1.0,16.0301525,16.0301525,0.0,17.4961546,17.4965098,0.0003551999999977795
UBC1161,47,46,46,1,0,0.020814061054579093,1.0,17.141073,17.063277999999997,-0.07779500000000183,17.7961256,17.741003999999997,-0.05512160000000321
UBC1162,23,23,23,0,0,0.0,1.0,15.798472,15.798472,0.0,17.6031932,17.6031932,0.0
UBC1163,150,141,141,9,0,0.012907801418439717,1.0,17.113928,17.11076,-0.00316800000000228,17.8116309,17.823519,0.011888100000000179
UBC1164,18,18,18,0,0,0.0,1.0,13.187576,13.187576,0.0,16.213061500000002,16.213061500000002,0.0
UBC1165,83,43,43,40,0,0.10002801905295601,0.9036061351412078,16.020336,16.020336,0.0,17.656532,17.7313088,0.0747768000000022
UBC1166,24,24,24,0,0,0.0,1.0,15.7998665,15.7998665,0.0,17.6862522,17.6862522,0.0
UBC1167,23,23,23,0,0,0.0,1.0,15.142173,15.142173,0.0,17.4425988,17.4425988,0.0
UBC1168,41,38,38,3,0,0.044287548138639284,0.9999999981171,15.858217,15.806248,-0.05196899999999971,17.748312,17.6808775,-0.0674344999999974
UBC1169,77,66,66,11,0,0.04329004329004329,0.9999980032180315,16.391392,16.5114345,0.12004250000000027,17.7025708,17.7054415,0.0028706999999990046
UBC1170,21,21,21,0,0,0.0,1.0,16.23584,16.23584,0.0,17.508146,17.508146,0.0
UBC1171,13,16,13,0,3,0.15865384615384615,0.9754418677437044,14.9326,15.059143500000001,0.12654350000000036,17.143083999999998,17.8984305,0.7553465000000017
UBC1172,66,61,61,5,0,0.027819175360158967,0.9999999999999944,16.2946615,16.246502,-0.04815950000000058,17.613289,17.501097,-0.11219200000000029
UBC1173,26,26,26,0,0,0.0,1.0,15.9940335,15.9940335,0.0,16.9642505,16.9642505,0.0
UBC1174,14,15,14,0,1,0.06666666666666667,1.0,15.8560625,16.02616,0.17009750000000068,17.8321371,17.941654800000002,0.10951770000000138
UBC1175,48,48,48,0,0,0.0,1.0,16.251745999999997,16.251745999999997,0.0,17.6312392,17.6312392,0.0
UBC1176,19,18,18,1,0,0.04678362573099415,1.0,15.824227,15.864116500000002,0.03988950000000102,17.423598600000002,17.4682864,0.04468779999999839
UBC1177,36,34,34,2,0,0.04411764705882353,0.9999999996455972,15.5076905,15.705018,0.1973275000000001,17.133157500000003,17.185236500000002,0.0520789999999991
UBC1178,26,26,26,0,0,0.0,1.0,16.121282,16.121282,0.0,17.3275075,17.3275075,0.0
UBC1179,18,17,17,1,0,0.042483660130718956,1.0,16.0197555,16.169157,0.14940149999999974,17.5930424,17.5933292,0.00028679999999781103
UBC1180,33,33,33,0,0,0.0,1.0,16.362783,16.362783,0.0,17.463476200000002,17.463476200000002,0.0
UBC1181,25,22,22,3,0,0.06,0.999999982328043,17.234573,17.193238,-0.04133500000000012,17.695015599999998,17.6819086,-0.013106999999997981
UBC1182,69,67,67,2,0,0.020333117023577763,1.0,16.28717,16.296486,0.009316000000001878,17.455629400000003,17.4790588,0.023429399999997713
UBC1183,32,28,28,4,0,0.04017857142857143,0.9999999999999976,16.159131000000002,16.101255000000002,-0.05787600000000026,17.359317700000002,17.4896273,0.1303095999999968
UBC1184,52,51,51,1,0,0.019230769230769232,1.0,15.5661785,15.58218,0.01600149999999978,17.459476,17.459833,0.0003570000000010509
UBC1185,101,97,97,4,0,0.014494232928447483,1.0,16.236809,16.242712,0.005902999999999992,17.350805,17.348468,-0.0023370000000006996
UBC1186,21,21,21,0,0,0.0,1.0,15.7021885,15.7021885,0.0,17.660948,17.660948,0.0
UBC1187,18,17,17,1,0,0.03594771241830065,1.0,14.7709995,15.028999,0.2579995000000004,16.9074877,16.9114326,0.003944900000000473
UBC1188,13,13,13,0,0,0.0,1.0,14.923329,14.923329,0.0,17.248320200000002,17.248320200000002,0.0
UBC1189,31,28,28,3,0,0.05069124423963134,0.999999995147351,16.554096,16.373838,-0.18025800000000203,17.487259,17.5480063,0.06074729999999917
UBC1190,52,51,51,1,0,0.012066365007541479,1.0,16.472936,16.509394,0.03645799999999966,17.6351044,17.647352,0.012247600000002024
UBC1191,23,23,23,0,0,0.0,1.0,16.531364,16.531364,0.0,17.466265200000002,17.466265200000002,0.0
UBC1192,34,30,30,4,0,0.07254901960784314,0.9999089812796507,16.9012795,16.9318755,0.03059599999999918,17.6724787,17.6814331,0.008954400000000362
UBC1193,33,33,33,0,0,0.0,1.0,15.326795,15.326795,0.0,17.1853902,17.1853902,0.0
UBC1194,64,307,0,64,307,0.5955313517915309,3.4595137240480977e-18,16.1234515,18.021244,1.8977924999999978,17.4085505,19.3023488,1.8937983000000003
UBC1195,23,23,23,0,0,0.0,1.0,15.175882,15.175882,0.0,17.707093399999998,17.707093399999998,0.0
UBC1196,54,54,54,0,0,0.0,1.0,15.87410525,15.87410525,0.0,17.5756758,17.5756758,0.0
UBC1197,17,17,17,0,0,0.0,1.0,15.393928,15.393928,0.0,16.3588104,16.3588104,0.0
UBC1198,31,30,30,1,0,0.02258064516129032,1.0,16.315784,16.3208595,0.005075500000000233,17.702375,17.7069601,0.004585099999999898
UBC1199,27,25,25,2,0,0.047407407407407405,0.9999999999957114,15.983078,15.575271,-0.40780700000000003,17.456626800000002,17.3754172,-0.0812096000000011
UBC1200,44,44,44,0,0,0.0,1.0,16.514750499999998,16.514750499999998,0.0,17.716576,17.716576,0.0
UBC1201,45,45,45,0,0,0.0,1.0,15.190878,15.190878,0.0,17.459976599999997,17.459976599999997,0.0
UBC1202,51,50,49,2,1,0.023529411764705882,1.0,15.570449,15.6270495,0.056600500000000054,17.626863,17.6447434,0.01788039999999924
UBC1203,25,25,25,0,0,0.0,1.0,14.930492,14.930492,0.0,16.961264,16.961264,0.0
UBC1204,36,36,36,0,0,0.0,1.0,15.693893,15.693893,0.0,17.466413000000003,17.466413000000003,0.0
UBC1205,53,50,50,3,0,0.016226415094339624,1.0,16.845274,16.807721,-0.03755299999999906,17.736062200000003,17.745466500000003,0.009404299999999921
UBC1206,16,16,16,0,0,0.0,1.0,16.038185,16.038185,0.0,17.1856195,17.1856195,0.0
UBC1207,23,23,23,0,0,0.0,1.0,15.472478,15.472478,0.0,17.2917512,17.2917512,0.0
UBC1208,23,23,23,0,0,0.0,1.0,15.970723,15.970723,0.0,17.6292324,17.6292324,0.0
UBC1209,190,177,174,16,3,0.010674992566161166,1.0,16.1388555,16.165773,0.026917500000003258,17.359812199999997,17.3747,0.014887800000003892
UBC1210,24,23,23,1,0,0.034420289855072464,1.0,16.607267,16.598598,-0.008669000000001148,17.6236435,17.647706,0.02406249999999943
UBC1211,44,42,42,2,0,0.020562770562770564,1.0,16.5376595,16.5376595,0.0,17.615899,17.5375466,-0.07835239999999999
UBC1212,25,25,25,0,0,0.0,1.0,16.465342,16.465342,0.0,17.4031076,17.4031076,0.0
UBC1213,20,20,20,0,0,0.0,1.0,15.6079025,15.6079025,0.0,16.6670295,16.6670295,0.0
UBC1214,21,21,21,0,0,0.0,1.0,16.333158,16.333158,0.0,17.250774,17.250774,0.0
UBC1215,48,48,48,0,0,0.0,1.0,16.6372215,16.6372215,0.0,17.644037700000002,17.644037700000002,0.0
UBC1216,29,30,28,1,2,0.05747126436781609,0.9999997944423795,15.948903,16.08015,0.1312470000000001,17.6816106,17.6868142,0.005203600000001529
UBC1217,14,14,14,0,0,0.0,1.0,16.191724,16.191724,0.0,16.96799,16.96799,0.0
UBC1218,61,61,61,0,0,0.0,1.0,16.519276,16.519276,0.0,17.697077,17.697077,0.0
UBC1219,20,20,20,0,0,0.0,1.0,16.267498500000002,16.267498500000002,0.0,17.406411300000002,17.406411300000002,0.0
UBC1220,29,29,29,0,0,0.0,1.0,15.842515,15.842515,0.0,17.6715614,17.6715614,0.0
UBC1221,26,25,25,1,0,0.036923076923076927,1.0,16.0444975,16.070557,0.026059500000002345,17.4256555,17.446861000000002,0.021205500000000654
UBC1222,48,46,46,2,0,0.034420289855072464,0.9999999999991047,16.0213685,16.0855375,0.0641689999999997,17.6930765,17.7014975,0.008420999999998457
UBC1223,27,27,27,0,0,0.0,1.0,16.203114,16.203114,0.0,17.6142434,17.6142434,0.0
UBC1224,40,35,35,5,0,0.039285714285714285,0.9999999999996351,16.4885455,16.502548,0.01400250000000014,17.805568200000003,17.8863342,0.080765999999997
UBC1225,34,33,33,1,0,0.022281639928698752,1.0,15.534713499999999,15.544188,0.009474500000001385,16.9326151,16.9474894,0.014874299999998897
UBC1226,50,50,50,0,0,0.0,1.0,16.757229000000002,16.757229000000002,0.0,17.524117200000003,17.524117200000003,0.0
UBC1227,11,11,11,0,0,0.0,1.0,15.712009,15.712009,0.0,17.354153,17.354153,0.0
UBC1228,27,27,27,0,0,0.0,1.0,16.52791,16.52791,0.0,17.724198,17.724198,0.0
UBC1229,19,19,19,0,0,0.0,1.0,16.175001,16.175001,0.0,17.4457912,17.4457912,0.0
UBC1230,18,18,18,0,0,0.0,1.0,15.86769375,15.86769375,0.0,17.3170423,17.3170423,0.0
UBC1231,26,26,26,0,0,0.0,1.0,15.218331,15.218331,0.0,17.1912545,17.1912545,0.0
UBC1232,40,38,38,2,0,0.02368421052631579,1.0,15.954621,15.954621,0.0,17.747755,17.756029,0.008274000000000115
UBC1233,45,42,42,3,0,0.01746031746031746,1.0,15.846387,15.8421325,-0.00425450000000005,17.373543,17.3660119,-0.007531100000001345
UBC1234,49,48,48,1,0,0.016581632653061226,1.0,15.161829,15.133555999999999,-0.028273000000000437,17.1073558,17.1138257,0.006469899999999029
UBC1235,20,20,20,0,0,0.0,1.0,14.9547635,14.9547635,0.0,16.890052500000003,16.890052500000003,0.0
UBC1236,112,109,109,3,0,0.02211664482306684,0.9999999999999732,16.178166500000003,16.25892,0.08075349999999659,17.740898,17.754302,0.013403999999997751
UBC1237,51,223,50,1,173,0.42266772179723905,3.3088065906591363e-07,16.599504,17.516169,0.9166650000000018,17.553473,19.1254856,1.5720126000000008
UBC1238,24,24,24,0,0,0.0,1.0,16.108005499999997,16.108005499999997,0.0,17.3036008,17.3036008,0.0
UBC1239,23,22,22,1,0,0.037549407114624504,1.0,15.912911,16.021365499999998,0.10845449999999879,17.4783088,17.4809294,0.002620600000000195
UBC1240,47,44,44,3,0,0.0367504835589942,0.9999999999893293,16.505545,16.525156000000003,0.019611000000001155,17.7401624,17.7573332,0.017170800000002373
UBC1241,49,48,48,1,0,0.01870748299319728,1.0,16.399818,16.4015165,0.0016984999999998251,17.497427,17.501503,0.004076000000001301
UBC1242,58,58,58,0,0,0.0,1.0,15.8489115,15.8489115,0.0,16.9898241,16.9898241,0.0
UBC1243,31,30,30,1,0,0.02258064516129032,1.0,16.544842,16.5210285,-0.023813499999999266,17.463509,17.475285099999997,0.011776099999998735
UBC1244,106,105,105,1,0,0.008265947888589397,1.0,15.386015,15.389725,0.00370999999999988,17.1188145,17.1272804,0.008465900000000914
UBC1245,19,18,18,1,0,0.03216374269005848,1.0,15.948289,16.2754625,0.3271734999999989,17.40907,17.4112775,0.002207500000000806
UBC1246,67,70,63,4,7,0.06716417910447761,0.9928443946246776,15.761996,15.966348,0.2043520000000001,17.668122399999998,17.7578794,0.08975700000000231
UBC1247,14,15,14,0,1,0.06666666666666667,1.0,16.0948215,16.41859,0.3237684999999999,17.1932716,17.5061596,0.31288800000000094
UBC1248,37,36,36,1,0,0.015015015015015015,1.0,16.522959,16.4649785,-0.057980499999999324,17.5733796,17.5745355,0.0011559000000005426
UBC1249,98,96,96,2,0,0.019345238095238096,1.0,15.893595,15.901854,0.008259000000000682,17.5659349,17.574391499999997,0.008456599999998815
UBC1250,28,27,27,1,0,0.0291005291005291,1.0,15.647313,15.657086,0.009772999999999143,17.589858200000002,17.5900526,0.00019439999999804058
UBC1251,19,18,18,1,0,0.043859649122807015,1.0,15.77284,15.3813625,-0.3914775000000006,17.0504888,17.0706217,0.02013290000000012
UBC1252,22,22,22,0,0,0.0,1.0,16.034112,16.034112,0.0,17.627434100000002,17.627434100000002,0.0
UBC1253,41,38,38,3,0,0.037227214377406934,0.9999999999986559,15.924822,16.0218695,0.0970475000000004,17.41284,17.4323487,0.01950869999999938
UBC1254,109,98,98,11,0,0.026774012357236473,0.9999999999236011,16.363306,16.364357,0.0010509999999968045,17.5710522,17.5716108,0.0005585999999979663
UBC1255,63,61,61,2,0,0.015352589123080927,1.0,16.910275,16.910275,0.0,17.8618194,17.868935,0.0071155999999987785
UBC1256,57,61,56,1,5,0.03537532355478861,0.9999999996393831,15.95309,16.140028,0.18693800000000138,17.747556799999998,17.84559,0.09803320000000326
UBC1257,11,12,11,0,1,0.08333333333333333,1.0,15.573913,15.897529500000001,0.32361650000000175,17.25664,17.4438913,0.1872512999999998
UBC1258,24,24,24,0,0,0.0,1.0,16.4937355,16.4937355,0.0,17.612564799999998,17.612564799999998,0.0
UBC1259,20,20,20,0,0,0.0,1.0,15.85668325,15.85668325,0.0,17.336385200000002,17.336385200000002,0.0
UBC1260,18,18,18,0,0,0.0,1.0,15.493461,15.493461,0.0,16.9021573,16.9021573,0.0
UBC1261,32,32,32,0,0,0.0,1.0,16.4829,16.4829,0.0,17.3726384,17.3726384,0.0
UBC1262,52,48,48,4,0,0.04006410256410257,0.9999999976701491,16.660702,16.5084265,-0.15227550000000178,17.5395183,17.4976101,-0.04190820000000173
UBC1263,39,38,38,1,0,0.018218623481781375,1.0,16.131384,16.03961,-0.09177400000000091,17.444251400000002,17.4561491,0.011897699999998679
UBC1264,37,37,37,0,0,0.0,1.0,16.371859,16.371859,0.0,17.5874052,17.5874052,0.0
UBC1265,48,320,46,2,274,0.4166666666666667,4.845438122047896e-07,16.6673665,17.703611000000002,1.0362445000000022,17.719413,19.0124261,1.2930130999999996
UBC1266,12,13,12,0,1,0.0641025641025641,1.0,15.032654,15.160456,0.12780199999999908,17.1172535,17.192858,0.07560450000000074
UBC1267,39,44,35,4,9,0.1386946386946387,0.7506241208953791,15.464459,15.771058,0.3065990000000003,17.678883600000002,18.0163376,0.3374539999999975
UBC1268,22,22,22,0,0,0.0,1.0,15.984955,15.984955,0.0,17.2901465,17.2901465,0.0
UBC1269,19,19,19,0,0,0.0,1.0,16.19544,16.19544,0.0,17.434144,17.434144,0.0
UBC1270,39,39,39,0,0,0.0,1.0,16.04955,16.04955,0.0,17.3944834,17.3944834,0.0
UBC1271,34,33,33,1,0,0.024955436720142603,1.0,16.560958499999998,16.545301,-0.015657499999999658,17.5462459,17.5496606,0.003414700000000437
UBC1272,26,25,25,1,0,0.03230769230769231,1.0,15.196778,15.268447,0.07166899999999998,17.282956499999997,17.3213268,0.038370300000003965
UBC1273,36,36,36,0,0,0.0,1.0,16.1891375,16.1891375,0.0,17.471845000000002,17.471845000000002,0.0
UBC1274,49,48,48,1,0,0.013605442176870748,1.0,16.664375,16.6789835,0.014608500000001357,17.7623894,17.7633691,0.0009796999999984735
UBC1275,16,16,16,0,0,0.0,1.0,16.431431,16.431431,0.0,17.5814725,17.5814725,0.0
UBC1276,22,22,22,0,0,0.0,1.0,16.331512500000002,16.331512500000002,0.0,17.4072368,17.4072368,0.0
UBC1277,21,21,21,0,0,0.0,1.0,14.629817,14.629817,0.0,16.045471,16.045471,0.0
UBC1278,21,22,21,0,1,0.03896103896103896,1.0,15.744669,15.7782225,0.033553500000000014,17.003658,16.9936696,-0.009988400000001008
UBC1279,39,37,37,2,0,0.024255024255024255,1.0,15.941652,15.941652,0.0,17.6133224,17.670696799999998,0.05737439999999694
UBC1280,64,62,62,2,0,0.010584677419354838,1.0,16.1587545,16.1587545,0.0,17.4553444,17.4613508,0.006006400000000411
UBC1281,17,17,17,0,0,0.0,1.0,15.294591,15.294591,0.0,16.968991,16.968991,0.0
UBC1282,16,16,16,0,0,0.0,1.0,15.5767415,15.5767415,0.0,16.813361,16.813361,0.0
UBC1283,31,28,28,3,0,0.04377880184331797,0.9999999999988152,15.38671,15.4088915,0.022181499999998522,17.164684,17.101059600000003,-0.06362439999999836
UBC1284,19,19,19,0,0,0.0,1.0,16.881607,16.881607,0.0,17.490329,17.490329,0.0
UBC1285,32,29,29,3,0,0.04849137931034483,0.9999999987696014,15.571106499999999,15.496214,-0.07489249999999892,17.181898,17.099410000000002,-0.0824879999999979
UBC1286,29,29,29,0,0,0.0,1.0,16.155785,16.155785,0.0,17.7533882,17.7533882,0.0
UBC1287,31,31,31,0,0,0.0,1.0,16.272541,16.272541,0.0,17.443388,17.443388,0.0
UBC1288,10,10,10,0,0,0.0,1.0,14.9347675,14.9347675,0.0,16.470599,16.470599,0.0
UBC1289,46,46,46,0,0,0.0,1.0,16.031888000000002,16.031888000000002,0.0,17.2174905,17.2174905,0.0
UBC1290,56,56,56,0,0,0.0,1.0,16.643504,16.643504,0.0,17.467091,17.467091,0.0
UBC1291,23,22,22,1,0,0.03557312252964427,1.0,15.873393,15.923691999999999,0.05029899999999898,17.4899868,17.518579900000002,0.028593100000001925
UBC1292,57,53,53,4,0,0.027143330023171135,0.9999999999999999,16.114372,16.114372,0.0,17.3735978,17.3003762,-0.07322160000000011
UBC1293,21,21,21,0,0,0.0,1.0,15.923578,15.923578,0.0,17.154787,17.154787,0.0
UBC1294,34,34,34,0,0,0.0,1.0,15.512678,15.512678,0.0,17.2093654,17.2093654,0.0
UBC1295,18,18,18,0,0,0.0,1.0,15.5742405,15.5742405,0.0,17.3093395,17.3093395,0.0
UBC1296,64,34,34,30,0,0.15625,0.5842899382660204,15.945916,16.558711,0.6127949999999984,17.4636605,17.5235612,0.05990070000000003
UBC1297,33,31,31,2,0,0.04105571847507331,0.9999999999997049,14.181717,14.171541,-0.010176000000001295,17.297652,17.180748,-0.11690399999999812
UBC1298,34,33,33,1,0,0.0285204991087344,1.0,15.894354,15.947831,0.053477000000000885,17.4084151,17.419425399999998,0.011010299999998807
UBC1299,35,35,35,0,0,0.0,1.0,15.596902,15.596902,0.0,16.9974798,16.9974798,0.0
UBC1300,13,14,13,0,1,0.054945054945054944,1.0,16.850601,16.8392315,-0.011369500000000698,17.57692,17.546305,-0.030615000000000947
UBC1301,48,48,48,0,0,0.0,1.0,16.400733000000002,16.400733000000002,0.0,17.8018771,17.8018771,0.0
UBC1302,19,18,18,1,0,0.04678362573099415,1.0,15.286215,15.306605000000001,0.020390000000000796,16.6976242,16.709571800000003,0.011947600000002723
UBC1303,29,29,29,0,0,0.0,1.0,15.166001,15.166001,0.0,17.3476106,17.3476106,0.0
UBC1304,44,43,39,5,4,0.0412262156448203,0.9999999993418306,15.5107905,15.621014,0.11022350000000003,17.0947675,17.1402806,0.04551310000000086
UBC1305,19,19,19,0,0,0.0,1.0,15.762544,15.762544,0.0,17.194138799999998,17.194138799999998,0.0
UBC1306,70,71,69,1,2,0.021529175050301812,1.0,14.8567915,14.908491,0.05169949999999979,16.529530700000002,16.519594,-0.009936700000000798
UBC1307,57,55,55,2,0,0.027432216905901117,0.9999999999999997,16.830017,16.909063,0.07904599999999817,17.7161562,17.718825799999998,0.002669599999997274
UBC1308,18,18,18,0,0,0.0,1.0,13.5327695,13.5327695,0.0,17.005872,17.005872,0.0
UBC1309,109,104,104,5,0,0.01676076217360621,1.0,16.418032,16.4308645,0.012832499999998248,17.5164612,17.5222092,0.0057480000000005305
UBC1310,19,18,18,1,0,0.043859649122807015,1.0,16.56766,16.636903,0.06924300000000017,17.6371412,17.6409868,0.003845600000001781
UBC1311,28,28,28,0,0,0.0,1.0,15.837333000000001,15.837333000000001,0.0,17.468573,17.468573,0.0
UBC1312,26,26,26,0,0,0.0,1.0,15.45948475,15.45948475,0.0,16.9266375,16.9266375,0.0
UBC1313,35,35,35,0,0,0.0,1.0,15.648454,15.648454,0.0,17.337104,17.337104,0.0
UBC1314,66,66,66,0,0,0.0,1.0,16.1520775,16.1520775,0.0,17.397244999999998,17.397244999999998,0.0
UBC1315,42,41,41,1,0,0.016260162601626018,1.0,15.814875,15.808161,-0.006714000000000553,17.1515201,17.16124,0.009719900000000337
UBC1316,28,28,28,0,0,0.0,1.0,16.1293875,16.1293875,0.0,17.3875724,17.3875724,0.0
UBC1317,30,29,29,1,0,0.03218390804597701,1.0,16.86683,16.86838,0.001549999999998164,17.540945,17.550249,0.009304000000000201
UBC1318,41,40,40,1,0,0.015853658536585366,1.0,16.218973,16.198535,-0.020437999999998624,17.07732,17.0906688,0.013348799999999272
UBC1319,66,66,66,0,0,0.0,1.0,15.7176795,15.7176795,0.0,17.365565500000002,17.365565500000002,0.0
UBC1320,16,16,16,0,0,0.0,1.0,15.545832,15.545832,0.0,17.163227,17.163227,0.0
UBC1321,10,12,10,0,2,0.16666666666666666,0.9890883110697353,15.574187,15.878820000000001,0.3046330000000008,16.6827879,17.2598616,0.5770736999999997
UBC1322,23,23,23,0,0,0.0,1.0,16.031546,16.031546,0.0,17.548496,17.548496,0.0
UBC1323,29,28,28,1,0,0.024630541871921183,1.0,15.936171,15.880497,-0.05567399999999978,17.505384399999997,17.530201599999998,0.024817200000001094
UBC1324,44,42,42,2,0,0.017316017316017316,1.0,16.415973,16.415973,0.0,17.3444684,17.3719728,0.02750440000000154
UBC1325,22,20,20,2,0,0.045454545454545456,1.0,14.946569,15.178535,0.2319659999999999,16.8763449,16.9059699,0.029624999999999346
UBC1326,24,24,24,0,0,0.0,1.0,15.911425999999999,15.911425999999999,0.0,17.616845899999998,17.616845899999998,0.0
UBC1327,31,29,29,2,0,0.027808676307007785,1.0,15.14855,15.14855,0.0,16.988155,17.0710366,0.08288160000000033
UBC1328,15,15,15,0,0,0.0,1.0,14.977787,14.977787,0.0,17.001158,17.001158,0.0
UBC1329,22,22,22,0,0,0.0,1.0,15.9442275,15.9442275,0.0,17.375703400000003,17.375703400000003,0.0
UBC1330,57,55,55,2,0,0.014992025518341308,1.0,15.057143,15.057143,0.0,17.6646384,17.541734,-0.12290439999999947
UBC1331,38,36,36,2,0,0.02046783625730994,1.0,16.371736,16.371736,0.0,17.5028857,17.5244055,0.02151980000000009
UBC1332,30,29,29,1,0,0.03103448275862069,1.0,16.247019,16.21583,-0.031189000000001244,17.5362178,17.527435,-0.008782799999998758
UBC1333,27,27,27,0,0,0.0,1.0,15.562884,15.562884,0.0,17.158905800000003,17.158905800000003,0.0
UBC1334,22,22,22,0,0,0.0,1.0,15.067428750000001,15.067428750000001,0.0,16.4843658,16.4843658,0.0
UBC1335,22,22,22,0,0,0.0,1.0,16.034805499999997,16.034805499999997,0.0,16.9004469,16.9004469,0.0
UBC1336,29,29,29,0,0,0.0,1.0,14.998176,14.998176,0.0,16.8578094,16.8578094,0.0
UBC1337,41,40,40,1,0,0.022560975609756097,1.0,14.364677,14.3106785,-0.053998500000000504,16.320549,16.091161500000002,-0.22938749999999786
UBC1338,68,43,43,25,0,0.08515731874145006,0.9789383229080123,16.664183,16.308336,-0.3558470000000007,17.7052902,17.680332,-0.024958200000000375
UBC1339,102,105,98,4,7,0.03305322128851541,0.9999997651941309,16.622235,16.646675,0.024439999999998463,17.766561,17.8202728,0.053711800000002086
UBC1340,11,11,11,0,0,0.0,1.0,16.21169,16.21169,0.0,16.83206,16.83206,0.0
UBC1341,27,27,27,0,0,0.0,1.0,15.89002,15.89002,0.0,17.3106018,17.3106018,0.0
UBC1342,13,13,13,0,0,0.0,1.0,15.435051,15.435051,0.0,16.560453,16.560453,0.0
UBC1343,25,25,25,0,0,0.0,1.0,16.557684,16.557684,0.0,17.778873,17.778873,0.0
UBC1344,42,42,42,0,0,0.0,1.0,15.6134275,15.6134275,0.0,17.0015458,17.0015458,0.0
UBC1345,25,25,25,0,0,0.0,1.0,15.653675,15.653675,0.0,17.0238352,17.0238352,0.0
UBC1346,22,21,21,1,0,0.030303030303030304,1.0,15.843232,15.976448,0.1332159999999991,16.4934339,16.499592,0.006158100000000388
UBC1347,26,25,25,1,0,0.02923076923076923,1.0,15.8522885,15.831941,-0.02034749999999974,17.3368475,17.3553842,0.018536699999998518
UBC1348,14,14,14,0,0,0.0,1.0,14.568652,14.568652,0.0,15.9983875,15.9983875,0.0
UBC1349,22,22,22,0,0,0.0,1.0,16.2338225,16.2338225,0.0,17.538028800000003,17.538028800000003,0.0
UBC1350,30,28,28,2,0,0.030952380952380953,1.0,15.778819,15.778819,0.0,17.515267100000003,17.5155853,0.000318199999998825
UBC1351,40,38,38,2,0,0.04473684210526316,0.999999998191617,16.332503,16.277197,-0.05530599999999808,17.6351035,17.5264229,-0.10868059999999957
UBC1352,34,31,31,3,0,0.04743833017077799,0.9999999978666615,15.6323855,15.571094,-0.06129149999999939,17.3900817,16.850395,-0.5396867000000007
UBC1353,37,37,37,0,0,0.0,1.0,16.316141,16.316141,0.0,17.8997222,17.8997222,0.0
UBC1354,42,42,42,0,0,0.0,1.0,15.993686,15.993686,0.0,17.2059903,17.2059903,0.0
UBC1355,24,24,24,0,0,0.0,1.0,16.473058,16.473058,0.0,17.678512700000002,17.678512700000002,0.0
UBC1356,26,26,26,0,0,0.0,1.0,15.547601,15.547601,0.0,17.414531,17.414531,0.0
UBC1357,41,41,41,0,0,0.0,1.0,15.435956,15.435956,0.0,17.563131,17.563131,0.0
UBC1358,54,28,28,26,0,0.20767195767195767,0.3481167789765531,15.83379775,15.5271,-0.30669774999999966,17.660301800000003,16.8291902,-0.8311116000000034
UBC1359,19,19,19,0,0,0.0,1.0,16.052277,16.052277,0.0,17.5020458,17.5020458,0.0
