cluster,method,n_cone,n_raw_cone,n_quality_rejected,n_true_in_cone,n_pred,precision,recall,f1,contam,runtime_s,center_mode,center_shift_arcmin,objective,tag,extra_1,extra_2
UBC1001,heuristic_cut,5829,5829,0,29,29,1.0,1.0,1.0,0.0,0.0325614999746903,center0,0.0,0.6922052819970896,HC_SINGLE_SIGMA_2.50,475.0,
UBC1002,heuristic_cut,14269,14271,2,69,69,1.0,0.971830985915493,0.9857142857142858,0.0,0.0196957999141886,center0,0.0,0.8636511369521545,HC_SINGLE_SIGMA_2.50,490.0,
UBC1003,heuristic_cut,8844,8844,0,44,44,1.0,1.0,1.0,0.0,0.0165337000507861,center0,0.0,0.7730021123063499,HC_SINGLE_SIGMA_2.50,488.0,
UBC1004,heuristic_cut,20418,20418,0,418,406,1.0,0.971291866028708,0.9854368932038834,0.0,0.025445899926126,center0,0.0,1.8574019875027952,HC_SINGLE_SIGMA_2.50,447.0,
UBC1005,heuristic_cut,6231,6231,0,31,31,1.0,1.0,1.0,0.0,0.0207036000210791,center0,0.0,0.7070677373138192,HC_SINGLE_SIGMA_2.50,488.0,
UBC1006,heuristic_cut,15477,15477,0,77,77,1.0,1.0,1.0,0.0,0.0192594999680295,center0,0.0,0.8918359842536193,HC_SINGLE_SIGMA_2.50,487.0,
UBC1007,heuristic_cut,6432,6432,0,32,32,1.0,1.0,1.0,0.0,0.0119210999691858,center0,0.0,0.708566922075825,HC_SINGLE_SIGMA_2.50,489.0,
UBC1008,heuristic_cut,5829,5829,0,29,29,1.0,1.0,1.0,0.0,0.0097644000779837,center0,0.0,0.6965411455128243,HC_SINGLE_SIGMA_2.50,480.0,
UBC1009,heuristic_cut,9246,9246,0,46,46,1.0,1.0,1.0,0.0,0.0122786000138148,center0,0.0,0.7874308635535434,HC_SINGLE_SIGMA_2.50,484.0,
UBC1010,heuristic_cut,9246,9246,0,46,46,1.0,1.0,1.0,0.0,0.0148221999406814,center0,0.0,0.7826120673733548,HC_SINGLE_SIGMA_2.50,483.0,
UBC1011,heuristic_cut,20235,20235,0,235,235,1.0,1.0,1.0,0.0,0.0236641999799758,center0,0.0,1.2848129586051054,HC_SINGLE_SIGMA_2.50,486.0,
UBC1012,heuristic_cut,8843,8844,1,43,43,1.0,0.9772727272727272,0.9885057471264368,0.0,0.0119529999792575,center0,0.0,0.7727868426377487,HC_SINGLE_SIGMA_2.50,483.0,
UBC1013,heuristic_cut,10049,10050,1,49,49,1.0,0.98,0.98989898989899,0.0,0.0125968999927863,center0,0.0,0.8107625967596434,HC_SINGLE_SIGMA_2.50,482.0,
UBC1014,heuristic_cut,5628,5628,0,28,28,1.0,1.0,1.0,0.0,0.0098370999330654,center0,0.0,0.6898212053696198,HC_SINGLE_SIGMA_2.50,488.0,
UBC1015,heuristic_cut,20564,20565,1,564,422,1.0,0.7469026548672566,0.8551165146909827,0.0,0.0225884000537917,center0,0.0,1.7575848016768705,HC_SINGLE_SIGMA_2.50,457.0,
UBC1016,heuristic_cut,4421,4422,1,21,21,1.0,0.9545454545454546,0.9767441860465116,0.0,0.0115364000666886,center0,0.0,0.6284460484851885,HC_SINGLE_SIGMA_2.50,490.0,
UBC1017,heuristic_cut,5226,5226,0,26,26,1.0,1.0,1.0,0.0,0.0075111999176442,center0,0.0,0.6790818885173522,HC_SINGLE_SIGMA_2.50,486.0,
UBC1018,heuristic_cut,20154,20154,0,154,154,1.0,1.0,1.0,0.0,0.0209227000596001,center0,0.0,1.1052054249212675,HC_SINGLE_SIGMA_2.50,483.0,
UBC1019,heuristic_cut,15678,15678,0,78,78,1.0,1.0,1.0,0.0,0.0214163999771699,center0,0.0,0.8960207974502487,HC_SINGLE_SIGMA_2.50,490.0,
UBC1020,heuristic_cut,20110,20111,1,110,110,1.0,0.990990990990991,0.995475113122172,0.0,0.0327281999634578,center0,0.0,0.9688957684748234,HC_SINGLE_SIGMA_2.50,488.0,
UBC1021,heuristic_cut,4824,4824,0,24,24,1.0,1.0,1.0,0.0,0.0100090000778436,center0,0.0,0.6522303529872534,HC_SINGLE_SIGMA_2.50,488.0,
UBC1022,heuristic_cut,7637,7638,1,37,37,1.0,0.9736842105263158,0.9866666666666666,0.0,0.0130364999640733,center0,0.0,0.7396896757375011,HC_SINGLE_SIGMA_2.50,490.0,
UBC1023,heuristic_cut,8040,8040,0,40,40,1.0,1.0,1.0,0.0,0.0134315999457612,center0,0.0,0.753773688237841,HC_SINGLE_SIGMA_2.50,486.0,
UBC1024,heuristic_cut,20130,20133,3,130,130,1.0,0.9774436090225564,0.988593155893536,0.0,0.0224786000326275,center0,0.0,1.0541041691180173,HC_SINGLE_SIGMA_2.50,486.0,
UBC1025,heuristic_cut,5226,5226,0,26,26,1.0,1.0,1.0,0.0,0.0087600999977439,center0,0.0,0.6729362687300764,HC_SINGLE_SIGMA_2.50,488.0,
UBC1026,heuristic_cut,4824,4824,0,24,24,1.0,1.0,1.0,0.0,0.0083653000183403,center0,0.0,0.6542801073609826,HC_SINGLE_SIGMA_2.50,488.0,
UBC1027,heuristic_cut,20229,20229,0,229,229,1.0,1.0,1.0,0.0,0.0259170000208541,center0,0.0,1.2765760861746691,HC_SINGLE_SIGMA_2.50,487.0,
UBC1028,heuristic_cut,4020,4020,0,20,20,1.0,1.0,1.0,0.0,0.0093731000088155,center0,0.0,0.6193033010680368,HC_SINGLE_SIGMA_2.50,485.0,
UBC1029,heuristic_cut,9444,9447,3,44,44,1.0,0.9361702127659576,0.967032967032967,0.0,0.0130418000044301,center0,0.0,0.7793942289647394,HC_SINGLE_SIGMA_2.50,489.0,
UBC1030,heuristic_cut,4623,4623,0,23,23,1.0,1.0,1.0,0.0,0.0077697000233456,center0,0.0,0.6445307632103544,HC_SINGLE_SIGMA_2.50,487.0,
UBC1031,heuristic_cut,9045,9045,0,45,45,1.0,1.0,1.0,0.0,0.0128254999872297,center0,0.0,0.7781841357253694,HC_SINGLE_SIGMA_2.50,490.0,
UBC1032,heuristic_cut,3216,3216,0,16,16,1.0,1.0,1.0,0.0,0.0074382000602781,center0,0.0,0.5767610089533145,HC_SINGLE_SIGMA_2.50,487.0,
UBC1033,heuristic_cut,6833,6834,1,33,33,1.0,0.9705882352941176,0.9850746268656716,0.0,0.0143114998936653,center0,0.0,0.7313242837382395,HC_SINGLE_SIGMA_2.50,487.0,
UBC1034,heuristic_cut,9045,9045,0,45,45,1.0,1.0,1.0,0.0,0.0143788000568747,center0,0.0,0.7916179218344592,HC_SINGLE_SIGMA_2.50,487.0,
UBC1035,heuristic_cut,20112,20112,0,112,112,1.0,1.0,1.0,0.0,0.0208053999813273,center0,0.0,0.974150229100058,HC_SINGLE_SIGMA_2.50,488.0,
UBC1036,heuristic_cut,20112,20112,0,112,112,1.0,1.0,1.0,0.0,0.0205183000070974,center0,0.0,0.9940067938006614,HC_SINGLE_SIGMA_2.50,488.0,
UBC1037,heuristic_cut,17084,17085,1,84,84,1.0,0.9882352941176472,0.9940828402366864,0.0,0.0262869999278336,center0,0.0,0.9106199692077572,HC_SINGLE_SIGMA_2.50,489.0,
UBC1038,heuristic_cut,10251,10251,0,51,51,1.0,1.0,1.0,0.0,0.0113465000176802,center0,0.0,0.8067944864664534,HC_SINGLE_SIGMA_2.50,484.0,
UBC1039,heuristic_cut,11656,11658,2,56,56,1.0,0.9655172413793104,0.9824561403508772,0.0,0.016248199972324,center0,0.0,0.8611797099653972,HC_SINGLE_SIGMA_2.50,486.0,
UBC1040,heuristic_cut,8040,8040,0,40,40,1.0,1.0,1.0,0.0,0.0106268000090494,center0,0.0,0.7761670806367944,HC_SINGLE_SIGMA_2.50,488.0,
UBC1041,heuristic_cut,7035,7035,0,35,35,1.0,1.0,1.0,0.0,0.0085899999830871,center0,0.0,0.7313159306191667,HC_SINGLE_SIGMA_2.50,489.0,
UBC1042,heuristic_cut,19094,19095,1,94,94,1.0,0.9894736842105264,0.9947089947089948,0.0,0.0216715999413281,center0,0.0,0.9388922825192316,HC_SINGLE_SIGMA_2.50,488.0,
UBC1043,heuristic_cut,6231,6231,0,31,31,1.0,1.0,1.0,0.0,0.0116438999539241,center0,0.0,0.7072063358080509,HC_SINGLE_SIGMA_2.50,487.0,
UBC1044,heuristic_cut,6030,6030,0,30,30,1.0,1.0,1.0,0.0,0.0162149000680074,center0,0.0,0.6967456088469443,HC_SINGLE_SIGMA_2.50,488.0,
UBC1045,heuristic_cut,10853,10854,1,53,53,1.0,0.9814814814814816,0.9906542056074767,0.0,0.013131899992004,center0,0.0,0.8239346921564685,HC_SINGLE_SIGMA_2.50,484.0,
UBC1046,heuristic_cut,6231,6231,0,31,31,1.0,1.0,1.0,0.0,0.0116369000170379,center0,0.0,0.7078272895467403,HC_SINGLE_SIGMA_2.50,489.0,
UBC1047,heuristic_cut,6833,6834,1,33,33,1.0,0.9705882352941176,0.9850746268656716,0.0,0.0096614999929443,center0,0.0,0.7276254262370904,HC_SINGLE_SIGMA_2.50,481.0,
UBC1048,heuristic_cut,11658,11658,0,58,58,1.0,1.0,1.0,0.0,0.0173717000288888,center0,0.0,0.8424157504826086,HC_SINGLE_SIGMA_2.50,484.0,
UBC1049,heuristic_cut,20228,20231,3,228,228,1.0,0.987012987012987,0.9934640522875816,0.0,0.029644800000824,center0,0.0,1.244721996636179,HC_SINGLE_SIGMA_2.50,488.0,
UBC1050,heuristic_cut,5427,5427,0,27,27,1.0,1.0,1.0,0.0,0.0095192000735551,center0,0.0,0.6827029806927871,HC_SINGLE_SIGMA_2.50,490.0,
UBC1051,heuristic_cut,16078,16080,2,78,78,1.0,0.975,0.9873417721518988,0.0,0.0211967999348416,center0,0.0,0.9149049980530184,HC_SINGLE_SIGMA_2.50,483.0,
UBC1052,heuristic_cut,6230,6231,1,30,30,1.0,0.967741935483871,0.9836065573770492,0.0,0.009112500003539,center0,0.0,0.7107988511280235,HC_SINGLE_SIGMA_2.50,489.0,
UBC1053,heuristic_cut,12460,12462,2,60,60,1.0,0.967741935483871,0.9836065573770492,0.0,0.0141464000334963,center0,0.0,0.8455862349181212,HC_SINGLE_SIGMA_2.50,486.0,
UBC1054,heuristic_cut,5427,5427,0,27,27,1.0,1.0,1.0,0.0,0.008766199927777,center0,0.0,0.683275736625595,HC_SINGLE_SIGMA_2.50,489.0,
UBC1055,heuristic_cut,9849,9849,0,49,49,1.0,1.0,1.0,0.0,0.0146867000730708,center0,0.0,0.8149867164675854,HC_SINGLE_SIGMA_2.50,488.0,
UBC1056,heuristic_cut,4422,4422,0,22,22,1.0,1.0,1.0,0.0,0.007809100090526,center0,0.0,0.6382553192885994,HC_SINGLE_SIGMA_2.50,487.0,
UBC1057,heuristic_cut,20177,20179,2,177,177,1.0,0.988826815642458,0.9943820224719102,0.0,0.0239155000308528,center0,0.0,1.1269012467682025,HC_SINGLE_SIGMA_2.50,484.0,
UBC1058,heuristic_cut,9045,9045,0,45,45,1.0,1.0,1.0,0.0,0.0120480000041425,center0,0.0,0.7883548785947465,HC_SINGLE_SIGMA_2.50,487.0,
UBC1059,heuristic_cut,5628,5628,0,28,28,1.0,1.0,1.0,0.0,0.0133377000456675,center0,0.0,0.6843477266723794,HC_SINGLE_SIGMA_2.50,484.0,
UBC1060,heuristic_cut,9445,9447,2,45,45,1.0,0.9574468085106383,0.9782608695652174,0.0,0.0129092000424861,center0,0.0,0.7843042996727132,HC_SINGLE_SIGMA_2.50,480.0,
UBC1061,heuristic_cut,15879,15879,0,79,79,1.0,1.0,1.0,0.0,0.0181911999825388,center0,0.0,0.9279975502810096,HC_SINGLE_SIGMA_2.50,484.0,
UBC1062,heuristic_cut,6432,6432,0,32,32,1.0,1.0,1.0,0.0,0.0099264000309631,center0,0.0,0.7158032277000715,HC_SINGLE_SIGMA_2.50,481.0,
UBC1063,heuristic_cut,14271,14271,0,71,71,1.0,1.0,1.0,0.0,0.0161787000251933,center0,0.0,0.8923466949297675,HC_SINGLE_SIGMA_2.50,486.0,
UBC1064,heuristic_cut,19899,19899,0,99,99,1.0,1.0,1.0,0.0,0.0194177000084891,center0,0.0,0.9685540227840232,HC_SINGLE_SIGMA_2.50,483.0,
UBC1065,heuristic_cut,3012,3012,0,12,381,0.0,0.0,0.0,1.0,0.0105717000551521,center0,0.0,2.9289763660603043,HC_SINGLE_SIGMA_2.50,484.0,
UBC1066,heuristic_cut,7437,7437,0,37,37,1.0,1.0,1.0,0.0,0.0109962999122217,center0,0.0,0.7460168317149887,HC_SINGLE_SIGMA_2.50,490.0,
UBC1067,heuristic_cut,10854,10854,0,54,54,1.0,1.0,1.0,0.0,0.0149589999346062,center0,0.0,0.8352299563004157,HC_SINGLE_SIGMA_2.50,484.0,
UBC1068,heuristic_cut,6029,6029,0,30,211,0.1421800947867298,1.0,0.2489626556016597,0.8578199052132701,0.012029500096105,center0,0.0,1.5796751374340974,HC_SINGLE_SIGMA_2.50,483.0,
UBC1069,heuristic_cut,5628,5628,0,28,28,1.0,1.0,1.0,0.0,0.0104017000412568,center0,0.0,0.6864548933575434,HC_SINGLE_SIGMA_2.50,490.0,
UBC1070,heuristic_cut,3417,3417,0,17,17,1.0,1.0,1.0,0.0,0.0087562999688088,center0,0.0,0.5878166013139327,HC_SINGLE_SIGMA_2.50,486.0,
UBC1071,heuristic_cut,3617,3618,1,17,17,1.0,0.9444444444444444,0.9714285714285714,0.0,0.0068618999794125,center0,0.0,0.5907202471721013,HC_SINGLE_SIGMA_2.50,484.0,
UBC1072,heuristic_cut,15678,15678,0,78,78,1.0,1.0,1.0,0.0,0.0166335999965667,center0,0.0,0.8954173544386071,HC_SINGLE_SIGMA_2.50,484.0,
UBC1073,heuristic_cut,19898,19899,1,98,98,1.0,0.98989898989899,0.9949238578680204,0.0,0.0276904000202193,center0,0.0,0.9527493099462468,HC_SINGLE_SIGMA_2.50,489.0,
UBC1074,heuristic_cut,4824,4824,0,24,24,1.0,1.0,1.0,0.0,0.0109398999484255,center0,0.0,0.6588449896170733,HC_SINGLE_SIGMA_2.50,488.0,
UBC1075,heuristic_cut,7838,7839,1,38,38,1.0,0.9743589743589745,0.9870129870129868,0.0,0.0135121999774128,center0,0.0,0.7479126899040657,HC_SINGLE_SIGMA_2.50,488.0,
UBC1076,heuristic_cut,6432,6432,0,32,32,1.0,1.0,1.0,0.0,0.0107101999456062,center0,0.0,0.7144382915792634,HC_SINGLE_SIGMA_2.50,486.0,
UBC1077,heuristic_cut,12261,12261,0,61,61,1.0,1.0,1.0,0.0,0.0163033999269828,center0,0.0,0.8564797234705529,HC_SINGLE_SIGMA_2.50,484.0,
UBC1078,heuristic_cut,9647,9648,1,47,47,1.0,0.9791666666666666,0.9894736842105264,0.0,0.012875200016424,center0,0.0,0.7958477576305872,HC_SINGLE_SIGMA_2.50,487.0,
UBC1079,heuristic_cut,5628,5628,0,28,28,1.0,1.0,1.0,0.0,0.0136659999843686,center0,0.0,0.6859083047951144,HC_SINGLE_SIGMA_2.50,489.0,
UBC1080,heuristic_cut,15074,15075,1,74,74,1.0,0.9866666666666668,0.9932885906040269,0.0,0.0166652000043541,center0,0.0,0.8852123193678999,HC_SINGLE_SIGMA_2.50,485.0,
UBC1081,heuristic_cut,10452,10452,0,52,52,1.0,1.0,1.0,0.0,0.0141078000888228,center0,0.0,0.8118782771881494,HC_SINGLE_SIGMA_2.50,479.0,
UBC1082,heuristic_cut,7437,7437,0,37,37,1.0,1.0,1.0,0.0,0.0104650999419391,center0,0.0,0.7448411282341489,HC_SINGLE_SIGMA_2.50,476.0,
UBC1083,heuristic_cut,3618,3618,0,18,18,1.0,1.0,1.0,0.0,0.0076860999688506,center0,0.0,0.5976343555649504,HC_SINGLE_SIGMA_2.50,488.0,
UBC1084,heuristic_cut,6432,6432,0,32,32,1.0,1.0,1.0,0.0,0.0098509000381454,center0,0.0,0.7070149819699695,HC_SINGLE_SIGMA_2.50,490.0,
UBC1085,heuristic_cut,12461,12462,1,61,61,1.0,0.9838709677419356,0.991869918699187,0.0,0.0162202999927103,center0,0.0,0.8446566485783896,HC_SINGLE_SIGMA_2.50,487.0,
UBC1086,heuristic_cut,7437,7437,0,37,37,1.0,1.0,1.0,0.0,0.0131577999563887,center0,0.0,0.7537255469899187,HC_SINGLE_SIGMA_2.50,483.0,
UBC1087,heuristic_cut,3819,3819,0,19,19,1.0,1.0,1.0,0.0,0.0086768999462947,center0,0.0,0.6062150519567596,HC_SINGLE_SIGMA_2.50,489.0,
UBC1088,heuristic_cut,6632,6633,1,32,32,1.0,0.9696969696969696,0.9846153846153848,0.0,0.0104290000163018,center0,0.0,0.7227267337364723,HC_SINGLE_SIGMA_2.50,487.0,
UBC1089,heuristic_cut,7035,7035,0,35,35,1.0,1.0,1.0,0.0,0.0096502000233158,center0,0.0,0.7422506271519526,HC_SINGLE_SIGMA_2.50,488.0,
UBC1090,heuristic_cut,4019,4020,1,19,19,1.0,0.95,0.9743589743589745,0.0,0.0067280000075697,center0,0.0,0.6072786358411478,HC_SINGLE_SIGMA_2.50,488.0,
UBC1091,heuristic_cut,12260,12261,1,60,60,1.0,0.9836065573770492,0.9917355371900828,0.0,0.0135213000467047,center0,0.0,0.8574457021712102,HC_SINGLE_SIGMA_2.50,487.0,
UBC1092,heuristic_cut,5628,5628,0,28,28,1.0,1.0,1.0,0.0,0.0086733000352978,center0,0.0,0.685854147456078,HC_SINGLE_SIGMA_2.50,489.0,
UBC1093,heuristic_cut,19496,19497,1,96,96,1.0,0.9896907216494846,0.9948186528497408,0.0,0.0260830000042915,center0,0.0,0.9440774378052068,HC_SINGLE_SIGMA_2.50,490.0,
UBC1094,heuristic_cut,15879,15879,0,79,79,1.0,1.0,1.0,0.0,0.0194587999721989,center0,0.0,0.909513911517582,HC_SINGLE_SIGMA_2.50,486.0,
UBC1095,heuristic_cut,8643,8643,0,43,43,1.0,1.0,1.0,0.0,0.0118492000037804,center0,0.0,0.7775507624978732,HC_SINGLE_SIGMA_2.50,480.0,
UBC1096,heuristic_cut,5226,5226,0,26,26,1.0,1.0,1.0,0.0,0.0073320000665262,center0,0.0,0.6758957911487542,HC_SINGLE_SIGMA_2.50,479.0,
UBC1097,heuristic_cut,4422,4422,0,22,22,1.0,1.0,1.0,0.0,0.0079829000169411,center0,0.0,0.6399171014415501,HC_SINGLE_SIGMA_2.50,487.0,
UBC1098,heuristic_cut,3819,3819,0,19,19,1.0,1.0,1.0,0.0,0.0063287999946624,center0,0.0,0.6082862402538823,HC_SINGLE_SIGMA_2.50,475.0,
UBC1099,heuristic_cut,7638,7638,0,38,38,1.0,1.0,1.0,0.0,0.0108142000390216,center0,0.0,0.758701505931409,HC_SINGLE_SIGMA_2.50,479.0,
UBC1100,heuristic_cut,9447,9447,0,47,47,1.0,1.0,1.0,0.0,0.0129165999824181,center0,0.0,0.8016088110437399,HC_SINGLE_SIGMA_2.50,483.0,
UBC1101,heuristic_cut,11658,11658,0,58,58,1.0,1.0,1.0,0.0,0.0143237001029774,center0,0.0,0.8405316122710007,HC_SINGLE_SIGMA_2.50,484.0,
UBC1102,heuristic_cut,9045,9045,0,45,45,1.0,1.0,1.0,0.0,0.0123013999545946,center0,0.0,0.7908755552970075,HC_SINGLE_SIGMA_2.50,482.0,
UBC1103,heuristic_cut,10047,10047,0,50,214,0.2242990654205607,0.96,0.3636363636363636,0.7757009345794392,0.0169233999913558,center0,0.0,1.444924375482939,HC_SINGLE_SIGMA_2.50,488.0,
UBC1104,heuristic_cut,9445,9447,2,45,85,0.5294117647058824,0.9574468085106383,0.6818181818181819,0.4705882352941176,0.0150479000294581,center0,0.0,1.1404091772825846,HC_SINGLE_SIGMA_2.50,487.0,
UBC1105,heuristic_cut,10652,10653,1,52,52,1.0,0.981132075471698,0.9904761904761904,0.0,0.0131608000956475,center0,0.0,0.8154077867176208,HC_SINGLE_SIGMA_2.50,488.0,
UBC1106,heuristic_cut,7034,7035,1,34,37,0.918918918918919,0.9714285714285714,0.9444444444444444,0.081081081081081,0.0144315999932587,center0,0.0,0.7834389355223188,HC_SINGLE_SIGMA_2.50,485.0,
UBC1107,heuristic_cut,6231,6231,0,31,42,0.7380952380952381,1.0,0.8493150684931507,0.2619047619047618,0.0115878999931737,center0,0.0,0.8756519840385424,HC_SINGLE_SIGMA_2.50,483.0,
UBC1108,heuristic_cut,11256,11256,0,56,56,1.0,1.0,1.0,0.0,0.0151913999579846,center0,0.0,0.8306243164185775,HC_SINGLE_SIGMA_2.50,485.0,
UBC1109,heuristic_cut,6432,6432,0,32,32,1.0,1.0,1.0,0.0,0.0105978000210598,center0,0.0,0.7207900707943012,HC_SINGLE_SIGMA_2.50,482.0,
UBC1110,heuristic_cut,7638,7638,0,38,42,0.9047619047619048,1.0,0.95,0.0952380952380952,0.010783200035803,center0,0.0,0.8307486460830675,HC_SINGLE_SIGMA_2.50,484.0,
UBC1111,heuristic_cut,5628,5628,0,28,329,0.0759878419452887,0.8928571428571429,0.1400560224089636,0.9240121580547112,0.0128519999561831,center0,0.0,1.7059390552985385,HC_SINGLE_SIGMA_2.50,484.0,
UBC1112,heuristic_cut,9044,9045,1,44,44,1.0,0.9777777777777776,0.9887640449438202,0.0,0.011108599952422,center0,0.0,0.7800450185534292,HC_SINGLE_SIGMA_2.50,483.0,
UBC1113,heuristic_cut,6632,6633,1,32,32,1.0,0.9696969696969696,0.9846153846153848,0.0,0.0138754999497905,center0,0.0,0.7142082800490429,HC_SINGLE_SIGMA_2.50,480.0,
UBC1114,heuristic_cut,4824,4824,0,24,24,1.0,1.0,1.0,0.0,0.0116273000603541,center0,0.0,0.6818745917498109,HC_SINGLE_SIGMA_2.50,482.0,
UBC1115,heuristic_cut,7437,7437,0,37,37,1.0,1.0,1.0,0.0,0.0123562000226229,center0,0.0,0.7474233076165924,HC_SINGLE_SIGMA_2.50,484.0,
UBC1116,heuristic_cut,4623,4623,0,23,23,1.0,1.0,1.0,0.0,0.0085384000558406,center0,0.0,0.6487130721226316,HC_SINGLE_SIGMA_2.50,486.0,
UBC1117,heuristic_cut,10251,10251,0,51,51,1.0,1.0,1.0,0.0,0.0153405000455677,center0,0.0,0.8160317814830997,HC_SINGLE_SIGMA_2.50,487.0,
UBC1118,heuristic_cut,20189,20191,2,189,189,1.0,0.9895287958115184,0.9947368421052633,0.0,0.0252681999700143,center0,0.0,1.1080185357133874,HC_SINGLE_SIGMA_2.50,489.0,
UBC1119,heuristic_cut,5226,5226,0,26,26,1.0,1.0,1.0,0.0,0.0207446001004427,center0,0.0,0.6775212377514563,HC_SINGLE_SIGMA_2.50,486.0,
UBC1120,heuristic_cut,3417,3417,0,17,17,1.0,1.0,1.0,0.0,0.0091351999435573,center0,0.0,0.5949729109856327,HC_SINGLE_SIGMA_2.50,484.0,
UBC1121,heuristic_cut,9447,9447,0,47,47,1.0,1.0,1.0,0.0,0.0125444000586867,center0,0.0,0.802699855439902,HC_SINGLE_SIGMA_2.50,481.0,
UBC1122,heuristic_cut,10048,10050,2,48,48,1.0,0.96,0.979591836734694,0.0,0.0129484999924898,center0,0.0,0.814379141772823,HC_SINGLE_SIGMA_2.50,482.0,
UBC1123,heuristic_cut,3011,3011,0,11,331,0.0,0.0,0.0,1.0,0.0094545000465586,center0,0.0,2.9901669416745333,HC_SINGLE_SIGMA_2.50,485.0,
UBC1124,heuristic_cut,3618,3618,0,18,18,1.0,1.0,1.0,0.0,0.0082532999804243,center0,0.0,0.5979356617009028,HC_SINGLE_SIGMA_2.50,484.0,
UBC1125,heuristic_cut,11054,11055,1,54,54,1.0,0.9818181818181818,0.9908256880733944,0.0,0.0147253000177443,center0,0.0,0.8352003141655109,HC_SINGLE_SIGMA_2.50,482.0,
UBC1126,heuristic_cut,7236,7236,0,36,36,1.0,1.0,1.0,0.0,0.0224102000938728,center0,0.0,0.7502265117758666,HC_SINGLE_SIGMA_2.50,486.0,
UBC1127,heuristic_cut,5628,5628,0,28,28,1.0,1.0,1.0,0.0,0.0096797000151127,center0,0.0,0.6911083471844477,HC_SINGLE_SIGMA_2.50,489.0,
UBC1128,heuristic_cut,4421,4422,1,21,21,1.0,0.9545454545454546,0.9767441860465116,0.0,0.0077519000042229,center0,0.0,0.6348068699111032,HC_SINGLE_SIGMA_2.50,488.0,
UBC1129,heuristic_cut,4824,4824,0,24,24,1.0,1.0,1.0,0.0,0.0075057999929413,center0,0.0,0.6631969696699617,HC_SINGLE_SIGMA_2.50,490.0,
UBC1130,heuristic_cut,13064,13065,1,64,64,1.0,0.9846153846153848,0.992248062015504,0.0,0.0139244999736547,center0,0.0,0.8630186954997706,HC_SINGLE_SIGMA_2.50,490.0,
UBC1131,heuristic_cut,13467,13467,0,67,67,1.0,1.0,1.0,0.0,0.0141217999625951,center0,0.0,0.8952996916580661,HC_SINGLE_SIGMA_2.50,482.0,
UBC1132,heuristic_cut,4019,4020,1,19,19,1.0,0.95,0.9743589743589745,0.0,0.0085095999529585,center0,0.0,0.6107868506799506,HC_SINGLE_SIGMA_2.50,484.0,
UBC1133,heuristic_cut,7035,7035,0,35,35,1.0,1.0,1.0,0.0,0.0106358000775799,center0,0.0,0.7390602270730598,HC_SINGLE_SIGMA_2.50,488.0,
UBC1134,heuristic_cut,8241,8241,0,41,41,1.0,1.0,1.0,0.0,0.0140166999772191,center0,0.0,0.7806425603935435,HC_SINGLE_SIGMA_2.50,489.0,
UBC1135,heuristic_cut,8844,8844,0,44,44,1.0,1.0,1.0,0.0,0.012979399994947,center0,0.0,0.7935025738772684,HC_SINGLE_SIGMA_2.50,478.0,
UBC1136,heuristic_cut,3013,3013,0,13,344,0.0,0.0,0.0,1.0,0.0096683000447228,center0,0.0,2.797516666533104,HC_SINGLE_SIGMA_2.50,486.0,
UBC1137,heuristic_cut,4823,4824,1,23,23,1.0,0.9583333333333334,0.9787234042553192,0.0,0.0105828000232577,center0,0.0,0.6789128550454956,HC_SINGLE_SIGMA_2.50,486.0,
UBC1138,heuristic_cut,4019,4020,1,19,19,1.0,0.95,0.9743589743589745,0.0,0.0095702999969944,center0,0.0,0.6147146691794562,HC_SINGLE_SIGMA_2.50,487.0,
UBC1139,heuristic_cut,5226,5226,0,26,26,1.0,1.0,1.0,0.0,0.009839899954386,center0,0.0,0.673892225718113,HC_SINGLE_SIGMA_2.50,490.0,
UBC1140,heuristic_cut,12259,12261,2,59,59,1.0,0.9672131147540984,0.9833333333333332,0.0,0.01842310000211,center0,0.0,0.8527684059599117,HC_SINGLE_SIGMA_2.50,486.0,
UBC1141,heuristic_cut,8441,8442,1,41,41,1.0,0.9761904761904762,0.9879518072289156,0.0,0.0229272000724449,center0,0.0,0.7718576441416457,HC_SINGLE_SIGMA_2.50,488.0,
UBC1142,heuristic_cut,9648,9648,0,48,317,0.113564668769716,0.75,0.1972602739726027,0.886435331230284,0.0180444000288844,center0,0.0,1.7842706519603933,HC_SINGLE_SIGMA_2.50,486.0,
UBC1143,heuristic_cut,20114,20114,0,114,114,1.0,1.0,1.0,0.0,0.021743300021626,center0,0.0,0.9785516743110416,HC_SINGLE_SIGMA_2.50,488.0,
UBC1144,heuristic_cut,10653,10653,0,53,54,0.9814814814814816,1.0,0.9906542056074767,0.0185185185185184,0.0131322999950498,center0,0.0,0.8455186679376743,HC_SINGLE_SIGMA_2.50,488.0,
UBC1145,heuristic_cut,4622,4623,1,22,22,1.0,0.9565217391304348,0.9777777777777776,0.0,0.010260000010021,center0,0.0,0.6442335748212813,HC_SINGLE_SIGMA_2.50,486.0,
UBC1146,heuristic_cut,8844,8844,0,44,44,1.0,1.0,1.0,0.0,0.0112942999694496,center0,0.0,0.7841892624494368,HC_SINGLE_SIGMA_2.50,487.0,
UBC1147,heuristic_cut,12662,12663,1,62,64,0.96875,0.984126984126984,0.9763779527559054,0.03125,0.0164492999901995,center0,0.0,0.8767674046121764,HC_SINGLE_SIGMA_2.50,487.0,
UBC1148,heuristic_cut,5628,5628,0,28,28,1.0,1.0,1.0,0.0,0.0109062000410631,center0,0.0,0.6954351098159832,HC_SINGLE_SIGMA_2.50,484.0,
UBC1149,heuristic_cut,7638,7638,0,38,38,1.0,1.0,1.0,0.0,0.0132738000247627,center0,0.0,0.7654345937542039,HC_SINGLE_SIGMA_2.50,484.0,
UBC1150,heuristic_cut,5224,5226,2,24,29,0.8275862068965517,0.9230769230769232,0.8727272727272727,0.1724137931034483,0.0100121999857947,center0,0.0,0.7819130719397118,HC_SINGLE_SIGMA_2.50,488.0,
UBC1151,heuristic_cut,6231,6231,0,31,31,1.0,1.0,1.0,0.0,0.0131663000211119,center0,0.0,0.7125715352174762,HC_SINGLE_SIGMA_2.50,474.0,
UBC1152,heuristic_cut,6633,6633,0,33,33,1.0,1.0,1.0,0.0,0.0104226999683305,center0,0.0,0.7263193226946433,HC_SINGLE_SIGMA_2.50,481.0,
UBC1153,heuristic_cut,3011,3011,0,11,384,0.0,0.0,0.0,1.0,0.009271299932152,center0,0.0,2.91619133138545,HC_SINGLE_SIGMA_2.50,488.0,
UBC1154,heuristic_cut,7638,7638,0,38,38,1.0,1.0,1.0,0.0,0.0090948999859392,center0,0.0,0.7585976001344042,HC_SINGLE_SIGMA_2.50,488.0,
UBC1155,heuristic_cut,3215,3216,1,15,15,1.0,0.9375,0.967741935483871,0.0,0.0093141000252217,center0,0.0,0.5704356062821246,HC_SINGLE_SIGMA_2.50,486.0,
UBC1156,heuristic_cut,4824,4824,0,24,24,1.0,1.0,1.0,0.0,0.0097664999775588,center0,0.0,0.6648106518059013,HC_SINGLE_SIGMA_2.50,488.0,
UBC1157,heuristic_cut,7839,7839,0,39,39,1.0,1.0,1.0,0.0,0.0109265999635681,center0,0.0,0.7618154741034698,HC_SINGLE_SIGMA_2.50,489.0,
UBC1158,heuristic_cut,4823,4824,1,23,23,1.0,0.9583333333333334,0.9787234042553192,0.0,0.0081950000021606,center0,0.0,0.6585353066340071,HC_SINGLE_SIGMA_2.50,487.0,
UBC1159,heuristic_cut,10251,10251,0,51,51,1.0,1.0,1.0,0.0,0.0117021999321877,center0,0.0,0.8186106211427906,HC_SINGLE_SIGMA_2.50,486.0,
UBC1160,heuristic_cut,14068,14070,2,68,68,1.0,0.9714285714285714,0.9855072463768116,0.0,0.0163765000179409,center0,0.0,0.9009574989334728,HC_SINGLE_SIGMA_2.50,484.0,
UBC1161,heuristic_cut,9447,9447,0,47,47,1.0,1.0,1.0,0.0,0.0108618999365717,center0,0.0,0.8062444430818564,HC_SINGLE_SIGMA_2.50,481.0,
UBC1162,heuristic_cut,4623,4623,0,23,23,1.0,1.0,1.0,0.0,0.0072993000503629,center0,0.0,0.6587636985942703,HC_SINGLE_SIGMA_2.50,489.0,
UBC1163,heuristic_cut,20148,20150,2,148,148,1.0,0.9866666666666668,0.9932885906040269,0.0,0.0216512999031692,center0,0.0,1.104668429818738,HC_SINGLE_SIGMA_2.50,486.0,
UBC1164,heuristic_cut,3618,3618,0,18,18,1.0,1.0,1.0,0.0,0.0076060999417677,center0,0.0,0.6005180161719903,HC_SINGLE_SIGMA_2.50,486.0,
UBC1165,heuristic_cut,16680,16683,3,80,84,0.9523809523809524,0.963855421686747,0.9580838323353292,0.0476190476190476,0.0194143999833613,center0,0.0,0.975195300493353,HC_SINGLE_SIGMA_2.50,484.0,
UBC1166,heuristic_cut,4824,4824,0,24,24,1.0,1.0,1.0,0.0,0.0077615999616682,center0,0.0,0.6605338155149457,HC_SINGLE_SIGMA_2.50,489.0,
UBC1167,heuristic_cut,4623,4623,0,23,23,1.0,1.0,1.0,0.0,0.0084359000902622,center0,0.0,0.6697746397122722,HC_SINGLE_SIGMA_2.50,486.0,
UBC1168,heuristic_cut,8240,8241,1,40,40,1.0,0.975609756097561,0.9876543209876544,0.0,0.0104824999580159,center0,0.0,0.7756837055941175,HC_SINGLE_SIGMA_2.50,483.0,
UBC1169,heuristic_cut,15476,15477,1,76,76,1.0,0.987012987012987,0.9934640522875816,0.0,0.0354474000632762,center0,0.0,0.9159084142674252,HC_SINGLE_SIGMA_2.50,485.0,
UBC1170,heuristic_cut,4221,4221,0,21,21,1.0,1.0,1.0,0.0,0.0111417999723926,center0,0.0,0.6367624163497972,HC_SINGLE_SIGMA_2.50,486.0,
UBC1171,heuristic_cut,3013,3013,0,13,209,0.0,0.0,0.0,1.0,0.0090443999506533,center0,0.0,2.4373700382479857,HC_SINGLE_SIGMA_2.50,486.0,
UBC1172,heuristic_cut,13265,13266,1,65,65,1.0,0.9848484848484848,0.9923664122137404,0.0,0.0223080000141635,center0,0.0,0.8718667374241544,HC_SINGLE_SIGMA_2.50,484.0,
UBC1173,heuristic_cut,5226,5226,0,26,26,1.0,1.0,1.0,0.0,0.0115784000372514,center0,0.0,0.6717326935585461,HC_SINGLE_SIGMA_2.50,481.0,
UBC1174,heuristic_cut,3014,3014,0,14,299,0.0,0.0,0.0,1.0,0.0091905000153929,center0,0.0,2.9530112814226346,HC_SINGLE_SIGMA_2.50,487.0,
UBC1175,heuristic_cut,9648,9648,0,48,48,1.0,1.0,1.0,0.0,0.0145414000144228,center0,0.0,0.8104410815189644,HC_SINGLE_SIGMA_2.50,483.0,
UBC1176,heuristic_cut,3818,3819,1,18,18,1.0,0.9473684210526316,0.972972972972973,0.0,0.0131937999976798,center0,0.0,0.6003366001223907,HC_SINGLE_SIGMA_2.50,487.0,
UBC1177,heuristic_cut,7234,7236,2,34,34,1.0,0.9444444444444444,0.9714285714285714,0.0,0.0124956000363454,center0,0.0,0.7351473406885765,HC_SINGLE_SIGMA_2.50,479.0,
UBC1178,heuristic_cut,5226,5226,0,26,26,1.0,1.0,1.0,0.0,0.0128080000868067,center0,0.0,0.6779123559798919,HC_SINGLE_SIGMA_2.50,479.0,
UBC1179,heuristic_cut,3617,3618,1,17,17,1.0,0.9444444444444444,0.9714285714285714,0.0,0.0099676999961957,center0,0.0,0.6010847097936113,HC_SINGLE_SIGMA_2.50,490.0,
UBC1180,heuristic_cut,6633,6633,0,33,33,1.0,1.0,1.0,0.0,0.0109138999832794,center0,0.0,0.7322154849363406,HC_SINGLE_SIGMA_2.50,482.0,
UBC1181,heuristic_cut,5025,5025,0,25,25,1.0,1.0,1.0,0.0,0.0091827999567613,center0,0.0,0.6736176292418077,HC_SINGLE_SIGMA_2.50,485.0,
UBC1182,heuristic_cut,13868,13869,1,68,71,0.9577464788732394,0.9855072463768116,0.9714285714285714,0.0422535211267606,0.018411900033243,center0,0.0,0.9094763024284132,HC_SINGLE_SIGMA_2.50,483.0,
UBC1183,heuristic_cut,6432,6432,0,32,32,1.0,1.0,1.0,0.0,0.0106067000888288,center0,0.0,0.7224324637425711,HC_SINGLE_SIGMA_2.50,487.0,
UBC1184,heuristic_cut,10451,10452,1,51,51,1.0,0.9807692307692308,0.9902912621359222,0.0,0.015612700022757,center0,0.0,0.8237342606220701,HC_SINGLE_SIGMA_2.50,490.0,
UBC1185,heuristic_cut,20098,20101,3,98,98,1.0,0.9702970297029704,0.9849246231155778,0.0,0.0190302999690175,center0,0.0,0.96977191965694,HC_SINGLE_SIGMA_2.50,488.0,
UBC1186,heuristic_cut,4221,4221,0,21,21,1.0,1.0,1.0,0.0,0.0071180000668391,center0,0.0,0.6461987387259293,HC_SINGLE_SIGMA_2.50,484.0,
UBC1187,heuristic_cut,3617,3618,1,17,17,1.0,0.9444444444444444,0.9714285714285714,0.0,0.0077488999813795,center0,0.0,0.5929803705516298,HC_SINGLE_SIGMA_2.50,488.0,
UBC1188,heuristic_cut,3013,3013,0,13,349,0.0,0.0,0.0,1.0,0.0083440999733284,center0,0.0,3.0674575548926635,HC_SINGLE_SIGMA_2.50,487.0,
UBC1189,heuristic_cut,6231,6231,0,31,31,1.0,1.0,1.0,0.0,0.0093587998999282,center0,0.0,0.7138362526473525,HC_SINGLE_SIGMA_2.50,488.0,
UBC1190,heuristic_cut,10452,10452,0,52,52,1.0,1.0,1.0,0.0,0.0122096999548375,center0,0.0,0.8242194468285713,HC_SINGLE_SIGMA_2.50,486.0,
UBC1191,heuristic_cut,4623,4623,0,23,23,1.0,1.0,1.0,0.0,0.0157710999483242,center0,0.0,0.6575091865971666,HC_SINGLE_SIGMA_2.50,484.0,
UBC1192,heuristic_cut,6832,6834,2,32,32,1.0,0.9411764705882352,0.9696969696969696,0.0,0.0099078000057488,center0,0.0,0.7322850910348465,HC_SINGLE_SIGMA_2.50,484.0,
UBC1193,heuristic_cut,6633,6633,0,33,33,1.0,1.0,1.0,0.0,0.0098513999255374,center0,0.0,0.7326367184115489,HC_SINGLE_SIGMA_2.50,482.0,
UBC1194,heuristic_cut,6672,6674,2,62,327,0.0,0.0,0.0,1.0,0.0137790999142453,center0,0.0,1.6003574502325082,HC_SINGLE_SIGMA_2.50,489.0,
UBC1195,heuristic_cut,4623,4623,0,23,23,1.0,1.0,1.0,0.0,0.0081664000172168,center0,0.0,0.6552138508424145,HC_SINGLE_SIGMA_2.50,479.0,
UBC1196,heuristic_cut,10854,10854,0,54,54,1.0,1.0,1.0,0.0,0.0117489000549539,center0,0.0,0.8385875567211292,HC_SINGLE_SIGMA_2.50,480.0,
UBC1197,heuristic_cut,3417,3417,0,17,232,0.0,0.0,0.0,1.0,0.0072994999354705,center0,0.0,2.5923011250469417,HC_SINGLE_SIGMA_2.50,485.0,
UBC1198,heuristic_cut,6231,6231,0,31,31,1.0,1.0,1.0,0.0,0.0109233000548556,center0,0.0,0.7170264869508269,HC_SINGLE_SIGMA_2.50,482.0,
UBC1199,heuristic_cut,5427,5427,0,27,27,1.0,1.0,1.0,0.0,0.0080676000798121,center0,0.0,0.6846180984185171,HC_SINGLE_SIGMA_2.50,477.0,
UBC1200,heuristic_cut,8844,8844,0,44,44,1.0,1.0,1.0,0.0,0.0221480999607592,center0,0.0,0.7953329319354826,HC_SINGLE_SIGMA_2.50,480.0,
UBC1201,heuristic_cut,9045,9045,0,45,45,1.0,1.0,1.0,0.0,0.0137693000724539,center0,0.0,0.7997753650896453,HC_SINGLE_SIGMA_2.50,488.0,
UBC1202,heuristic_cut,10251,10251,0,51,178,0.2752808988764045,0.9607843137254902,0.4279475982532751,0.7247191011235955,0.0146213000407442,center0,0.0,1.6826105968943168,HC_SINGLE_SIGMA_2.50,484.0,
UBC1203,heuristic_cut,5025,5025,0,25,28,0.8928571428571429,1.0,0.9433962264150944,0.1071428571428571,0.0095316000515595,center0,0.0,0.7315564391086382,HC_SINGLE_SIGMA_2.50,483.0,
UBC1204,heuristic_cut,7236,7236,0,36,36,1.0,1.0,1.0,0.0,0.010960999992676,center0,0.0,0.7434694237703239,HC_SINGLE_SIGMA_2.50,488.0,
UBC1205,heuristic_cut,10653,10653,0,53,53,1.0,1.0,1.0,0.0,0.0132001000456511,center0,0.0,0.83154931404904,HC_SINGLE_SIGMA_2.50,482.0,
UBC1206,heuristic_cut,3216,3216,0,16,16,1.0,1.0,1.0,0.0,0.0083495000144466,center0,0.0,0.5798501956887657,HC_SINGLE_SIGMA_2.50,487.0,
UBC1207,heuristic_cut,4623,4623,0,23,23,1.0,1.0,1.0,0.0,0.0091653000563383,center0,0.0,0.6631251976951938,HC_SINGLE_SIGMA_2.50,490.0,
UBC1208,heuristic_cut,4623,4623,0,23,23,1.0,1.0,1.0,0.0,0.0087957999203354,center0,0.0,0.6548957855567318,HC_SINGLE_SIGMA_2.50,490.0,
UBC1209,heuristic_cut,20188,20190,2,188,184,0.9728260869565216,0.9421052631578948,0.9572192513368984,0.0271739130434782,0.0275338999927043,center0,0.0,1.2010765197777422,HC_SINGLE_SIGMA_2.50,487.0,
UBC1210,heuristic_cut,4824,4824,0,24,140,0.1714285714285714,1.0,0.2926829268292683,0.8285714285714285,0.0124281999887898,center0,0.0,1.5498244001032218,HC_SINGLE_SIGMA_2.50,482.0,
UBC1211,heuristic_cut,8844,8844,0,44,44,1.0,1.0,1.0,0.0,0.0131101999431848,center0,0.0,0.783443263753944,HC_SINGLE_SIGMA_2.50,485.0,
UBC1212,heuristic_cut,5025,5025,0,25,25,1.0,1.0,1.0,0.0,0.0088957999832928,center0,0.0,0.6693714427767827,HC_SINGLE_SIGMA_2.50,485.0,
UBC1213,heuristic_cut,4020,4020,0,20,20,1.0,1.0,1.0,0.0,0.0076472000218927,center0,0.0,0.6190059744734456,HC_SINGLE_SIGMA_2.50,485.0,
UBC1214,heuristic_cut,4221,4221,0,21,21,1.0,1.0,1.0,0.0,0.0079212000127881,center0,0.0,0.6374385490883875,HC_SINGLE_SIGMA_2.50,485.0,
UBC1215,heuristic_cut,9648,9648,0,48,48,1.0,1.0,1.0,0.0,0.017793699982576,center0,0.0,0.8141729097019001,HC_SINGLE_SIGMA_2.50,485.0,
UBC1216,heuristic_cut,5829,5829,0,29,327,0.0886850152905198,1.0,0.1629213483146067,0.91131498470948,0.0121387999970465,center0,0.0,1.9309612583971048,HC_SINGLE_SIGMA_2.50,483.0,
UBC1217,heuristic_cut,3014,3014,0,14,14,1.0,1.0,1.0,0.0,0.0066656999988481,center0,0.0,0.5578527920721199,HC_SINGLE_SIGMA_2.50,488.0,
UBC1218,heuristic_cut,12261,12261,0,61,60,1.0,0.9836065573770492,0.9917355371900828,0.0,0.0134529999922961,center0,0.0,0.8701394202469624,HC_SINGLE_SIGMA_2.50,481.0,
UBC1219,heuristic_cut,4020,4020,0,20,20,1.0,1.0,1.0,0.0,0.0067079000873491,center0,0.0,0.6259219395909598,HC_SINGLE_SIGMA_2.50,488.0,
UBC1220,heuristic_cut,5829,5829,0,29,29,1.0,1.0,1.0,0.0,0.0104920999146997,center0,0.0,0.705818884143596,HC_SINGLE_SIGMA_2.50,483.0,
UBC1221,heuristic_cut,5225,5226,1,25,25,1.0,0.9615384615384616,0.9803921568627452,0.0,0.0085437999805435,center0,0.0,0.669184921216829,HC_SINGLE_SIGMA_2.50,485.0,
UBC1222,heuristic_cut,9648,9648,0,48,48,1.0,1.0,1.0,0.0,0.0117497000610455,center0,0.0,0.8041784419815108,HC_SINGLE_SIGMA_2.50,487.0,
UBC1223,heuristic_cut,5427,5427,0,27,27,1.0,1.0,1.0,0.0,0.0071711000055074,center0,0.0,0.6872656287060213,HC_SINGLE_SIGMA_2.50,481.0,
UBC1224,heuristic_cut,8039,8040,1,39,42,0.9285714285714286,0.975,0.951219512195122,0.0714285714285714,0.0136718000285327,center0,0.0,0.8271403895046221,HC_SINGLE_SIGMA_2.50,487.0,
UBC1225,heuristic_cut,6833,6834,1,33,33,1.0,0.9705882352941176,0.9850746268656716,0.0,0.0144635000033304,center0,0.0,0.7361526101423342,HC_SINGLE_SIGMA_2.50,478.0,
UBC1226,heuristic_cut,10050,10050,0,50,50,1.0,1.0,1.0,0.0,0.0141744000138714,center0,0.0,0.8379434806353174,HC_SINGLE_SIGMA_2.50,483.0,
UBC1227,heuristic_cut,3011,3011,0,11,252,0.0,0.0,0.0,1.0,0.0084530999884009,center0,0.0,2.6484963973106286,HC_SINGLE_SIGMA_2.50,483.0,
UBC1228,heuristic_cut,5427,5427,0,27,27,1.0,1.0,1.0,0.0,0.0080474000424146,center0,0.0,0.6991696634695959,HC_SINGLE_SIGMA_2.50,487.0,
UBC1229,heuristic_cut,3819,3819,0,19,19,1.0,1.0,1.0,0.0,0.0074200999224558,center0,0.0,0.6190906009863185,HC_SINGLE_SIGMA_2.50,487.0,
UBC1230,heuristic_cut,3618,3618,0,18,18,1.0,1.0,1.0,0.0,0.0061440999852493,center0,0.0,0.6060252897714957,HC_SINGLE_SIGMA_2.50,488.0,
UBC1231,heuristic_cut,5226,5226,0,26,26,1.0,1.0,1.0,0.0,0.0084941999521106,center0,0.0,0.6824642844702922,HC_SINGLE_SIGMA_2.50,488.0,
UBC1232,heuristic_cut,8039,8040,1,39,39,1.0,0.975,0.9873417721518988,0.0,0.012742800056003,center0,0.0,0.7743069443062734,HC_SINGLE_SIGMA_2.50,481.0,
UBC1233,heuristic_cut,9045,9045,0,45,45,1.0,1.0,1.0,0.0,0.0119137999136,center0,0.0,0.7918469675831699,HC_SINGLE_SIGMA_2.50,483.0,
UBC1234,heuristic_cut,9848,9849,1,48,66,0.7272727272727273,0.979591836734694,0.8347826086956521,0.2727272727272727,0.0139310000231489,center0,0.0,1.0148747270003322,HC_SINGLE_SIGMA_2.50,484.0,
UBC1235,heuristic_cut,4020,4020,0,20,21,0.9523809523809524,1.0,0.975609756097561,0.0476190476190476,0.0082728000124916,center0,0.0,0.6498313102741528,HC_SINGLE_SIGMA_2.50,488.0,
UBC1236,heuristic_cut,20111,20112,1,111,117,0.9487179487179488,0.9910714285714286,0.9694323144104804,0.0512820512820513,0.0201378000201657,center0,0.0,1.0244278703634662,HC_SINGLE_SIGMA_2.50,488.0,
UBC1237,heuristic_cut,10250,10251,1,50,147,0.3401360544217687,0.9803921568627452,0.5050505050505051,0.6598639455782314,0.0135199000360444,center0,0.0,1.3009143437718356,HC_SINGLE_SIGMA_2.50,486.0,
UBC1238,heuristic_cut,4824,4824,0,24,24,1.0,1.0,1.0,0.0,0.0087916000047698,center0,0.0,0.6662657110809324,HC_SINGLE_SIGMA_2.50,481.0,
UBC1239,heuristic_cut,4622,4623,1,22,22,1.0,0.9565217391304348,0.9777777777777776,0.0,0.0146815000334754,center0,0.0,0.6452320271270751,HC_SINGLE_SIGMA_2.50,485.0,
UBC1240,heuristic_cut,9446,9447,1,46,53,0.8679245283018868,0.9787234042553192,0.92,0.1320754716981131,0.0134363999823108,center0,0.0,0.8870310720177041,HC_SINGLE_SIGMA_2.50,485.0,
UBC1241,heuristic_cut,9848,9849,1,48,48,1.0,0.979591836734694,0.9896907216494846,0.0,0.0121588000329211,center0,0.0,0.8178719739566609,HC_SINGLE_SIGMA_2.50,484.0,
UBC1242,heuristic_cut,11658,11658,0,58,62,0.935483870967742,1.0,0.9666666666666666,0.0645161290322581,0.0162382000125944,center0,0.0,0.9110707637282808,HC_SINGLE_SIGMA_2.50,487.0,
UBC1243,heuristic_cut,6230,6231,1,30,30,1.0,0.967741935483871,0.9836065573770492,0.0,0.0122519000433385,center0,0.0,0.7072754249976095,HC_SINGLE_SIGMA_2.50,480.0,
UBC1244,heuristic_cut,20105,20106,1,105,97,1.0,0.9150943396226416,0.955665024630542,0.0,0.0325919000897556,center0,0.0,0.991683383198161,HC_SINGLE_SIGMA_2.50,486.0,
UBC1245,heuristic_cut,3818,3819,1,18,29,0.6206896551724138,0.9473684210526316,0.75,0.3793103448275862,0.012422600062564,center0,0.0,0.8455794528815797,HC_SINGLE_SIGMA_2.50,482.0,
UBC1246,heuristic_cut,13461,13462,1,66,390,0.1692307692307692,0.9850746268656716,0.2888402625820568,0.8307692307692307,0.0220720000797882,center0,0.0,1.6601665136183197,HC_SINGLE_SIGMA_2.50,485.0,
UBC1247,heuristic_cut,3014,3014,0,14,288,0.0,0.0,0.0,1.0,0.0113679999485611,center0,0.0,2.622753435309254,HC_SINGLE_SIGMA_2.50,487.0,
UBC1248,heuristic_cut,7437,7437,0,37,47,0.7872340425531915,1.0,0.880952380952381,0.2127659574468084,0.0109270999673753,center0,0.0,0.9143729274203783,HC_SINGLE_SIGMA_2.50,480.0,
UBC1249,heuristic_cut,19697,19698,1,97,96,0.9791666666666666,0.9591836734693876,0.9690721649484536,0.0208333333333333,0.0212847999064251,center0,0.0,0.987593283938439,HC_SINGLE_SIGMA_2.50,486.0,
UBC1250,heuristic_cut,5627,5628,1,27,27,1.0,0.9642857142857144,0.9818181818181818,0.0,0.0181267000734806,center0,0.0,0.6922570594952535,HC_SINGLE_SIGMA_2.50,484.0,
UBC1251,heuristic_cut,3818,3819,1,18,18,1.0,0.9473684210526316,0.972972972972973,0.0,0.0086692000040784,center0,0.0,0.6072492599760875,HC_SINGLE_SIGMA_2.50,487.0,
UBC1252,heuristic_cut,4422,4422,0,22,22,1.0,1.0,1.0,0.0,0.0096760999877005,center0,0.0,0.6448960674094437,HC_SINGLE_SIGMA_2.50,482.0,
UBC1253,heuristic_cut,8241,8241,0,41,41,1.0,1.0,1.0,0.0,0.0135894999839365,center0,0.0,0.7846588480183795,HC_SINGLE_SIGMA_2.50,485.0,
UBC1254,heuristic_cut,20108,20109,1,108,449,0.2338530066815144,0.963302752293578,0.3763440860215054,0.7661469933184855,0.022878999938257,center0,0.0,1.594025597495027,HC_SINGLE_SIGMA_2.50,487.0,
UBC1255,heuristic_cut,12662,12663,1,62,62,1.0,0.984126984126984,0.992,0.0,0.0166203000117093,center0,0.0,0.8901218507799107,HC_SINGLE_SIGMA_2.50,482.0,
UBC1256,heuristic_cut,11455,11456,1,56,115,0.4869565217391304,0.9824561403508772,0.6511627906976745,0.5130434782608695,0.0193135999143123,center0,0.0,1.218222760101232,HC_SINGLE_SIGMA_2.50,484.0,
UBC1257,heuristic_cut,3011,3011,0,11,320,0.0,0.0,0.0,1.0,0.0114422999322414,center0,0.0,2.956981234002529,HC_SINGLE_SIGMA_2.50,487.0,
UBC1258,heuristic_cut,4824,4824,0,24,41,0.5853658536585366,1.0,0.7384615384615384,0.4146341463414634,0.0161388999549672,center0,0.0,0.9549239340135768,HC_SINGLE_SIGMA_2.50,480.0,
UBC1259,heuristic_cut,4020,4020,0,20,20,1.0,1.0,1.0,0.0,0.0097943999571725,center0,0.0,0.6336771092359116,HC_SINGLE_SIGMA_2.50,480.0,
UBC1260,heuristic_cut,3618,3618,0,18,18,1.0,1.0,1.0,0.0,0.0105956000043079,center0,0.0,0.6139611769741162,HC_SINGLE_SIGMA_2.50,486.0,
UBC1261,heuristic_cut,6432,6432,0,32,32,1.0,1.0,1.0,0.0,0.0121908999281004,center0,0.0,0.7270735365671684,HC_SINGLE_SIGMA_2.50,488.0,
UBC1262,heuristic_cut,10452,10452,0,52,57,0.912280701754386,1.0,0.9541284403669724,0.087719298245614,0.0144356000237166,center0,0.0,0.871336814834208,HC_SINGLE_SIGMA_2.50,488.0,
UBC1263,heuristic_cut,7838,7839,1,38,47,0.8085106382978723,0.9743589743589745,0.8837209302325582,0.1914893617021277,0.0160979999927803,center0,0.0,0.8839476619889742,HC_SINGLE_SIGMA_2.50,486.0,
UBC1264,heuristic_cut,7437,7437,0,37,37,1.0,1.0,1.0,0.0,0.0114103999221697,center0,0.0,0.7695298712890157,HC_SINGLE_SIGMA_2.50,489.0,
UBC1265,heuristic_cut,9612,9612,0,48,333,0.1441441441441441,1.0,0.2519685039370078,0.8558558558558559,0.0173084000125527,center0,0.0,1.506136389322574,HC_SINGLE_SIGMA_2.50,485.0,
UBC1266,heuristic_cut,3012,3012,0,12,386,0.0155440414507772,0.5,0.0301507537688442,0.9844559585492229,0.0136411999119445,center0,0.0,2.014456964667968,HC_SINGLE_SIGMA_2.50,489.0,
UBC1267,heuristic_cut,7839,7839,0,39,375,0.0986666666666666,0.9487179487179488,0.178743961352657,0.9013333333333332,0.0138838000129908,center0,0.0,1.7072295290220647,HC_SINGLE_SIGMA_2.50,489.0,
UBC1268,heuristic_cut,4422,4422,0,22,22,1.0,1.0,1.0,0.0,0.009907400002703,center0,0.0,0.6575958688842534,HC_SINGLE_SIGMA_2.50,483.0,
UBC1269,heuristic_cut,3819,3819,0,19,26,0.7307692307692307,1.0,0.8444444444444443,0.2692307692307693,0.0091465000296011,center0,0.0,0.7959795236792289,HC_SINGLE_SIGMA_2.50,484.0,
UBC1270,heuristic_cut,7839,7839,0,39,320,0.021875,0.1794871794871795,0.0389972144846796,0.978125,0.0158844999969005,center0,0.0,1.81770401423019,HC_SINGLE_SIGMA_2.50,488.0,
UBC1271,heuristic_cut,6834,6834,0,34,34,1.0,1.0,1.0,0.0,0.0125317999627441,center0,0.0,0.7452525817786357,HC_SINGLE_SIGMA_2.50,479.0,
UBC1272,heuristic_cut,5226,5226,0,26,26,1.0,1.0,1.0,0.0,0.0097840999951586,center0,0.0,0.682068802064272,HC_SINGLE_SIGMA_2.50,486.0,
UBC1273,heuristic_cut,7236,7236,0,36,48,0.75,1.0,0.8571428571428571,0.25,0.0124778000172227,center0,0.0,0.9334915998528764,HC_SINGLE_SIGMA_2.50,484.0,
UBC1274,heuristic_cut,9849,9849,0,49,49,1.0,1.0,1.0,0.0,0.0142275999533012,center0,0.0,0.8242731946293972,HC_SINGLE_SIGMA_2.50,483.0,
UBC1275,heuristic_cut,3216,3216,0,16,16,1.0,1.0,1.0,0.0,0.0074408999644219,center0,0.0,0.5812774857185895,HC_SINGLE_SIGMA_2.50,484.0,
UBC1276,heuristic_cut,4422,4422,0,22,22,1.0,1.0,1.0,0.0,0.0102013000287115,center0,0.0,0.6499843073176621,HC_SINGLE_SIGMA_2.50,486.0,
UBC1277,heuristic_cut,4221,4221,0,21,26,0.8076923076923077,1.0,0.8936170212765957,0.1923076923076923,0.0087175000226125,center0,0.0,0.7667302206363402,HC_SINGLE_SIGMA_2.50,489.0,
UBC1278,heuristic_cut,4221,4221,0,21,351,0.0598290598290598,1.0,0.1129032258064516,0.9401709401709402,0.0235892999917268,center0,0.0,1.9417936417739767,HC_SINGLE_SIGMA_2.50,479.0,
UBC1279,heuristic_cut,7838,7839,1,38,38,1.0,0.9743589743589745,0.9870129870129868,0.0,0.0117337999399751,center0,0.0,0.7525380745998936,HC_SINGLE_SIGMA_2.50,483.0,
UBC1280,heuristic_cut,12864,12864,0,64,64,1.0,1.0,1.0,0.0,0.0160790000809356,center0,0.0,0.8636225259416032,HC_SINGLE_SIGMA_2.50,489.0,
UBC1281,heuristic_cut,3417,3417,0,17,17,1.0,1.0,1.0,0.0,0.0074827000498771,center0,0.0,0.6019416234198053,HC_SINGLE_SIGMA_2.50,486.0,
UBC1282,heuristic_cut,3216,3216,0,16,16,1.0,1.0,1.0,0.0,0.0084433000301942,center0,0.0,0.579025638071459,HC_SINGLE_SIGMA_2.50,489.0,
UBC1283,heuristic_cut,6230,6231,1,30,30,1.0,0.967741935483871,0.9836065573770492,0.0,0.013180400012061,center0,0.0,0.7158696324632582,HC_SINGLE_SIGMA_2.50,485.0,
UBC1284,heuristic_cut,3819,3819,0,19,204,0.0931372549019607,1.0,0.1704035874439461,0.9068627450980392,0.0149821999948471,center0,0.0,1.9053092383165429,HC_SINGLE_SIGMA_2.50,477.0,
UBC1285,heuristic_cut,6432,6432,0,32,41,0.7804878048780488,1.0,0.8767123287671234,0.2195121951219512,0.0107230999274179,center0,0.0,0.8959928217241481,HC_SINGLE_SIGMA_2.50,484.0,
UBC1286,heuristic_cut,5829,5829,0,29,30,0.9666666666666668,1.0,0.983050847457627,0.0333333333333333,0.0187357999384403,center0,0.0,0.7171615650014099,HC_SINGLE_SIGMA_2.50,474.0,
UBC1287,heuristic_cut,6231,6231,0,31,31,1.0,1.0,1.0,0.0,0.0087494999170303,center0,0.0,0.7276381756690267,HC_SINGLE_SIGMA_2.50,479.0,
UBC1288,heuristic_cut,3010,3010,0,10,339,0.0,0.0,0.0,1.0,0.0105683000292629,center0,0.0,3.3638710937368854,HC_SINGLE_SIGMA_2.50,488.0,
UBC1289,heuristic_cut,9246,9246,0,46,68,0.6764705882352942,1.0,0.8070175438596492,0.3235294117647058,0.0156904000323265,center0,0.0,1.0404388385371353,HC_SINGLE_SIGMA_2.50,485.0,
UBC1290,heuristic_cut,11256,11256,0,56,56,1.0,1.0,1.0,0.0,0.0120200999081134,center0,0.0,0.8442194802407516,HC_SINGLE_SIGMA_2.50,486.0,
UBC1291,heuristic_cut,4623,4623,0,23,23,1.0,1.0,1.0,0.0,0.007854500086978,center0,0.0,0.6564391770526748,HC_SINGLE_SIGMA_2.50,479.0,
UBC1292,heuristic_cut,11455,11457,2,55,68,0.8088235294117647,0.9649122807017544,0.88,0.1911764705882352,0.0128383999690413,center0,0.0,0.9516766520694878,HC_SINGLE_SIGMA_2.50,488.0,
UBC1293,heuristic_cut,4221,4221,0,21,21,1.0,1.0,1.0,0.0,0.0083310999907553,center0,0.0,0.6431339833755779,HC_SINGLE_SIGMA_2.50,488.0,
UBC1294,heuristic_cut,6834,6834,0,34,36,0.9444444444444444,1.0,0.9714285714285714,0.0555555555555555,0.0132467000512406,center0,0.0,0.7851435143196737,HC_SINGLE_SIGMA_2.50,478.0,
UBC1295,heuristic_cut,3618,3618,0,18,19,0.9473684210526316,1.0,0.972972972972973,0.0526315789473684,0.0085514000384137,center0,0.0,0.6309511429856586,HC_SINGLE_SIGMA_2.50,488.0,
UBC1296,heuristic_cut,12864,12864,0,64,64,1.0,1.0,1.0,0.0,0.0154902000213041,center0,0.0,0.8713088932000327,HC_SINGLE_SIGMA_2.50,490.0,
UBC1297,heuristic_cut,6632,6633,1,32,32,1.0,0.9696969696969696,0.9846153846153848,0.0,0.0102561999810859,center0,0.0,0.736885999642091,HC_SINGLE_SIGMA_2.50,488.0,
UBC1298,heuristic_cut,6833,6834,1,33,34,0.9705882352941176,0.9705882352941176,0.9705882352941176,0.0294117647058823,0.0084079999942332,center0,0.0,0.7524239146147869,HC_SINGLE_SIGMA_2.50,484.0,
UBC1299,heuristic_cut,7035,7035,0,35,35,1.0,1.0,1.0,0.0,0.0089063000632449,center0,0.0,0.7498519274064167,HC_SINGLE_SIGMA_2.50,482.0,
UBC1300,heuristic_cut,3013,3013,0,13,357,0.0,0.0,0.0,1.0,0.0086428000358864,center0,0.0,2.4889256013389778,HC_SINGLE_SIGMA_2.50,483.0,
UBC1301,heuristic_cut,9648,9648,0,48,48,1.0,1.0,1.0,0.0,0.0130460000364109,center0,0.0,0.819612176264362,HC_SINGLE_SIGMA_2.50,479.0,
UBC1302,heuristic_cut,3818,3819,1,18,18,1.0,0.9473684210526316,0.972972972972973,0.0,0.0113673999439924,center0,0.0,0.6041352041339263,HC_SINGLE_SIGMA_2.50,480.0,
UBC1303,heuristic_cut,5829,5829,0,29,29,1.0,1.0,1.0,0.0,0.0090197999961674,center0,0.0,0.6946173152644088,HC_SINGLE_SIGMA_2.50,485.0,
UBC1304,heuristic_cut,8839,8841,2,42,151,0.2781456953642384,0.9545454545454546,0.4307692307692307,0.7218543046357616,0.0119715000037103,center0,0.0,1.3986478287748156,HC_SINGLE_SIGMA_2.50,481.0,
UBC1305,heuristic_cut,3819,3819,0,19,62,0.3064516129032258,1.0,0.4691358024691358,0.6935483870967742,0.0076583999907597,center0,0.0,1.2559496906014878,HC_SINGLE_SIGMA_2.50,475.0,
UBC1306,heuristic_cut,14068,14069,1,69,368,0.0760869565217391,0.4,0.1278538812785388,0.9239130434782608,0.0213042999384924,center0,0.0,1.8864139560358888,HC_SINGLE_SIGMA_2.50,484.0,
UBC1307,heuristic_cut,11457,11457,0,57,58,0.9827586206896552,1.0,0.9913043478260868,0.0172413793103448,0.0309167999075725,center0,0.0,0.8472571396171349,HC_SINGLE_SIGMA_2.50,490.0,
UBC1308,heuristic_cut,3618,3618,0,18,18,1.0,1.0,1.0,0.0,0.0200680999550968,center0,0.0,0.6028427183901652,HC_SINGLE_SIGMA_2.50,488.0,
UBC1309,heuristic_cut,20108,20109,1,108,108,1.0,0.9908256880733946,0.9953917050691244,0.0,0.0352866000030189,center0,0.0,1.008320024625074,HC_SINGLE_SIGMA_2.50,486.0,
UBC1310,heuristic_cut,3818,3819,1,18,18,1.0,0.9473684210526316,0.972972972972973,0.0,0.0117298000259324,center0,0.0,0.6156618651276216,HC_SINGLE_SIGMA_2.50,488.0,
UBC1311,heuristic_cut,5628,5628,0,28,28,1.0,1.0,1.0,0.0,0.0143559999996796,center0,0.0,0.7032270965049547,HC_SINGLE_SIGMA_2.50,482.0,
UBC1312,heuristic_cut,5226,5226,0,26,26,1.0,1.0,1.0,0.0,0.015216999920085,center0,0.0,0.6820131946559869,HC_SINGLE_SIGMA_2.50,488.0,
UBC1313,heuristic_cut,7035,7035,0,35,35,1.0,1.0,1.0,0.0,0.0158357999753206,center0,0.0,0.7400251070626839,HC_SINGLE_SIGMA_2.50,488.0,
UBC1314,heuristic_cut,13266,13266,0,66,66,1.0,1.0,1.0,0.0,0.018458200036548,center0,0.0,0.889735553880072,HC_SINGLE_SIGMA_2.50,487.0,
UBC1315,heuristic_cut,8442,8442,0,42,43,0.9767441860465116,1.0,0.988235294117647,0.0232558139534884,0.0144592999713495,center0,0.0,0.7924675307954263,HC_SINGLE_SIGMA_2.50,488.0,
UBC1316,heuristic_cut,5628,5628,0,28,28,1.0,1.0,1.0,0.0,0.0098431999795138,center0,0.0,0.6955025934497399,HC_SINGLE_SIGMA_2.50,483.0,
UBC1317,heuristic_cut,6029,6030,1,29,29,1.0,0.9666666666666668,0.983050847457627,0.0,0.0095679999794811,center0,0.0,0.7071936913523724,HC_SINGLE_SIGMA_2.50,483.0,
UBC1318,heuristic_cut,8241,8241,0,41,44,0.9318181818181818,1.0,0.9647058823529412,0.0681818181818182,0.0178355999523773,center0,0.0,0.8129597874578768,HC_SINGLE_SIGMA_2.50,482.0,
UBC1319,heuristic_cut,13266,13266,0,66,66,1.0,1.0,1.0,0.0,0.0162315999623388,center0,0.0,0.8874583248988155,HC_SINGLE_SIGMA_2.50,486.0,
UBC1320,heuristic_cut,3216,3216,0,16,16,1.0,1.0,1.0,0.0,0.0072240999434143,center0,0.0,0.5791724573500568,HC_SINGLE_SIGMA_2.50,486.0,
UBC1321,heuristic_cut,3010,3010,0,10,344,0.0,0.0,0.0,1.0,0.0080353999510407,center0,0.0,3.0436340199724343,HC_SINGLE_SIGMA_2.50,488.0,
UBC1322,heuristic_cut,4623,4623,0,23,23,1.0,1.0,1.0,0.0,0.0088443999411538,center0,0.0,0.6586370200976711,HC_SINGLE_SIGMA_2.50,479.0,
UBC1323,heuristic_cut,5829,5829,0,29,29,1.0,1.0,1.0,0.0,0.0128124000038951,center0,0.0,0.7004409060571244,HC_SINGLE_SIGMA_2.50,486.0,
UBC1324,heuristic_cut,8844,8844,0,44,44,1.0,1.0,1.0,0.0,0.013608600012958,center0,0.0,0.7923962502029472,HC_SINGLE_SIGMA_2.50,484.0,
UBC1325,heuristic_cut,4422,4422,0,22,31,0.7096774193548387,1.0,0.8301886792452831,0.2903225806451612,0.0082661999622359,center0,0.0,0.8995149265554669,HC_SINGLE_SIGMA_2.50,485.0,
UBC1326,heuristic_cut,4824,4824,0,24,24,1.0,1.0,1.0,0.0,0.0083998999325558,center0,0.0,0.6612519006102321,HC_SINGLE_SIGMA_2.50,477.0,
UBC1327,heuristic_cut,6229,6231,2,29,29,1.0,0.935483870967742,0.9666666666666666,0.0,0.0197429000400006,center0,0.0,0.7228676528427651,HC_SINGLE_SIGMA_2.50,486.0,
UBC1328,heuristic_cut,3015,3015,0,15,15,1.0,1.0,1.0,0.0,0.0060821000952273,center0,0.0,0.5630937026477553,HC_SINGLE_SIGMA_2.50,486.0,
UBC1329,heuristic_cut,4422,4422,0,22,22,1.0,1.0,1.0,0.0,0.0067964000627398,center0,0.0,0.643343768744397,HC_SINGLE_SIGMA_2.50,487.0,
UBC1330,heuristic_cut,11456,11457,1,56,56,1.0,0.9824561403508772,0.991150442477876,0.0,0.014300899929367,center0,0.0,0.833951412299682,HC_SINGLE_SIGMA_2.50,490.0,
UBC1331,heuristic_cut,7637,7638,1,37,37,1.0,0.9736842105263158,0.9866666666666666,0.0,0.0096208000322803,center0,0.0,0.7488863017599592,HC_SINGLE_SIGMA_2.50,480.0,
UBC1332,heuristic_cut,6030,6030,0,30,30,1.0,1.0,1.0,0.0,0.0106232999823987,center0,0.0,0.710356595839661,HC_SINGLE_SIGMA_2.50,482.0,
UBC1333,heuristic_cut,5427,5427,0,27,27,1.0,1.0,1.0,0.0,0.0092632999876514,center0,0.0,0.684457421060009,HC_SINGLE_SIGMA_2.50,483.0,
UBC1334,heuristic_cut,4422,4422,0,22,22,1.0,1.0,1.0,0.0,0.0072308999951928,center0,0.0,0.6489928119915007,HC_SINGLE_SIGMA_2.50,489.0,
UBC1335,heuristic_cut,4422,4422,0,22,22,1.0,1.0,1.0,0.0,0.006632599979639,center0,0.0,0.6497539968328951,HC_SINGLE_SIGMA_2.50,482.0,
UBC1336,heuristic_cut,5829,5829,0,29,30,0.9666666666666668,1.0,0.983050847457627,0.0333333333333333,0.0090073999017477,center0,0.0,0.7188475699232039,HC_SINGLE_SIGMA_2.50,482.0,
UBC1337,heuristic_cut,8241,8241,0,41,41,1.0,1.0,1.0,0.0,0.0101606000680476,center0,0.0,0.7765022839317038,HC_SINGLE_SIGMA_2.50,486.0,
UBC1338,heuristic_cut,13668,13668,0,68,68,1.0,1.0,1.0,0.0,0.0169084999943152,center0,0.0,0.9022462519363548,HC_SINGLE_SIGMA_2.50,485.0,
UBC1339,heuristic_cut,20101,20101,0,102,355,0.1380281690140845,0.4803921568627451,0.2144420131291028,0.8619718309859155,0.0245089000090956,center0,0.0,1.4931382460181997,HC_SINGLE_SIGMA_2.50,487.0,
UBC1340,heuristic_cut,3011,3011,0,11,363,0.0,0.0,0.0,1.0,0.0123698000097647,center0,0.0,2.44270401266309,HC_SINGLE_SIGMA_2.50,484.0,
UBC1341,heuristic_cut,5427,5427,0,27,27,1.0,1.0,1.0,0.0,0.0105152999749407,center0,0.0,0.6853128333942127,HC_SINGLE_SIGMA_2.50,487.0,
UBC1342,heuristic_cut,3013,3013,0,13,297,0.0,0.0,0.0,1.0,0.0108955000760033,center0,0.0,2.9129332065021307,HC_SINGLE_SIGMA_2.50,488.0,
UBC1343,heuristic_cut,5025,5025,0,25,25,1.0,1.0,1.0,0.0,0.0217038000700995,center0,0.0,0.6835255212156608,HC_SINGLE_SIGMA_2.50,485.0,
UBC1344,heuristic_cut,8442,8442,0,42,42,1.0,1.0,1.0,0.0,0.011767000076361,center0,0.0,0.783285068842362,HC_SINGLE_SIGMA_2.50,479.0,
UBC1345,heuristic_cut,5025,5025,0,25,25,1.0,1.0,1.0,0.0,0.007950700004585,center0,0.0,0.6701537798164918,HC_SINGLE_SIGMA_2.50,487.0,
UBC1346,heuristic_cut,4422,4422,0,22,22,1.0,1.0,1.0,0.0,0.0088275000452995,center0,0.0,0.650041060252714,HC_SINGLE_SIGMA_2.50,488.0,
UBC1347,heuristic_cut,5226,5226,0,26,26,1.0,1.0,1.0,0.0,0.0103372000157833,center0,0.0,0.6791810371186457,HC_SINGLE_SIGMA_2.50,484.0,
UBC1348,heuristic_cut,3014,3014,0,14,319,0.0,0.0,0.0,1.0,0.0112510999897494,center0,0.0,3.409597722336855,HC_SINGLE_SIGMA_2.50,485.0,
UBC1349,heuristic_cut,4422,4422,0,22,22,1.0,1.0,1.0,0.0,0.0087486000265926,center0,0.0,0.6392250095593213,HC_SINGLE_SIGMA_2.50,487.0,
UBC1350,heuristic_cut,6030,6030,0,30,30,1.0,1.0,1.0,0.0,0.0093156999209895,center0,0.0,0.7101234913871702,HC_SINGLE_SIGMA_2.50,489.0,
UBC1351,heuristic_cut,8040,8040,0,40,40,1.0,1.0,1.0,0.0,0.0104737000074237,center0,0.0,0.7744136609991144,HC_SINGLE_SIGMA_2.50,483.0,
UBC1352,heuristic_cut,6834,6834,0,34,34,1.0,1.0,1.0,0.0,0.0191551999887451,center0,0.0,0.7307340172116659,HC_SINGLE_SIGMA_2.50,480.0,
UBC1353,heuristic_cut,7437,7437,0,37,37,1.0,1.0,1.0,0.0,0.0105812998954206,center0,0.0,0.748105486501337,HC_SINGLE_SIGMA_2.50,485.0,
UBC1354,heuristic_cut,8442,8442,0,42,42,1.0,1.0,1.0,0.0,0.0115128000034019,center0,0.0,0.7866663695599543,HC_SINGLE_SIGMA_2.50,488.0,
UBC1355,heuristic_cut,4824,4824,0,24,24,1.0,1.0,1.0,0.0,0.0096485998947173,center0,0.0,0.6603697704940078,HC_SINGLE_SIGMA_2.50,478.0,
UBC1356,heuristic_cut,5226,5226,0,26,26,1.0,1.0,1.0,0.0,0.0088556000264361,center0,0.0,0.6806071378495417,HC_SINGLE_SIGMA_2.50,488.0,
UBC1357,heuristic_cut,8241,8241,0,41,41,1.0,1.0,1.0,0.0,0.0120847000507637,center0,0.0,0.7709821748444751,HC_SINGLE_SIGMA_2.50,484.0,
UBC1358,heuristic_cut,10854,10854,0,54,55,0.9818181818181818,1.0,0.9908256880733944,0.0181818181818181,0.0123882999178022,center0,0.0,0.8303047635874606,HC_SINGLE_SIGMA_2.50,484.0,
UBC1359,heuristic_cut,3819,3819,0,19,19,1.0,1.0,1.0,0.0,0.0070483000017702,center0,0.0,0.6079087333048748,HC_SINGLE_SIGMA_2.50,480.0,
