cluster,variant,n_cone,n_raw_cone,n_quality_rejected,n_true_in_cone,n_pred,precision,recall,f1,contam,runtime_s,center_mode,center_shift_arcmin,objective,tag,chosen_k,chosen_tau,mean_support,median_radius,cache_pipeline_signature
UBC1001,fixed_single_k,5829,5829,0,29,29,1.0,1.0,1.0,0.0,0.025739500000781845,center0,0.0,1.0072992896566038,CORE|k=24|tau=0.55,24.0,0.55,0.9699174761772156,0.4975014328956604,MCTNC_ABLATION_RELEASE_v1_2_COREBENCHMARK_CANONICAL
UBC1002,fixed_single_k,14269,14271,2,69,69,1.0,0.971830985915493,0.9857142857142858,0.0,0.03691590000380529,center0,0.0,0.9986540542658584,CORE|k=24|tau=0.45,24.0,0.45,0.941594660282135,0.467892587184906,MCTNC_ABLATION_RELEASE_v1_2_COREBENCHMARK_CANONICAL
UBC1003,fixed_single_k,8844,8844,0,44,44,1.0,1.0,1.0,0.0,0.03122309999889694,center0,0.0,1.021152350220353,CORE|k=24|tau=0.45,24.0,0.45,0.9726431369781494,0.4541167616844177,MCTNC_ABLATION_RELEASE_v1_2_COREBENCHMARK_CANONICAL
UBC1004,fixed_single_k,20418,20418,0,418,129,1.0,0.30861244019138756,0.4716636197440585,0.0,0.045165600000473205,center0,0.0,0.8010527006082508,CORE|k=24|tau=0.75,24.0,0.75,0.8501933813095093,1.7073259353637695,MCTNC_ABLATION_RELEASE_v1_2_COREBENCHMARK_CANONICAL
UBC1005,fixed_single_k,6231,6231,0,31,31,1.0,1.0,1.0,0.0,0.030225399998016655,center0,0.0,0.9990193752083638,CORE|k=24|tau=0.45,24.0,0.45,0.967919111251831,0.5827270746231079,MCTNC_ABLATION_RELEASE_v1_2_COREBENCHMARK_CANONICAL
UBC1006,fixed_single_k,15477,15477,0,77,77,1.0,1.0,1.0,0.0,0.03836950000550132,center0,0.0,0.9765933576497683,CORE|k=24|tau=0.45,24.0,0.45,0.9348381161689758,0.6818352937698364,MCTNC_ABLATION_RELEASE_v1_2_COREBENCHMARK_CANONICAL
UBC1007,fixed_single_k,6432,6432,0,32,32,1.0,1.0,1.0,0.0,0.02746119999937946,center0,0.0,1.0204073553133555,CORE|k=24|tau=0.45,24.0,0.45,0.9812217354774475,0.49110960960388184,MCTNC_ABLATION_RELEASE_v1_2_COREBENCHMARK_CANONICAL
UBC1008,fixed_single_k,5829,5829,0,29,29,1.0,1.0,1.0,0.0,0.026850399997783825,center0,0.0,1.0046620494125256,CORE|k=24|tau=0.55,24.0,0.55,0.9686403870582581,0.5081341862678528,MCTNC_ABLATION_RELEASE_v1_2_COREBENCHMARK_CANONICAL
UBC1009,fixed_single_k,9246,9246,0,46,46,1.0,1.0,1.0,0.0,0.033701500004099216,center0,0.0,1.0008036537568388,CORE|k=24|tau=0.55,24.0,0.55,0.963962972164154,0.6048319339752197,MCTNC_ABLATION_RELEASE_v1_2_COREBENCHMARK_CANONICAL
UBC1010,fixed_single_k,9246,9246,0,46,46,1.0,1.0,1.0,0.0,0.03212630000052741,center0,0.0,1.0003579968405638,CORE|k=24|tau=0.45,24.0,0.45,0.9581542611122131,0.5435600280761719,MCTNC_ABLATION_RELEASE_v1_2_COREBENCHMARK_CANONICAL
UBC1011,fixed_single_k,20235,20235,0,235,172,1.0,0.7319148936170212,0.8452088452088452,0.0,0.0436039999985951,center0,0.0,0.8981170181938724,CORE|k=24|tau=0.75,24.0,0.75,0.8855516314506531,1.1804208755493164,MCTNC_ABLATION_RELEASE_v1_2_COREBENCHMARK_CANONICAL
UBC1012,fixed_single_k,8843,8844,1,43,43,1.0,0.9772727272727273,0.9885057471264368,0.0,0.03127930000482593,center0,0.0,1.011654621020967,CORE|k=24|tau=0.45,24.0,0.45,0.9650475978851318,0.46594491600990295,MCTNC_ABLATION_RELEASE_v1_2_COREBENCHMARK_CANONICAL
UBC1013,fixed_single_k,10049,10050,1,49,48,1.0,0.96,0.9795918367346939,0.0,0.03269419999560341,center0,0.0,0.9484751590096554,CORE|k=24|tau=0.65,24.0,0.65,0.9380444884300232,0.9353424310684204,MCTNC_ABLATION_RELEASE_v1_2_COREBENCHMARK_CANONICAL
UBC1014,fixed_single_k,5628,5628,0,28,28,1.0,1.0,1.0,0.0,0.027493200002936646,center0,0.0,0.9868966938439013,CORE|k=24|tau=0.55,24.0,0.55,0.9537595510482788,0.5387235879898071,MCTNC_ABLATION_RELEASE_v1_2_COREBENCHMARK_CANONICAL
UBC1015,fixed_single_k,20564,20565,1,564,146,1.0,0.2584070796460177,0.41068917018284107,0.0,0.04607850000320468,center1_refined,0.5667228810489178,0.8067390710939066,CORE|k=24|tau=0.75,24.0,0.75,0.8492151498794556,1.6888823509216309,MCTNC_ABLATION_RELEASE_v1_2_COREBENCHMARK_CANONICAL
UBC1016,fixed_single_k,4421,4422,1,21,6,1.0,0.2727272727272727,0.42857142857142855,0.0,0.02355139999417588,center0,0.0,0.7740651764184946,CORE|k=24|tau=0.75,24.0,0.75,0.7526697516441345,0.30656787753105164,MCTNC_ABLATION_RELEASE_v1_2_COREBENCHMARK_CANONICAL
UBC1017,fixed_single_k,5226,5226,0,26,26,1.0,1.0,1.0,0.0,0.026657000002160203,center0,0.0,0.9753794313395266,CORE|k=24|tau=0.55,24.0,0.55,0.9523500800132751,0.6510087251663208,MCTNC_ABLATION_RELEASE_v1_2_COREBENCHMARK_CANONICAL
UBC1018,fixed_single_k,20154,20154,0,154,136,1.0,0.8831168831168831,0.9379310344827586,0.0,0.04285430000163615,center0,0.0,0.9237994457472253,CORE|k=24|tau=0.75,24.0,0.75,0.8995150923728943,0.9954323768615723,MCTNC_ABLATION_RELEASE_v1_2_COREBENCHMARK_CANONICAL
UBC1019,fixed_single_k,15678,15678,0,78,76,1.0,0.9743589743589743,0.9870129870129869,0.0,0.04003689999808557,center0,0.0,0.9811911953115722,CORE|k=24|tau=0.75,24.0,0.75,0.9365509152412415,0.6431547403335571,MCTNC_ABLATION_RELEASE_v1_2_COREBENCHMARK_CANONICAL
UBC1020,fixed_single_k,20110,20111,1,110,109,1.0,0.9819819819819819,0.9909090909090909,0.0,0.0448960000067018,center0,0.0,0.9722278725332677,CORE|k=24|tau=0.75,24.0,0.75,0.9250880479812622,0.7035306692123413,MCTNC_ABLATION_RELEASE_v1_2_COREBENCHMARK_CANONICAL
UBC1021,fixed_single_k,4824,4824,0,24,19,1.0,0.7916666666666666,0.8837209302325582,0.0,0.02602679999836255,center0,0.0,0.8079701366060774,CORE|k=24|tau=0.75,24.0,0.75,0.7674587368965149,0.3731841742992401,MCTNC_ABLATION_RELEASE_v1_2_COREBENCHMARK_CANONICAL
UBC1022,fixed_single_k,7637,7638,1,37,37,1.0,0.9736842105263158,0.9866666666666666,0.0,0.02787689999968279,center0,0.0,1.0160989954530797,CORE|k=24|tau=0.45,24.0,0.45,0.9714916348457336,0.453540176153183,MCTNC_ABLATION_RELEASE_v1_2_COREBENCHMARK_CANONICAL
UBC1023,fixed_single_k,8040,8040,0,40,40,1.0,1.0,1.0,0.0,0.029801999997289386,center0,0.0,1.0073999521838433,CORE|k=24|tau=0.45,24.0,0.45,0.9642942547798157,0.4955126643180847,MCTNC_ABLATION_RELEASE_v1_2_COREBENCHMARK_CANONICAL
UBC1024,fixed_single_k,20130,20133,3,130,113,1.0,0.849624060150376,0.9186991869918699,0.0,0.04716019999614218,center0,0.0,0.9257876773228778,CORE|k=24|tau=0.75,24.0,0.75,0.8945024609565735,0.8713226914405823,MCTNC_ABLATION_RELEASE_v1_2_COREBENCHMARK_CANONICAL
UBC1025,fixed_single_k,5226,5226,0,26,26,1.0,1.0,1.0,0.0,0.02627280000160681,center0,0.0,0.9998716191171444,CORE|k=24|tau=0.55,24.0,0.55,0.9644782543182373,0.5039898157119751,MCTNC_ABLATION_RELEASE_v1_2_COREBENCHMARK_CANONICAL
UBC1026,fixed_single_k,4824,4824,0,24,10,1.0,0.4166666666666667,0.5882352941176471,0.0,0.024316900002304465,center0,0.0,0.7896541437401133,CORE|k=24|tau=0.75,24.0,0.75,0.7546366453170776,0.2665294408798218,MCTNC_ABLATION_RELEASE_v1_2_COREBENCHMARK_CANONICAL
UBC1027,fixed_single_k,20229,20229,0,229,167,1.0,0.7292576419213974,0.8434343434343434,0.0,0.04809180000302149,center0,0.0,0.9097783077908655,CORE|k=24|tau=0.75,24.0,0.75,0.8859214782714844,1.0397943258285522,MCTNC_ABLATION_RELEASE_v1_2_COREBENCHMARK_CANONICAL
UBC1028,fixed_single_k,4020,4020,0,20,20,1.0,1.0,1.0,0.0,0.026877399999648333,center0,0.0,0.851934937422058,CORE|k=24|tau=0.55,24.0,0.55,0.8117620348930359,0.41170862317085266,MCTNC_ABLATION_RELEASE_v1_2_COREBENCHMARK_CANONICAL
UBC1029,fixed_single_k,9444,9447,3,44,44,1.0,0.9361702127659575,0.967032967032967,0.0,0.03486699999484699,center0,0.0,1.0012112575193506,CORE|k=24|tau=0.45,24.0,0.45,0.9616851210594177,0.5576521158218384,MCTNC_ABLATION_RELEASE_v1_2_COREBENCHMARK_CANONICAL
UBC1030,fixed_single_k,4623,4623,0,23,19,1.0,0.8260869565217391,0.9047619047619047,0.0,0.03045429999474436,center0,0.0,0.8117259691316282,CORE|k=24|tau=0.75,24.0,0.75,0.7718489170074463,0.3854650855064392,MCTNC_ABLATION_RELEASE_v1_2_COREBENCHMARK_CANONICAL
UBC1031,fixed_single_k,9045,9045,0,45,45,1.0,1.0,1.0,0.0,0.03615619999618502,center0,0.0,1.0160698244638686,CORE|k=24|tau=0.45,24.0,0.45,0.968119740486145,0.4656904935836792,MCTNC_ABLATION_RELEASE_v1_2_COREBENCHMARK_CANONICAL
UBC1032,fixed_single_k,3216,3216,0,16,13,1.0,0.8125,0.896551724137931,0.0,0.031756999997014645,center0,0.0,0.7943422032001436,CORE|k=24|tau=0.75,24.0,0.75,0.7662714719772339,0.4700448513031006,MCTNC_ABLATION_RELEASE_v1_2_COREBENCHMARK_CANONICAL
UBC1033,fixed_single_k,6833,6834,1,33,33,1.0,0.9705882352941176,0.9850746268656716,0.0,0.028630900000280235,center0,0.0,0.974293632343433,CORE|k=24|tau=0.55,24.0,0.55,0.9571399092674255,0.7488018274307251,MCTNC_ABLATION_RELEASE_v1_2_COREBENCHMARK_CANONICAL
UBC1034,fixed_single_k,9045,9045,0,45,45,1.0,1.0,1.0,0.0,0.029453099996317178,center0,0.0,0.9825144902862596,CORE|k=24|tau=0.55,24.0,0.55,0.9528246521949768,0.6774068474769592,MCTNC_ABLATION_RELEASE_v1_2_COREBENCHMARK_CANONICAL
UBC1035,fixed_single_k,20112,20112,0,112,112,1.0,1.0,1.0,0.0,0.0496701000010944,center0,0.0,0.9740328680980156,CORE|k=24|tau=0.45,24.0,0.45,0.9195337891578674,0.6189724206924438,MCTNC_ABLATION_RELEASE_v1_2_COREBENCHMARK_CANONICAL
UBC1036,fixed_single_k,20112,20112,0,112,110,1.0,0.9821428571428571,0.9909909909909909,0.0,0.04477709999628132,center0,0.0,0.9539405837234066,CORE|k=24|tau=0.75,24.0,0.75,0.9155533313751221,0.7934331297874451,MCTNC_ABLATION_RELEASE_v1_2_COREBENCHMARK_CANONICAL
UBC1037,fixed_single_k,17084,17085,1,84,83,1.0,0.9764705882352941,0.988095238095238,0.0,0.04085159999522148,center0,0.0,0.9720936693204074,CORE|k=24|tau=0.75,24.0,0.75,0.9268504977226257,0.6578527688980103,MCTNC_ABLATION_RELEASE_v1_2_COREBENCHMARK_CANONICAL
UBC1038,fixed_single_k,10251,10251,0,51,50,1.0,0.9803921568627451,0.99009900990099,0.0,0.04008860000612913,center0,0.0,1.007700306350142,CORE|k=24|tau=0.75,24.0,0.75,0.9632689952850342,0.5354564785957336,MCTNC_ABLATION_RELEASE_v1_2_COREBENCHMARK_CANONICAL
UBC1039,fixed_single_k,11656,11658,2,56,44,1.0,0.7586206896551724,0.8627450980392156,0.0,0.036772799998288974,center0,0.0,0.8604700853321213,CORE|k=24|tau=0.75,24.0,0.75,0.8458632826805115,0.8403829336166382,MCTNC_ABLATION_RELEASE_v1_2_COREBENCHMARK_CANONICAL
UBC1040,fixed_single_k,8040,8040,0,40,33,1.0,0.825,0.9041095890410958,0.0,0.03139240000018617,center0,0.0,0.8497121815979698,CORE|k=24|tau=0.75,24.0,0.75,0.8418648838996887,0.8639397025108337,MCTNC_ABLATION_RELEASE_v1_2_COREBENCHMARK_CANONICAL
UBC1041,fixed_single_k,7035,7035,0,35,35,1.0,1.0,1.0,0.0,0.028153799998108298,center0,0.0,1.0099327937038751,CORE|k=24|tau=0.45,24.0,0.45,0.9637336730957031,0.4161750376224518,MCTNC_ABLATION_RELEASE_v1_2_COREBENCHMARK_CANONICAL
UBC1042,fixed_single_k,19094,19095,1,94,92,1.0,0.968421052631579,0.983957219251337,0.0,0.0649046000035014,center0,0.0,0.965668432886686,CORE|k=24|tau=0.75,24.0,0.75,0.9206516146659851,0.6823543310165405,MCTNC_ABLATION_RELEASE_v1_2_COREBENCHMARK_CANONICAL
UBC1043,fixed_single_k,6231,6231,0,31,31,1.0,1.0,1.0,0.0,0.033675000006041955,center0,0.0,1.013463168930253,CORE|k=24|tau=0.55,24.0,0.55,0.9744263887405396,0.4822063446044922,MCTNC_ABLATION_RELEASE_v1_2_COREBENCHMARK_CANONICAL
UBC1044,fixed_single_k,6030,6030,0,30,30,1.0,1.0,1.0,0.0,0.0550403000015649,center0,0.0,1.0155114767070041,CORE|k=24|tau=0.45,24.0,0.45,0.9776548743247986,0.49790436029434204,MCTNC_ABLATION_RELEASE_v1_2_COREBENCHMARK_CANONICAL
UBC1045,fixed_single_k,10853,10854,1,53,53,1.0,0.9814814814814815,0.9906542056074767,0.0,0.07433919999311911,center0,0.0,0.9763561859065841,CORE|k=24|tau=0.55,24.0,0.55,0.9467436671257019,0.7226660847663879,MCTNC_ABLATION_RELEASE_v1_2_COREBENCHMARK_CANONICAL
UBC1046,fixed_single_k,6231,6231,0,31,31,1.0,1.0,1.0,0.0,0.04401579999830574,center0,0.0,0.9988322076236876,CORE|k=24|tau=0.55,24.0,0.55,0.9616667628288269,0.5045698881149292,MCTNC_ABLATION_RELEASE_v1_2_COREBENCHMARK_CANONICAL
UBC1047,fixed_single_k,6833,6834,1,33,33,1.0,0.9705882352941176,0.9850746268656716,0.0,0.045622999998158775,center0,0.0,0.9690980405494021,CORE|k=24|tau=0.55,24.0,0.55,0.9582668542861938,0.8328118324279785,MCTNC_ABLATION_RELEASE_v1_2_COREBENCHMARK_CANONICAL
UBC1048,fixed_single_k,11658,11658,0,58,57,1.0,0.9827586206896551,0.9913043478260869,0.0,0.041959200003475416,center0,0.0,0.9686665375771633,CORE|k=24|tau=0.75,24.0,0.75,0.9334922432899475,0.6744621992111206,MCTNC_ABLATION_RELEASE_v1_2_COREBENCHMARK_CANONICAL
UBC1049,fixed_single_k,20228,20231,3,228,162,1.0,0.7012987012987013,0.8244274809160306,0.0,0.05004180000105407,center0,0.0,0.8900902488600617,CORE|k=24|tau=0.75,24.0,0.75,0.8790000677108765,1.1883817911148071,MCTNC_ABLATION_RELEASE_v1_2_COREBENCHMARK_CANONICAL
UBC1050,fixed_single_k,5427,5427,0,27,27,1.0,1.0,1.0,0.0,0.029792399996949825,center0,0.0,0.9990475459767395,CORE|k=24|tau=0.55,24.0,0.55,0.9629029035568237,0.49690932035446167,MCTNC_ABLATION_RELEASE_v1_2_COREBENCHMARK_CANONICAL
UBC1051,fixed_single_k,16078,16080,2,78,72,1.0,0.9,0.9473684210526316,0.0,0.040585499998996966,center0,0.0,0.9539990221565618,CORE|k=24|tau=0.75,24.0,0.75,0.9231202602386475,0.7791467905044556,MCTNC_ABLATION_RELEASE_v1_2_COREBENCHMARK_CANONICAL
UBC1052,fixed_single_k,6230,6231,1,30,30,1.0,0.967741935483871,0.9836065573770492,0.0,0.03266549999534618,center0,0.0,0.9867703587789217,CORE|k=24|tau=0.45,24.0,0.45,0.9630639553070068,0.6533641815185547,MCTNC_ABLATION_RELEASE_v1_2_COREBENCHMARK_CANONICAL
UBC1053,fixed_single_k,12460,12462,2,60,60,1.0,0.967741935483871,0.9836065573770492,0.0,0.035995500002172776,center0,0.0,0.97482744155133,CORE|k=24|tau=0.45,24.0,0.45,0.9334409236907959,0.6135638952255249,MCTNC_ABLATION_RELEASE_v1_2_COREBENCHMARK_CANONICAL
UBC1054,fixed_single_k,5427,5427,0,27,27,1.0,1.0,1.0,0.0,0.02747290000115754,center0,0.0,1.001223934143682,CORE|k=24|tau=0.55,24.0,0.55,0.9711750745773315,0.5719557404518127,MCTNC_ABLATION_RELEASE_v1_2_COREBENCHMARK_CANONICAL
UBC1055,fixed_single_k,9849,9849,0,49,48,1.0,0.9795918367346939,0.9896907216494846,0.0,0.03529070000513457,center0,0.0,0.962754105522506,CORE|k=24|tau=0.75,24.0,0.75,0.9377054572105408,0.746888279914856,MCTNC_ABLATION_RELEASE_v1_2_COREBENCHMARK_CANONICAL
UBC1056,fixed_single_k,4422,4422,0,22,21,1.0,0.9545454545454546,0.9767441860465117,0.0,0.024566599997342564,center0,0.0,0.8254968104136226,CORE|k=24|tau=0.75,24.0,0.75,0.7861581444740295,0.4232594072818756,MCTNC_ABLATION_RELEASE_v1_2_COREBENCHMARK_CANONICAL
UBC1057,fixed_single_k,20177,20179,2,177,137,1.0,0.7653631284916201,0.8670886075949367,0.0,0.05103339999914169,center0,0.0,0.9459411420997694,CORE|k=24|tau=0.75,24.0,0.75,0.9050118327140808,0.8143016695976257,MCTNC_ABLATION_RELEASE_v1_2_COREBENCHMARK_CANONICAL
UBC1058,fixed_single_k,9045,9045,0,45,45,1.0,1.0,1.0,0.0,0.032945099999778904,center0,0.0,0.9817321315281082,CORE|k=24|tau=0.45,24.0,0.45,0.9527609348297119,0.6904686689376831,MCTNC_ABLATION_RELEASE_v1_2_COREBENCHMARK_CANONICAL
UBC1059,fixed_single_k,5628,5628,0,28,28,1.0,1.0,1.0,0.0,0.026187299998127855,center0,0.0,1.033067149620448,CORE|k=24|tau=0.45,24.0,0.45,0.98688143491745,0.38301634788513184,MCTNC_ABLATION_RELEASE_v1_2_COREBENCHMARK_CANONICAL
UBC1060,fixed_single_k,9445,9447,2,45,45,1.0,0.9574468085106383,0.9782608695652174,0.0,0.034926799999084324,center0,0.0,1.0023096504725462,CORE|k=24|tau=0.55,24.0,0.55,0.9654343724250793,0.59647536277771,MCTNC_ABLATION_RELEASE_v1_2_COREBENCHMARK_CANONICAL
UBC1061,fixed_single_k,15879,15879,0,79,79,1.0,1.0,1.0,0.0,0.05918490000476595,center0,0.0,0.9307713570805465,CORE|k=24|tau=0.55,24.0,0.55,0.9159784317016602,0.9875739812850952,MCTNC_ABLATION_RELEASE_v1_2_COREBENCHMARK_CANONICAL
UBC1062,fixed_single_k,6432,6432,0,32,32,1.0,1.0,1.0,0.0,0.03316929999709828,center0,0.0,1.000813739706737,CORE|k=24|tau=0.55,24.0,0.55,0.970172643661499,0.5889935493469238,MCTNC_ABLATION_RELEASE_v1_2_COREBENCHMARK_CANONICAL
UBC1063,fixed_single_k,14271,14271,0,71,71,1.0,1.0,1.0,0.0,0.03776610000204528,center0,0.0,0.958779736678768,CORE|k=24|tau=0.55,24.0,0.55,0.9241149425506592,0.729670524597168,MCTNC_ABLATION_RELEASE_v1_2_COREBENCHMARK_CANONICAL
UBC1064,fixed_single_k,19899,19899,0,99,96,1.0,0.9696969696969697,0.9846153846153847,0.0,0.052521099998557474,center0,0.0,0.9301425644758223,CORE|k=24|tau=0.75,24.0,0.75,0.9079494476318359,0.9561895132064819,MCTNC_ABLATION_RELEASE_v1_2_COREBENCHMARK_CANONICAL
UBC1065,fixed_single_k,3012,3012,0,12,105,0.0,0.0,0.0,1.0,0.02474629999778699,center1_refined,20.0,0.7318739481358538,CORE|k=24|tau=0.75,24.0,0.75,0.8110577464103699,1.8968513011932373,MCTNC_ABLATION_RELEASE_v1_2_COREBENCHMARK_CANONICAL
UBC1066,fixed_single_k,7437,7437,0,37,37,1.0,1.0,1.0,0.0,0.029664200003026053,center0,0.0,1.0104985011835352,CORE|k=24|tau=0.55,24.0,0.55,0.9750581979751587,0.5607039332389832,MCTNC_ABLATION_RELEASE_v1_2_COREBENCHMARK_CANONICAL
UBC1067,fixed_single_k,10854,10854,0,54,53,1.0,0.9814814814814815,0.9906542056074767,0.0,0.035023399999772664,center0,0.0,0.9642780334606658,CORE|k=24|tau=0.75,24.0,0.75,0.9343803524971008,0.712503969669342,MCTNC_ABLATION_RELEASE_v1_2_COREBENCHMARK_CANONICAL
UBC1068,fixed_single_k,6029,6029,0,30,45,0.6666666666666666,1.0,0.8,0.33333333333333337,0.029080899999826215,center1_refined,1.925865188241005,0.9450035458453472,CORE|k=24|tau=0.75,24.0,0.75,0.9263032078742981,0.796268880367279,MCTNC_ABLATION_RELEASE_v1_2_COREBENCHMARK_CANONICAL
UBC1069,fixed_single_k,5628,5628,0,28,28,1.0,1.0,1.0,0.0,0.02662419999978738,center0,0.0,1.0217230150903036,CORE|k=24|tau=0.55,24.0,0.55,0.9815791845321655,0.45632636547088623,MCTNC_ABLATION_RELEASE_v1_2_COREBENCHMARK_CANONICAL
UBC1070,fixed_single_k,3417,3417,0,17,16,1.0,0.9411764705882353,0.9696969696969697,0.0,0.025004300005093683,center0,0.0,0.8542326518822095,CORE|k=24|tau=0.75,24.0,0.75,0.8162542581558228,0.39993584156036377,MCTNC_ABLATION_RELEASE_v1_2_COREBENCHMARK_CANONICAL
UBC1071,fixed_single_k,3617,3618,1,17,16,1.0,0.8888888888888888,0.9411764705882353,0.0,0.024310000000696164,center0,0.0,0.8164055383745026,CORE|k=24|tau=0.75,24.0,0.75,0.7953040599822998,0.5966376662254333,MCTNC_ABLATION_RELEASE_v1_2_COREBENCHMARK_CANONICAL
UBC1072,fixed_single_k,15678,15678,0,78,78,1.0,1.0,1.0,0.0,0.07228939999913564,center0,0.0,0.9764843958991745,CORE|k=24|tau=0.45,24.0,0.45,0.9326915144920349,0.6588129997253418,MCTNC_ABLATION_RELEASE_v1_2_COREBENCHMARK_CANONICAL
UBC1073,fixed_single_k,19898,19899,1,98,96,1.0,0.9696969696969697,0.9846153846153847,0.0,0.04516490000241902,center0,0.0,0.9445083681924338,CORE|k=24|tau=0.75,24.0,0.75,0.9075968861579895,0.7884833812713623,MCTNC_ABLATION_RELEASE_v1_2_COREBENCHMARK_CANONICAL
UBC1074,fixed_single_k,4824,4824,0,24,297,0.0,0.0,0.0,1.0,0.026044199999887496,center1_refined,20.0,0.7999186779610612,CORE|k=24|tau=0.75,24.0,0.75,0.8340727686882019,1.6842796802520752,MCTNC_ABLATION_RELEASE_v1_2_COREBENCHMARK_CANONICAL
UBC1075,fixed_single_k,7838,7839,1,38,38,1.0,0.9743589743589743,0.9870129870129869,0.0,0.03243340000335593,center0,0.0,1.0195175183884269,CORE|k=24|tau=0.55,24.0,0.55,0.9710575938224792,0.409292995929718,MCTNC_ABLATION_RELEASE_v1_2_COREBENCHMARK_CANONICAL
UBC1076,fixed_single_k,6432,6432,0,32,32,1.0,1.0,1.0,0.0,0.030408400001761038,center0,0.0,1.0132750131982466,CORE|k=24|tau=0.45,24.0,0.45,0.9784654378890991,0.5383483171463013,MCTNC_ABLATION_RELEASE_v1_2_COREBENCHMARK_CANONICAL
UBC1077,fixed_single_k,12261,12261,0,61,59,1.0,0.9672131147540983,0.9833333333333333,0.0,0.04039419999753591,center0,0.0,0.9675437175786707,CORE|k=24|tau=0.75,24.0,0.75,0.9371660351753235,0.7419700622558594,MCTNC_ABLATION_RELEASE_v1_2_COREBENCHMARK_CANONICAL
UBC1078,fixed_single_k,9647,9648,1,47,47,1.0,0.9791666666666666,0.9894736842105264,0.0,0.034215499996207654,center0,0.0,0.9917842187082131,CORE|k=24|tau=0.55,24.0,0.55,0.9583404064178467,0.6478500962257385,MCTNC_ABLATION_RELEASE_v1_2_COREBENCHMARK_CANONICAL
UBC1079,fixed_single_k,5628,5628,0,28,28,1.0,1.0,1.0,0.0,0.03122379999695113,center0,0.0,1.0186017488032029,CORE|k=24|tau=0.45,24.0,0.45,0.9810853600502014,0.4899931252002716,MCTNC_ABLATION_RELEASE_v1_2_COREBENCHMARK_CANONICAL
UBC1080,fixed_single_k,15074,15075,1,74,74,1.0,0.9866666666666667,0.9932885906040269,0.0,0.03912290000153007,center0,0.0,0.9822498146274105,CORE|k=24|tau=0.45,24.0,0.45,0.9416379928588867,0.6841106414794922,MCTNC_ABLATION_RELEASE_v1_2_COREBENCHMARK_CANONICAL
UBC1081,fixed_single_k,10452,10452,0,52,52,1.0,1.0,1.0,0.0,0.03635009999561589,center0,0.0,1.0021374666288854,CORE|k=24|tau=0.45,24.0,0.45,0.9527812600135803,0.4812575876712799,MCTNC_ABLATION_RELEASE_v1_2_COREBENCHMARK_CANONICAL
UBC1082,fixed_single_k,7437,7437,0,37,37,1.0,1.0,1.0,0.0,0.030155000000377186,center0,0.0,1.0148366096709625,CORE|k=24|tau=0.45,24.0,0.45,0.969273567199707,0.43563932180404663,MCTNC_ABLATION_RELEASE_v1_2_COREBENCHMARK_CANONICAL
UBC1083,fixed_single_k,3618,3618,0,18,16,1.0,0.8888888888888888,0.9411764705882353,0.0,0.022901100004673935,center0,0.0,0.8102064780126702,CORE|k=24|tau=0.75,24.0,0.75,0.7789021730422974,0.4748721718788147,MCTNC_ABLATION_RELEASE_v1_2_COREBENCHMARK_CANONICAL
UBC1084,fixed_single_k,6432,6432,0,32,32,1.0,1.0,1.0,0.0,0.028413499996531755,center0,0.0,1.0338336489507678,CORE|k=24|tau=0.45,24.0,0.45,0.9809207916259766,0.3215818405151367,MCTNC_ABLATION_RELEASE_v1_2_COREBENCHMARK_CANONICAL
UBC1085,fixed_single_k,12461,12462,1,61,60,1.0,0.967741935483871,0.9836065573770492,0.0,0.038555200000701007,center0,0.0,0.9997312517113852,CORE|k=24|tau=0.75,24.0,0.75,0.9474951028823853,0.48640692234039307,MCTNC_ABLATION_RELEASE_v1_2_COREBENCHMARK_CANONICAL
UBC1086,fixed_single_k,7437,7437,0,37,37,1.0,1.0,1.0,0.0,0.03432969999994384,center0,0.0,0.974410564095418,CORE|k=24|tau=0.55,24.0,0.55,0.945632815361023,0.6344714164733887,MCTNC_ABLATION_RELEASE_v1_2_COREBENCHMARK_CANONICAL
UBC1087,fixed_single_k,3819,3819,0,19,18,1.0,0.9473684210526315,0.972972972972973,0.0,0.024784100001852494,center0,0.0,0.8441433135097849,CORE|k=24|tau=0.75,24.0,0.75,0.8009231090545654,0.3541621267795563,MCTNC_ABLATION_RELEASE_v1_2_COREBENCHMARK_CANONICAL
UBC1088,fixed_single_k,6632,6633,1,32,32,1.0,0.9696969696969697,0.9846153846153847,0.0,0.031212399997457396,center0,0.0,0.9844900542783361,CORE|k=24|tau=0.45,24.0,0.45,0.9596421718597412,0.6481831073760986,MCTNC_ABLATION_RELEASE_v1_2_COREBENCHMARK_CANONICAL
UBC1089,fixed_single_k,7035,7035,0,35,35,1.0,1.0,1.0,0.0,0.029365700000198558,center0,0.0,0.9723270954828128,CORE|k=24|tau=0.55,24.0,0.55,0.9458000063896179,0.6479282379150391,MCTNC_ABLATION_RELEASE_v1_2_COREBENCHMARK_CANONICAL
UBC1090,fixed_single_k,4019,4020,1,19,19,1.0,0.95,0.9743589743589743,0.0,0.029153099996619858,center0,0.0,0.8084089760841213,CORE|k=24|tau=0.55,24.0,0.55,0.7666741609573364,0.3788101375102997,MCTNC_ABLATION_RELEASE_v1_2_COREBENCHMARK_CANONICAL
UBC1091,fixed_single_k,12260,12261,1,60,59,1.0,0.9672131147540983,0.9833333333333333,0.0,0.036573700002918486,center0,0.0,0.9423965839851403,CORE|k=24|tau=0.75,24.0,0.75,0.9289876818656921,0.9457730650901794,MCTNC_ABLATION_RELEASE_v1_2_COREBENCHMARK_CANONICAL
UBC1092,fixed_single_k,5628,5628,0,28,28,1.0,1.0,1.0,0.0,0.031435199998668395,center0,0.0,1.0104396945202339,CORE|k=24|tau=0.55,24.0,0.55,0.9733683466911316,0.49604642391204834,MCTNC_ABLATION_RELEASE_v1_2_COREBENCHMARK_CANONICAL
UBC1093,fixed_single_k,19496,19497,1,96,91,1.0,0.9381443298969072,0.9680851063829787,0.0,0.047171499994874466,center0,0.0,0.9741459985847039,CORE|k=24|tau=0.75,24.0,0.75,0.9248607158660889,0.6289762854576111,MCTNC_ABLATION_RELEASE_v1_2_COREBENCHMARK_CANONICAL
UBC1094,fixed_single_k,15879,15879,0,79,77,1.0,0.9746835443037974,0.9871794871794872,0.0,0.05048710000119172,center0,0.0,0.9505819493444685,CORE|k=24|tau=0.75,24.0,0.75,0.9246324896812439,0.8672317862510681,MCTNC_ABLATION_RELEASE_v1_2_COREBENCHMARK_CANONICAL
UBC1095,fixed_single_k,8643,8643,0,43,43,1.0,1.0,1.0,0.0,0.03214570000272943,center0,0.0,1.000669026275576,CORE|k=24|tau=0.55,24.0,0.55,0.9623734951019287,0.5633785724639893,MCTNC_ABLATION_RELEASE_v1_2_COREBENCHMARK_CANONICAL
UBC1096,fixed_single_k,5226,5226,0,26,26,1.0,1.0,1.0,0.0,0.030377700000826735,center0,0.0,0.9984651899648664,CORE|k=24|tau=0.55,24.0,0.55,0.9630826115608215,0.5001243352890015,MCTNC_ABLATION_RELEASE_v1_2_COREBENCHMARK_CANONICAL
UBC1097,fixed_single_k,4422,4422,0,22,19,1.0,0.8636363636363636,0.9268292682926829,0.0,0.027578100001846906,center0,0.0,0.8072609402105331,CORE|k=24|tau=0.75,24.0,0.75,0.7752231359481812,0.4846746027469635,MCTNC_ABLATION_RELEASE_v1_2_COREBENCHMARK_CANONICAL
UBC1098,fixed_single_k,3819,3819,0,19,18,1.0,0.9473684210526315,0.972972972972973,0.0,0.026398499998322222,center0,0.0,0.821219232536398,CORE|k=24|tau=0.75,24.0,0.75,0.7819693088531494,0.4010941982269287,MCTNC_ABLATION_RELEASE_v1_2_COREBENCHMARK_CANONICAL
UBC1099,fixed_single_k,7638,7638,0,38,38,1.0,1.0,1.0,0.0,0.030310000001918525,center0,0.0,0.9604883354785583,CORE|k=24|tau=0.55,24.0,0.55,0.9408695697784424,0.7579201459884644,MCTNC_ABLATION_RELEASE_v1_2_COREBENCHMARK_CANONICAL
UBC1100,fixed_single_k,9447,9447,0,47,47,1.0,1.0,1.0,0.0,0.03737689999979921,center0,0.0,0.9733800268781729,CORE|k=24|tau=0.55,24.0,0.55,0.9447001814842224,0.7004572749137878,MCTNC_ABLATION_RELEASE_v1_2_COREBENCHMARK_CANONICAL
UBC1101,fixed_single_k,11658,11658,0,58,55,1.0,0.9482758620689655,0.9734513274336283,0.0,0.03813609999633627,center0,0.0,0.9715234832549776,CORE|k=24|tau=0.75,24.0,0.75,0.9407415986061096,0.7259697318077087,MCTNC_ABLATION_RELEASE_v1_2_COREBENCHMARK_CANONICAL
UBC1102,fixed_single_k,9045,9045,0,45,45,1.0,1.0,1.0,0.0,0.032194999999774154,center0,0.0,0.9901291873918329,CORE|k=24|tau=0.45,24.0,0.45,0.9497885704040527,0.5460987091064453,MCTNC_ABLATION_RELEASE_v1_2_COREBENCHMARK_CANONICAL
UBC1103,fixed_single_k,10047,10047,0,50,63,0.6825396825396826,0.86,0.7610619469026547,0.31746031746031744,0.03293820000544656,center0,0.0,0.9033392576527013,CORE|k=24|tau=0.75,24.0,0.75,0.9015854001045227,1.087430715560913,MCTNC_ABLATION_RELEASE_v1_2_COREBENCHMARK_CANONICAL
UBC1104,fixed_single_k,9445,9447,2,45,45,0.9777777777777777,0.9361702127659575,0.9565217391304347,0.022222222222222254,0.032571900002949405,center0,0.0,1.0046012429218287,CORE|k=24|tau=0.75,24.0,0.75,0.9519007205963135,0.406048059463501,MCTNC_ABLATION_RELEASE_v1_2_COREBENCHMARK_CANONICAL
UBC1105,fixed_single_k,10652,10653,1,52,52,1.0,0.9811320754716981,0.9904761904761905,0.0,0.03847959999984596,center0,0.0,0.980188211312247,CORE|k=24|tau=0.55,24.0,0.55,0.9427333474159241,0.6274772882461548,MCTNC_ABLATION_RELEASE_v1_2_COREBENCHMARK_CANONICAL
UBC1106,fixed_single_k,7034,7035,1,34,34,1.0,0.9714285714285714,0.9855072463768115,0.0,0.02893949999997858,center0,0.0,0.9866958603832665,CORE|k=24|tau=0.65,24.0,0.65,0.9596056938171387,0.6422791481018066,MCTNC_ABLATION_RELEASE_v1_2_COREBENCHMARK_CANONICAL
UBC1107,fixed_single_k,6231,6231,0,31,32,0.96875,1.0,0.9841269841269841,0.03125,0.029609900004288647,center0,0.0,0.9405373893861707,CORE|k=24|tau=0.75,24.0,0.75,0.9273892641067505,0.7932058572769165,MCTNC_ABLATION_RELEASE_v1_2_COREBENCHMARK_CANONICAL
UBC1108,fixed_single_k,11256,11256,0,56,56,1.0,1.0,1.0,0.0,0.056507900000724476,center0,0.0,0.9916238876762332,CORE|k=24|tau=0.55,24.0,0.55,0.9485229253768921,0.5771862268447876,MCTNC_ABLATION_RELEASE_v1_2_COREBENCHMARK_CANONICAL
UBC1109,fixed_single_k,6432,6432,0,32,32,1.0,1.0,1.0,0.0,0.04354050000256393,center0,0.0,0.9842369647295894,CORE|k=24|tau=0.55,24.0,0.55,0.9600343704223633,0.6632412672042847,MCTNC_ABLATION_RELEASE_v1_2_COREBENCHMARK_CANONICAL
UBC1110,fixed_single_k,7638,7638,0,38,38,1.0,1.0,1.0,0.0,0.030794300000707153,center0,0.0,1.019733649887664,CORE|k=24|tau=0.55,24.0,0.55,0.9742326140403748,0.4527161717414856,MCTNC_ABLATION_RELEASE_v1_2_COREBENCHMARK_CANONICAL
UBC1111,fixed_single_k,5628,5628,0,28,36,0.7777777777777778,1.0,0.8750000000000001,0.2222222222222222,0.029571700004453305,center0,0.0,0.884091620207192,CORE|k=24|tau=0.75,24.0,0.75,0.8980348110198975,1.1344162225723267,MCTNC_ABLATION_RELEASE_v1_2_COREBENCHMARK_CANONICAL
UBC1112,fixed_single_k,9044,9045,1,44,44,1.0,0.9777777777777777,0.9887640449438202,0.0,0.03273520000220742,center0,0.0,0.9848222117075102,CORE|k=24|tau=0.45,24.0,0.45,0.9512662887573242,0.6324846744537354,MCTNC_ABLATION_RELEASE_v1_2_COREBENCHMARK_CANONICAL
UBC1113,fixed_single_k,6632,6633,1,32,32,1.0,0.9696969696969697,0.9846153846153847,0.0,0.028419900001608767,center0,0.0,1.0184880642978216,CORE|k=24|tau=0.55,24.0,0.55,0.9795719385147095,0.48356878757476807,MCTNC_ABLATION_RELEASE_v1_2_COREBENCHMARK_CANONICAL
UBC1114,fixed_single_k,4824,4824,0,24,16,1.0,0.6666666666666666,0.8,0.0,0.02800250000291271,center0,0.0,0.7969426919174772,CORE|k=24|tau=0.75,24.0,0.75,0.7915890216827393,0.7353235483169556,MCTNC_ABLATION_RELEASE_v1_2_COREBENCHMARK_CANONICAL
UBC1115,fixed_single_k,7437,7437,0,37,36,1.0,0.972972972972973,0.9863013698630138,0.0,0.034965299993928056,center0,0.0,0.8954756357024983,CORE|k=24|tau=0.75,24.0,0.75,0.8601240515708923,0.5534875392913818,MCTNC_ABLATION_RELEASE_v1_2_COREBENCHMARK_CANONICAL
UBC1116,fixed_single_k,4623,4623,0,23,23,1.0,1.0,1.0,0.0,0.025537299996358342,center0,0.0,0.8486627669594133,CORE|k=24|tau=0.55,24.0,0.55,0.8091983795166016,0.43698784708976746,MCTNC_ABLATION_RELEASE_v1_2_COREBENCHMARK_CANONICAL
UBC1117,fixed_single_k,10251,10251,0,51,50,1.0,0.9803921568627451,0.99009900990099,0.0,0.03526600000623148,center0,0.0,0.973968986905731,CORE|k=24|tau=0.75,24.0,0.75,0.9414135217666626,0.6757928133010864,MCTNC_ABLATION_RELEASE_v1_2_COREBENCHMARK_CANONICAL
UBC1118,fixed_single_k,20189,20191,2,189,158,1.0,0.8272251308900523,0.9054441260744985,0.0,0.04614109999965876,center0,0.0,0.9333643095617583,CORE|k=24|tau=0.75,24.0,0.75,0.889193594455719,0.824183464050293,MCTNC_ABLATION_RELEASE_v1_2_COREBENCHMARK_CANONICAL
UBC1119,fixed_single_k,5226,5226,0,26,26,1.0,1.0,1.0,0.0,0.02842100000270875,center0,0.0,1.002451377288151,CORE|k=24|tau=0.55,24.0,0.55,0.9708138108253479,0.5458104014396667,MCTNC_ABLATION_RELEASE_v1_2_COREBENCHMARK_CANONICAL
UBC1120,fixed_single_k,3417,3417,0,17,12,1.0,0.7058823529411765,0.8275862068965517,0.0,0.029801299999235198,center0,0.0,0.7901381833693559,CORE|k=24|tau=0.75,24.0,0.75,0.7760241627693176,0.6033750772476196,MCTNC_ABLATION_RELEASE_v1_2_COREBENCHMARK_CANONICAL
UBC1121,fixed_single_k,9447,9447,0,47,47,1.0,1.0,1.0,0.0,0.033929699995496776,center0,0.0,0.9718162686986275,CORE|k=24|tau=0.55,24.0,0.55,0.9461032748222351,0.7361791133880615,MCTNC_ABLATION_RELEASE_v1_2_COREBENCHMARK_CANONICAL
UBC1122,fixed_single_k,10048,10050,2,48,48,1.0,0.96,0.9795918367346939,0.0,0.03612040000007255,center0,0.0,0.9556663677684991,CORE|k=24|tau=0.55,24.0,0.55,0.9417755007743835,0.8794254064559937,MCTNC_ABLATION_RELEASE_v1_2_COREBENCHMARK_CANONICAL
UBC1123,fixed_single_k,3011,3011,0,11,95,0.0,0.0,0.0,1.0,0.02424810000229627,center1_refined,20.0,0.7276935040136834,CORE|k=24|tau=0.75,24.0,0.75,0.8042832016944885,1.8588640689849854,MCTNC_ABLATION_RELEASE_v1_2_COREBENCHMARK_CANONICAL
UBC1124,fixed_single_k,3618,3618,0,18,18,1.0,1.0,1.0,0.0,0.023118899996916298,center0,0.0,0.8297421846520697,CORE|k=24|tau=0.55,24.0,0.55,0.790439248085022,0.4068219065666199,MCTNC_ABLATION_RELEASE_v1_2_COREBENCHMARK_CANONICAL
UBC1125,fixed_single_k,11054,11055,1,54,54,1.0,0.9818181818181818,0.9908256880733944,0.0,0.03633110000373563,center0,0.0,0.9692131939071037,CORE|k=24|tau=0.55,24.0,0.55,0.9432418346405029,0.764129638671875,MCTNC_ABLATION_RELEASE_v1_2_COREBENCHMARK_CANONICAL
UBC1126,fixed_single_k,7236,7236,0,36,36,1.0,1.0,1.0,0.0,0.02997299999697134,center0,0.0,0.9760919572656213,CORE|k=24|tau=0.55,24.0,0.55,0.9422221779823303,0.5607578754425049,MCTNC_ABLATION_RELEASE_v1_2_COREBENCHMARK_CANONICAL
UBC1127,fixed_single_k,5628,5628,0,28,28,1.0,1.0,1.0,0.0,0.03154379999614321,center0,0.0,1.0028188606896187,CORE|k=24|tau=0.55,24.0,0.55,0.9694585800170898,0.5355851054191589,MCTNC_ABLATION_RELEASE_v1_2_COREBENCHMARK_CANONICAL
UBC1128,fixed_single_k,4421,4422,1,21,20,1.0,0.9090909090909091,0.9523809523809523,0.0,0.04361849999986589,center0,0.0,0.8247972154016094,CORE|k=24|tau=0.75,24.0,0.75,0.7990344166755676,0.5714274048805237,MCTNC_ABLATION_RELEASE_v1_2_COREBENCHMARK_CANONICAL
UBC1129,fixed_single_k,4824,4824,0,24,23,1.0,0.9583333333333334,0.9787234042553191,0.0,0.030757200001971796,center0,0.0,0.7864385064344341,CORE|k=24|tau=0.75,24.0,0.75,0.7715206146240234,0.7308255434036255,MCTNC_ABLATION_RELEASE_v1_2_COREBENCHMARK_CANONICAL
UBC1130,fixed_single_k,13064,13065,1,64,64,1.0,0.9846153846153847,0.9922480620155039,0.0,0.04213080000045011,center0,0.0,0.9677216253083872,CORE|k=24|tau=0.45,24.0,0.45,0.9386993646621704,0.7794363498687744,MCTNC_ABLATION_RELEASE_v1_2_COREBENCHMARK_CANONICAL
UBC1131,fixed_single_k,13467,13467,0,67,67,1.0,1.0,1.0,0.0,0.03838700000051176,center0,0.0,0.9519947694438128,CORE|k=24|tau=0.45,24.0,0.45,0.9243297576904297,0.7817448973655701,MCTNC_ABLATION_RELEASE_v1_2_COREBENCHMARK_CANONICAL
UBC1132,fixed_single_k,4019,4020,1,19,15,1.0,0.75,0.8571428571428571,0.0,0.025454100003116764,center0,0.0,0.8016457923339761,CORE|k=24|tau=0.75,24.0,0.75,0.7705566883087158,0.44298821687698364,MCTNC_ABLATION_RELEASE_v1_2_COREBENCHMARK_CANONICAL
UBC1133,fixed_single_k,7035,7035,0,35,35,1.0,1.0,1.0,0.0,0.03513289999682456,center0,0.0,0.9916915268256334,CORE|k=24|tau=0.55,24.0,0.55,0.9639719128608704,0.637608528137207,MCTNC_ABLATION_RELEASE_v1_2_COREBENCHMARK_CANONICAL
UBC1134,fixed_single_k,8241,8241,0,41,41,1.0,1.0,1.0,0.0,0.032529099997191224,center0,0.0,0.9739852822626494,CORE|k=24|tau=0.55,24.0,0.55,0.9518187046051025,0.7363669872283936,MCTNC_ABLATION_RELEASE_v1_2_COREBENCHMARK_CANONICAL
UBC1135,fixed_single_k,8844,8844,0,44,44,1.0,1.0,1.0,0.0,0.047607499996956903,center0,0.0,0.9615890826675555,CORE|k=24|tau=0.55,24.0,0.55,0.9438327550888062,0.812393069267273,MCTNC_ABLATION_RELEASE_v1_2_COREBENCHMARK_CANONICAL
UBC1136,fixed_single_k,3013,3013,0,13,20,0.65,1.0,0.787878787878788,0.35,0.02559599999949569,center0,0.0,0.7465872428260071,CORE|k=24|tau=0.75,24.0,0.75,0.7828496694564819,1.0630130767822266,MCTNC_ABLATION_RELEASE_v1_2_COREBENCHMARK_CANONICAL
UBC1137,fixed_single_k,4823,4824,1,23,18,1.0,0.75,0.8571428571428571,0.0,0.02598030000081053,center0,0.0,0.808300344507996,CORE|k=24|tau=0.75,24.0,0.75,0.8085153698921204,0.8319482803344727,MCTNC_ABLATION_RELEASE_v1_2_COREBENCHMARK_CANONICAL
UBC1138,fixed_single_k,4019,4020,1,19,17,1.0,0.85,0.9189189189189189,0.0,0.025027899995620828,center0,0.0,0.8257735001264394,CORE|k=24|tau=0.75,24.0,0.75,0.799959123134613,0.5399185419082642,MCTNC_ABLATION_RELEASE_v1_2_COREBENCHMARK_CANONICAL
UBC1139,fixed_single_k,5226,5226,0,26,26,1.0,1.0,1.0,0.0,0.02649639999435749,center0,0.0,1.0192412113032223,CORE|k=24|tau=0.55,24.0,0.55,0.9834226369857788,0.49808406829833984,MCTNC_ABLATION_RELEASE_v1_2_COREBENCHMARK_CANONICAL
UBC1140,fixed_single_k,12259,12261,2,59,59,1.0,0.9672131147540983,0.9833333333333333,0.0,0.03549290000228211,center0,0.0,0.9684568528720833,CORE|k=24|tau=0.45,24.0,0.45,0.9427469372749329,0.7918829321861267,MCTNC_ABLATION_RELEASE_v1_2_COREBENCHMARK_CANONICAL
UBC1141,fixed_single_k,8441,8442,1,41,41,1.0,0.9761904761904762,0.9879518072289156,0.0,0.03467780000210041,center0,0.0,0.9894584815704334,CORE|k=24|tau=0.45,24.0,0.45,0.9534631967544556,0.5748632550239563,MCTNC_ABLATION_RELEASE_v1_2_COREBENCHMARK_CANONICAL
UBC1142,fixed_single_k,9648,9648,0,48,46,0.9782608695652174,0.9375,0.9574468085106383,0.021739130434782594,0.03220569999393774,center0,0.0,0.9772203070330936,CORE|k=24|tau=0.75,24.0,0.75,0.9453511238098145,0.6601548194885254,MCTNC_ABLATION_RELEASE_v1_2_COREBENCHMARK_CANONICAL
UBC1143,fixed_single_k,20114,20114,0,114,110,1.0,0.9649122807017544,0.9821428571428572,0.0,0.04865389999758918,center0,0.0,0.9582915286728223,CORE|k=24|tau=0.75,24.0,0.75,0.910050630569458,0.6931201219558716,MCTNC_ABLATION_RELEASE_v1_2_COREBENCHMARK_CANONICAL
UBC1144,fixed_single_k,10653,10653,0,53,53,1.0,1.0,1.0,0.0,0.03775139999925159,center0,0.0,0.9664537240272695,CORE|k=24|tau=0.55,24.0,0.55,0.9370343089103699,0.7113615870475769,MCTNC_ABLATION_RELEASE_v1_2_COREBENCHMARK_CANONICAL
UBC1145,fixed_single_k,4622,4623,1,22,16,1.0,0.6956521739130435,0.8205128205128205,0.0,0.02629239999805577,center0,0.0,0.8136370208003855,CORE|k=24|tau=0.75,24.0,0.75,0.7767365574836731,0.36776265501976013,MCTNC_ABLATION_RELEASE_v1_2_COREBENCHMARK_CANONICAL
UBC1146,fixed_single_k,8844,8844,0,44,44,1.0,1.0,1.0,0.0,0.04323049999948125,center0,0.0,0.9888812056253556,CORE|k=24|tau=0.45,24.0,0.45,0.9541807174682617,0.6127418875694275,MCTNC_ABLATION_RELEASE_v1_2_COREBENCHMARK_CANONICAL
UBC1147,fixed_single_k,12662,12663,1,62,61,1.0,0.9682539682539683,0.9838709677419354,0.0,0.04532259999541566,center0,0.0,0.964636854074298,CORE|k=24|tau=0.75,24.0,0.75,0.9347649216651917,0.7540752291679382,MCTNC_ABLATION_RELEASE_v1_2_COREBENCHMARK_CANONICAL
UBC1148,fixed_single_k,5628,5628,0,28,28,1.0,1.0,1.0,0.0,0.03536029999668244,center0,0.0,0.9753526443890675,CORE|k=24|tau=0.55,24.0,0.55,0.9491182565689087,0.6191096305847168,MCTNC_ABLATION_RELEASE_v1_2_COREBENCHMARK_CANONICAL
UBC1149,fixed_single_k,7638,7638,0,38,38,1.0,1.0,1.0,0.0,0.036087500004214235,center0,0.0,0.9701225379312153,CORE|k=24|tau=0.55,24.0,0.55,0.9490302205085754,0.7299752235412598,MCTNC_ABLATION_RELEASE_v1_2_COREBENCHMARK_CANONICAL
UBC1150,fixed_single_k,5224,5226,2,24,24,1.0,0.9230769230769231,0.9600000000000001,0.0,0.039272000001801644,center0,0.0,0.9531397636891425,CORE|k=24|tau=0.75,24.0,0.75,0.9258367419242859,0.5730712413787842,MCTNC_ABLATION_RELEASE_v1_2_COREBENCHMARK_CANONICAL
UBC1151,fixed_single_k,6231,6231,0,31,31,1.0,1.0,1.0,0.0,0.0323426000031759,center0,0.0,0.9934450165596145,CORE|k=24|tau=0.55,24.0,0.55,0.9692387580871582,0.6615138053894043,MCTNC_ABLATION_RELEASE_v1_2_COREBENCHMARK_CANONICAL
UBC1152,fixed_single_k,6633,6633,0,33,33,1.0,1.0,1.0,0.0,0.03610369999660179,center0,0.0,0.9956619958822183,CORE|k=24|tau=0.55,24.0,0.55,0.9695286154747009,0.6437608003616333,MCTNC_ABLATION_RELEASE_v1_2_COREBENCHMARK_CANONICAL
UBC1153,fixed_single_k,3011,3011,0,11,139,0.0,0.0,0.0,1.0,0.03339150000101654,center1_refined,20.0,0.7811602483867082,CORE|k=24|tau=0.75,24.0,0.75,0.8327586054801941,1.782463788986206,MCTNC_ABLATION_RELEASE_v1_2_COREBENCHMARK_CANONICAL
UBC1154,fixed_single_k,7638,7638,0,38,38,1.0,1.0,1.0,0.0,0.03528319999895757,center0,0.0,0.9762004957923409,CORE|k=24|tau=0.55,24.0,0.55,0.9566698670387268,0.758042573928833,MCTNC_ABLATION_RELEASE_v1_2_COREBENCHMARK_CANONICAL
UBC1155,fixed_single_k,3215,3216,1,15,14,1.0,0.875,0.9333333333333333,0.0,0.034003799999482,center0,0.0,0.8039184620514855,CORE|k=24|tau=0.75,24.0,0.75,0.7790241837501526,0.5219325423240662,MCTNC_ABLATION_RELEASE_v1_2_COREBENCHMARK_CANONICAL
UBC1156,fixed_single_k,4824,4824,0,24,15,1.0,0.625,0.7692307692307693,0.0,0.030645999999251217,center0,0.0,0.7988994580910838,CORE|k=24|tau=0.75,24.0,0.75,0.7694919109344482,0.43895459175109863,MCTNC_ABLATION_RELEASE_v1_2_COREBENCHMARK_CANONICAL
UBC1157,fixed_single_k,7839,7839,0,39,39,1.0,1.0,1.0,0.0,0.032056700001703575,center0,0.0,0.9916029409176059,CORE|k=24|tau=0.45,24.0,0.45,0.9626756310462952,0.649793803691864,MCTNC_ABLATION_RELEASE_v1_2_COREBENCHMARK_CANONICAL
UBC1158,fixed_single_k,4823,4824,1,23,15,1.0,0.625,0.7692307692307693,0.0,0.030060999997658655,center0,0.0,0.8049173905268778,CORE|k=24|tau=0.75,24.0,0.75,0.7718529105186462,0.39174261689186096,MCTNC_ABLATION_RELEASE_v1_2_COREBENCHMARK_CANONICAL
UBC1159,fixed_single_k,10251,10251,0,51,50,1.0,0.9803921568627451,0.99009900990099,0.0,0.03660649999801535,center0,0.0,0.961157138341363,CORE|k=24|tau=0.75,24.0,0.75,0.9315875172615051,0.7053931951522827,MCTNC_ABLATION_RELEASE_v1_2_COREBENCHMARK_CANONICAL
UBC1160,fixed_single_k,14068,14070,2,68,66,1.0,0.9428571428571428,0.9705882352941176,0.0,0.04867510000622133,center0,0.0,0.9098138326688117,CORE|k=24|tau=0.75,24.0,0.75,0.9108928442001343,1.1346497535705566,MCTNC_ABLATION_RELEASE_v1_2_COREBENCHMARK_CANONICAL
UBC1161,fixed_single_k,9447,9447,0,47,47,1.0,1.0,1.0,0.0,0.04223940000520088,center0,0.0,0.9760932898363035,CORE|k=24|tau=0.55,24.0,0.55,0.9484647512435913,0.7081934809684753,MCTNC_ABLATION_RELEASE_v1_2_COREBENCHMARK_CANONICAL
UBC1162,fixed_single_k,4623,4623,0,23,20,1.0,0.8695652173913043,0.9302325581395349,0.0,0.038171499996678904,center0,0.0,0.813960857255744,CORE|k=24|tau=0.75,24.0,0.75,0.7816851735115051,0.48308807611465454,MCTNC_ABLATION_RELEASE_v1_2_COREBENCHMARK_CANONICAL
UBC1163,fixed_single_k,20148,20150,2,148,120,1.0,0.8,0.888888888888889,0.0,0.06344689999968978,center0,0.0,0.9101738035750809,CORE|k=24|tau=0.75,24.0,0.75,0.8952257633209229,1.0791842937469482,MCTNC_ABLATION_RELEASE_v1_2_COREBENCHMARK_CANONICAL
UBC1164,fixed_single_k,3618,3618,0,18,17,1.0,0.9444444444444444,0.9714285714285714,0.0,0.03030350000335602,center0,0.0,0.8207751450682014,CORE|k=24|tau=0.75,24.0,0.75,0.7823922038078308,0.39900755882263184,MCTNC_ABLATION_RELEASE_v1_2_COREBENCHMARK_CANONICAL
UBC1165,fixed_single_k,16680,16683,3,80,75,1.0,0.9036144578313253,0.9493670886075949,0.0,0.05637109999952372,center0,0.0,0.9000001799657097,CORE|k=24|tau=0.75,24.0,0.75,0.8941267728805542,1.0845381021499634,MCTNC_ABLATION_RELEASE_v1_2_COREBENCHMARK_CANONICAL
UBC1166,fixed_single_k,4824,4824,0,24,20,1.0,0.8333333333333334,0.9090909090909091,0.0,0.035787999993772246,center0,0.0,0.819063545209547,CORE|k=24|tau=0.75,24.0,0.75,0.7816510200500488,0.4171562194824219,MCTNC_ABLATION_RELEASE_v1_2_COREBENCHMARK_CANONICAL
UBC1167,fixed_single_k,4623,4623,0,23,11,1.0,0.4782608695652174,0.6470588235294118,0.0,0.033048500001314096,center0,0.0,0.773944213763169,CORE|k=24|tau=0.75,24.0,0.75,0.7667357921600342,0.6304578185081482,MCTNC_ABLATION_RELEASE_v1_2_COREBENCHMARK_CANONICAL
UBC1168,fixed_single_k,8240,8241,1,40,39,1.0,0.9512195121951219,0.975,0.0,0.042233300002408214,center0,0.0,0.977172849474882,CORE|k=24|tau=0.75,24.0,0.75,0.9479978680610657,0.6386831998825073,MCTNC_ABLATION_RELEASE_v1_2_COREBENCHMARK_CANONICAL
UBC1169,fixed_single_k,15476,15477,1,76,69,1.0,0.8961038961038961,0.9452054794520548,0.0,0.04837309999857098,center0,0.0,0.9426173716162026,CORE|k=24|tau=0.75,24.0,0.75,0.919081449508667,0.8556250929832458,MCTNC_ABLATION_RELEASE_v1_2_COREBENCHMARK_CANONICAL
UBC1170,fixed_single_k,4221,4221,0,21,15,1.0,0.7142857142857143,0.8333333333333333,0.0,0.035141400003340095,center0,0.0,0.7986966020812704,CORE|k=24|tau=0.75,24.0,0.75,0.7813834547996521,0.6017917990684509,MCTNC_ABLATION_RELEASE_v1_2_COREBENCHMARK_CANONICAL
UBC1171,fixed_single_k,3013,3013,0,13,51,0.2549019607843137,1.0,0.40625,0.7450980392156863,0.04463910000049509,center1_refined,20.0,0.7430456484262394,CORE|k=24|tau=0.75,24.0,0.75,0.8154316544532776,1.7589207887649536,MCTNC_ABLATION_RELEASE_v1_2_COREBENCHMARK_CANONICAL
UBC1172,fixed_single_k,13265,13266,1,65,64,1.0,0.9696969696969697,0.9846153846153847,0.0,0.040101799997501075,center0,0.0,0.9202718837086876,CORE|k=24|tau=0.75,24.0,0.75,0.886925458908081,0.7198551893234253,MCTNC_ABLATION_RELEASE_v1_2_COREBENCHMARK_CANONICAL
UBC1173,fixed_single_k,5226,5226,0,26,26,1.0,1.0,1.0,0.0,0.025197999995725695,center0,0.0,1.011576685983069,CORE|k=24|tau=0.55,24.0,0.55,0.9733067750930786,0.4690864086151123,MCTNC_ABLATION_RELEASE_v1_2_COREBENCHMARK_CANONICAL
UBC1174,fixed_single_k,3014,3014,0,14,14,1.0,1.0,1.0,0.0,0.02055839999957243,center0,0.0,0.8045675777696043,CORE|k=24|tau=0.75,24.0,0.75,0.8002783060073853,0.7875216007232666,MCTNC_ABLATION_RELEASE_v1_2_COREBENCHMARK_CANONICAL
UBC1175,fixed_single_k,9648,9648,0,48,48,1.0,1.0,1.0,0.0,0.030377399998542387,center0,0.0,0.946815789379906,CORE|k=24|tau=0.55,24.0,0.55,0.9222362041473389,0.7519084215164185,MCTNC_ABLATION_RELEASE_v1_2_COREBENCHMARK_CANONICAL
UBC1176,fixed_single_k,3818,3819,1,18,16,1.0,0.8421052631578947,0.9142857142857143,0.0,0.02479680000396911,center0,0.0,0.7935236432540186,CORE|k=24|tau=0.75,24.0,0.75,0.7686036825180054,0.5434280633926392,MCTNC_ABLATION_RELEASE_v1_2_COREBENCHMARK_CANONICAL
UBC1177,fixed_single_k,7234,7236,2,34,34,1.0,0.9444444444444444,0.9714285714285714,0.0,0.0339832000026945,center0,0.0,0.9554589849777387,CORE|k=24|tau=0.55,24.0,0.55,0.9394180178642273,0.7736032605171204,MCTNC_ABLATION_RELEASE_v1_2_COREBENCHMARK_CANONICAL
UBC1178,fixed_single_k,5226,5226,0,26,26,1.0,1.0,1.0,0.0,0.027397199999541044,center0,0.0,0.9877698106491808,CORE|k=24|tau=0.55,24.0,0.55,0.9700059294700623,0.7182890176773071,MCTNC_ABLATION_RELEASE_v1_2_COREBENCHMARK_CANONICAL
UBC1179,fixed_single_k,3617,3618,1,17,9,1.0,0.5,0.6666666666666666,0.0,0.025171599998429883,center0,0.0,0.7895860946448428,CORE|k=24|tau=0.75,24.0,0.75,0.7690034508705139,0.4258359968662262,MCTNC_ABLATION_RELEASE_v1_2_COREBENCHMARK_CANONICAL
UBC1180,fixed_single_k,6633,6633,0,33,32,1.0,0.9696969696969697,0.9846153846153847,0.0,0.027227099999436177,center0,0.0,0.9345436846630583,CORE|k=24|tau=0.75,24.0,0.75,0.924584150314331,0.8319748640060425,MCTNC_ABLATION_RELEASE_v1_2_COREBENCHMARK_CANONICAL
UBC1181,fixed_single_k,5025,5025,0,25,25,1.0,1.0,1.0,0.0,0.026630000000295695,center0,0.0,0.9543250682553264,CORE|k=24|tau=0.55,24.0,0.55,0.9210137128829956,0.5143498778343201,MCTNC_ABLATION_RELEASE_v1_2_COREBENCHMARK_CANONICAL
UBC1182,fixed_single_k,13868,13869,1,68,68,1.0,0.9855072463768116,0.9927007299270074,0.0,0.03971820000151638,center0,0.0,0.9577524478741613,CORE|k=24|tau=0.65,24.0,0.65,0.9292394518852234,0.790876030921936,MCTNC_ABLATION_RELEASE_v1_2_COREBENCHMARK_CANONICAL
UBC1183,fixed_single_k,6432,6432,0,32,32,1.0,1.0,1.0,0.0,0.03116819999559084,center0,0.0,0.9891103331728038,CORE|k=24|tau=0.55,24.0,0.55,0.9606920480728149,0.607879638671875,MCTNC_ABLATION_RELEASE_v1_2_COREBENCHMARK_CANONICAL
UBC1184,fixed_single_k,10451,10452,1,51,51,1.0,0.9807692307692307,0.9902912621359222,0.0,0.034722900003544055,center0,0.0,0.9583315281344661,CORE|k=24|tau=0.45,24.0,0.45,0.9344961643218994,0.7757056951522827,MCTNC_ABLATION_RELEASE_v1_2_COREBENCHMARK_CANONICAL
UBC1185,fixed_single_k,20098,20101,3,98,86,1.0,0.8514851485148515,0.9197860962566845,0.0,0.046266999997897074,center0,0.0,0.9381995890749121,CORE|k=24|tau=0.75,24.0,0.75,0.9151624441146851,0.921474814414978,MCTNC_ABLATION_RELEASE_v1_2_COREBENCHMARK_CANONICAL
UBC1186,fixed_single_k,4221,4221,0,21,18,1.0,0.8571428571428571,0.923076923076923,0.0,0.024926699996285606,center0,0.0,0.7970568368642891,CORE|k=24|tau=0.75,24.0,0.75,0.7862937450408936,0.7246358394622803,MCTNC_ABLATION_RELEASE_v1_2_COREBENCHMARK_CANONICAL
UBC1187,fixed_single_k,3617,3618,1,17,14,1.0,0.7777777777777778,0.8750000000000001,0.0,0.02706949999992503,center0,0.0,0.8137988595279239,CORE|k=24|tau=0.75,24.0,0.75,0.7883039712905884,0.5047826766967773,MCTNC_ABLATION_RELEASE_v1_2_COREBENCHMARK_CANONICAL
UBC1188,fixed_single_k,3013,3013,0,13,36,0.0,0.0,0.0,1.0,0.024271599999337923,center1_refined,20.0,0.7082968663112033,CORE|k=24|tau=0.75,24.0,0.75,0.7916671633720398,1.7154626846313477,MCTNC_ABLATION_RELEASE_v1_2_COREBENCHMARK_CANONICAL
UBC1189,fixed_single_k,6231,6231,0,31,31,1.0,1.0,1.0,0.0,0.03062629999476485,center0,0.0,0.9815294350377076,CORE|k=24|tau=0.55,24.0,0.55,0.9485006928443909,0.5495250821113586,MCTNC_ABLATION_RELEASE_v1_2_COREBENCHMARK_CANONICAL
UBC1190,fixed_single_k,10452,10452,0,52,51,1.0,0.9807692307692307,0.9902912621359222,0.0,0.034807999996701255,center0,0.0,0.9620674210285275,CORE|k=24|tau=0.75,24.0,0.75,0.9353525042533875,0.748297393321991,MCTNC_ABLATION_RELEASE_v1_2_COREBENCHMARK_CANONICAL
UBC1191,fixed_single_k,4623,4623,0,23,21,1.0,0.9130434782608695,0.9545454545454545,0.0,0.02638160000060452,center0,0.0,0.8009643917046786,CORE|k=24|tau=0.75,24.0,0.75,0.7876874208450317,0.7292431592941284,MCTNC_ABLATION_RELEASE_v1_2_COREBENCHMARK_CANONICAL
UBC1192,fixed_single_k,6832,6834,2,32,32,1.0,0.9411764705882353,0.9696969696969697,0.0,0.031069100004970096,center0,0.0,0.9486359366594356,CORE|k=24|tau=0.55,24.0,0.55,0.9336544275283813,0.7583930492401123,MCTNC_ABLATION_RELEASE_v1_2_COREBENCHMARK_CANONICAL
UBC1193,fixed_single_k,6633,6633,0,33,29,1.0,0.8787878787878788,0.9354838709677419,0.0,0.029764900005829986,center0,0.0,0.8715582348733348,CORE|k=24|tau=0.75,24.0,0.75,0.8493724465370178,0.656862199306488,MCTNC_ABLATION_RELEASE_v1_2_COREBENCHMARK_CANONICAL
UBC1194,fixed_single_k,6672,6674,2,62,51,0.0,0.0,0.0,1.0,0.028747100004693493,center0,0.0,0.6253895750276575,CORE|k=24|tau=0.65,24.0,0.65,0.6914953589439392,1.6287482976913452,MCTNC_ABLATION_RELEASE_v1_2_COREBENCHMARK_CANONICAL
UBC1195,fixed_single_k,4623,4623,0,23,18,1.0,0.782608695652174,0.878048780487805,0.0,0.030815999998594634,center0,0.0,0.8127914214616941,CORE|k=24|tau=0.75,24.0,0.75,0.7880237102508545,0.5459481477737427,MCTNC_ABLATION_RELEASE_v1_2_COREBENCHMARK_CANONICAL
UBC1196,fixed_single_k,10854,10854,0,54,53,1.0,0.9814814814814815,0.9906542056074767,0.0,0.03470240000024205,center0,0.0,0.9497825863732807,CORE|k=24|tau=0.75,24.0,0.75,0.9296674728393555,0.8297597169876099,MCTNC_ABLATION_RELEASE_v1_2_COREBENCHMARK_CANONICAL
UBC1197,fixed_single_k,3417,3417,0,17,17,0.9411764705882353,0.9411764705882353,0.9411764705882353,0.05882352941176472,0.02456979999988107,center0,0.0,0.8264493197927547,CORE|k=24|tau=0.75,24.0,0.75,0.826632022857666,0.8242972493171692,MCTNC_ABLATION_RELEASE_v1_2_COREBENCHMARK_CANONICAL
UBC1198,fixed_single_k,6231,6231,0,31,30,1.0,0.967741935483871,0.9836065573770492,0.0,0.03052390000084415,center0,0.0,0.9759560752692292,CORE|k=24|tau=0.75,24.0,0.75,0.9536100625991821,0.6731791496276855,MCTNC_ABLATION_RELEASE_v1_2_COREBENCHMARK_CANONICAL
UBC1199,fixed_single_k,5427,5427,0,27,27,1.0,1.0,1.0,0.0,0.025742099998751655,center0,0.0,1.0021130141847387,CORE|k=24|tau=0.55,24.0,0.55,0.967242419719696,0.5107319355010986,MCTNC_ABLATION_RELEASE_v1_2_COREBENCHMARK_CANONICAL
UBC1200,fixed_single_k,8844,8844,0,44,44,1.0,1.0,1.0,0.0,0.03528389999701176,center0,0.0,0.9684197431872492,CORE|k=24|tau=0.55,24.0,0.55,0.9501060247421265,0.8036469221115112,MCTNC_ABLATION_RELEASE_v1_2_COREBENCHMARK_CANONICAL
UBC1201,fixed_single_k,9045,9045,0,45,43,1.0,0.9555555555555556,0.9772727272727273,0.0,0.0402094999953988,center0,0.0,0.9688532718797471,CORE|k=24|tau=0.75,24.0,0.75,0.9464389681816101,0.750507652759552,MCTNC_ABLATION_RELEASE_v1_2_COREBENCHMARK_CANONICAL
UBC1202,fixed_single_k,10251,10251,0,51,49,1.0,0.9607843137254902,0.98,0.0,0.03293909999774769,center0,0.0,0.8936451409623871,CORE|k=24|tau=0.75,24.0,0.75,0.9056679010391235,1.1819669008255005,MCTNC_ABLATION_RELEASE_v1_2_COREBENCHMARK_CANONICAL
UBC1203,fixed_single_k,5025,5025,0,25,25,1.0,1.0,1.0,0.0,0.026582200000120793,center0,0.0,0.9538039035953331,CORE|k=24|tau=0.65,24.0,0.65,0.9300210475921631,0.6298825740814209,MCTNC_ABLATION_RELEASE_v1_2_COREBENCHMARK_CANONICAL
UBC1204,fixed_single_k,7236,7236,0,36,36,1.0,1.0,1.0,0.0,0.02869059999648016,center0,0.0,0.9961766154649264,CORE|k=24|tau=0.45,24.0,0.45,0.9638695120811462,0.5895833969116211,MCTNC_ABLATION_RELEASE_v1_2_COREBENCHMARK_CANONICAL
UBC1205,fixed_single_k,10653,10653,0,53,53,1.0,1.0,1.0,0.0,0.035462899999402,center0,0.0,0.968680663659086,CORE|k=24|tau=0.45,24.0,0.45,0.9414272904396057,0.7431684136390686,MCTNC_ABLATION_RELEASE_v1_2_COREBENCHMARK_CANONICAL
UBC1206,fixed_single_k,3216,3216,0,16,16,1.0,1.0,1.0,0.0,0.021651399998518173,center0,0.0,0.827538217928194,CORE|k=24|tau=0.55,24.0,0.55,0.798089861869812,0.5068793296813965,MCTNC_ABLATION_RELEASE_v1_2_COREBENCHMARK_CANONICAL
UBC1207,fixed_single_k,4623,4623,0,23,18,1.0,0.782608695652174,0.878048780487805,0.0,0.025743800004420336,center0,0.0,0.7947463503594455,CORE|k=24|tau=0.75,24.0,0.75,0.7858808040618896,0.7402617931365967,MCTNC_ABLATION_RELEASE_v1_2_COREBENCHMARK_CANONICAL
UBC1208,fixed_single_k,4623,4623,0,23,17,1.0,0.7391304347826086,0.85,0.0,0.02436149999994086,center0,0.0,0.8037345603450563,CORE|k=24|tau=0.75,24.0,0.75,0.7759802937507629,0.4963558614253998,MCTNC_ABLATION_RELEASE_v1_2_COREBENCHMARK_CANONICAL
UBC1209,fixed_single_k,20188,20190,2,188,122,1.0,0.6421052631578947,0.782051282051282,0.0,0.04504459999589017,center0,0.0,0.8614135323018417,CORE|k=24|tau=0.75,24.0,0.75,0.8737388253211975,1.4005887508392334,MCTNC_ABLATION_RELEASE_v1_2_COREBENCHMARK_CANONICAL
UBC1210,fixed_single_k,4824,4824,0,24,27,0.8888888888888888,1.0,0.9411764705882353,0.11111111111111116,0.024686100005055778,center0,0.0,0.972141565188302,CORE|k=24|tau=0.75,24.0,0.75,0.9360178709030151,0.5068696141242981,MCTNC_ABLATION_RELEASE_v1_2_COREBENCHMARK_CANONICAL
UBC1211,fixed_single_k,8844,8844,0,44,44,1.0,1.0,1.0,0.0,0.03193150000151945,center0,0.0,0.9940372660850825,CORE|k=24|tau=0.55,24.0,0.55,0.9586580395698547,0.6077694296836853,MCTNC_ABLATION_RELEASE_v1_2_COREBENCHMARK_CANONICAL
UBC1212,fixed_single_k,5025,5025,0,25,25,1.0,1.0,1.0,0.0,0.030920599994715303,center0,0.0,0.991602643550079,CORE|k=24|tau=0.55,24.0,0.55,0.9603337049484253,0.5458173155784607,MCTNC_ABLATION_RELEASE_v1_2_COREBENCHMARK_CANONICAL
UBC1213,fixed_single_k,4020,4020,0,20,19,1.0,0.95,0.9743589743589743,0.0,0.026008799999544863,center0,0.0,0.8222990166754803,CORE|k=24|tau=0.75,24.0,0.75,0.7796604633331299,0.36660051345825195,MCTNC_ABLATION_RELEASE_v1_2_COREBENCHMARK_CANONICAL
UBC1214,fixed_single_k,4221,4221,0,21,20,1.0,0.9523809523809523,0.975609756097561,0.0,0.026211500000499655,center0,0.0,0.8105687389912185,CORE|k=24|tau=0.75,24.0,0.75,0.7883044481277466,0.6190857887268066,MCTNC_ABLATION_RELEASE_v1_2_COREBENCHMARK_CANONICAL
UBC1215,fixed_single_k,9648,9648,0,48,48,1.0,1.0,1.0,0.0,0.03341499999805819,center0,0.0,0.9703081314393212,CORE|k=24|tau=0.55,24.0,0.55,0.9469712376594543,0.7621262073516846,MCTNC_ABLATION_RELEASE_v1_2_COREBENCHMARK_CANONICAL
UBC1216,fixed_single_k,5829,5829,0,29,30,0.9666666666666667,1.0,0.983050847457627,0.033333333333333326,0.029857599998649675,center0,0.0,0.9526713280975078,CORE|k=24|tau=0.75,24.0,0.75,0.9282826781272888,0.6583051681518555,MCTNC_ABLATION_RELEASE_v1_2_COREBENCHMARK_CANONICAL
UBC1217,fixed_single_k,3014,3014,0,14,7,1.0,0.5,0.6666666666666666,0.0,0.022884500001964625,center0,0.0,0.7502744812206743,CORE|k=24|tau=0.75,24.0,0.75,0.7654581665992737,0.8310875296592712,MCTNC_ABLATION_RELEASE_v1_2_COREBENCHMARK_CANONICAL
UBC1218,fixed_single_k,12261,12261,0,61,51,1.0,0.8360655737704918,0.9107142857142857,0.0,0.040041499996732455,center0,0.0,0.8908052844290477,CORE|k=24|tau=0.75,24.0,0.75,0.8807936906814575,0.9408732652664185,MCTNC_ABLATION_RELEASE_v1_2_COREBENCHMARK_CANONICAL
UBC1219,fixed_single_k,4020,4020,0,20,20,1.0,1.0,1.0,0.0,0.025771199994778726,center0,0.0,0.828868891917244,CORE|k=24|tau=0.55,24.0,0.55,0.8001494407653809,0.5454226732254028,MCTNC_ABLATION_RELEASE_v1_2_COREBENCHMARK_CANONICAL
UBC1220,fixed_single_k,5829,5829,0,29,25,1.0,0.8620689655172413,0.9259259259259259,0.0,0.02883500000461936,center0,0.0,0.8377946250686543,CORE|k=24|tau=0.75,24.0,0.75,0.8242511749267578,0.7429734468460083,MCTNC_ABLATION_RELEASE_v1_2_COREBENCHMARK_CANONICAL
UBC1221,fixed_single_k,5225,5226,1,25,25,1.0,0.9615384615384616,0.9803921568627451,0.0,0.026780300002428703,center0,0.0,0.9889105650571277,CORE|k=24|tau=0.55,24.0,0.55,0.9605122208595276,0.5762447714805603,MCTNC_ABLATION_RELEASE_v1_2_COREBENCHMARK_CANONICAL
UBC1222,fixed_single_k,9648,9648,0,48,48,1.0,1.0,1.0,0.0,0.0328291000041645,center0,0.0,0.975414597398735,CORE|k=24|tau=0.45,24.0,0.45,0.9446253776550293,0.6818554401397705,MCTNC_ABLATION_RELEASE_v1_2_COREBENCHMARK_CANONICAL
UBC1223,fixed_single_k,5427,5427,0,27,226,0.0,0.0,0.0,1.0,0.027730000001611188,center1_refined,20.0,0.8500774434153476,CORE|k=24|tau=0.75,24.0,0.75,0.8421264886856079,1.222738265991211,MCTNC_ABLATION_RELEASE_v1_2_COREBENCHMARK_CANONICAL
UBC1224,fixed_single_k,8039,8040,1,39,39,1.0,0.975,0.9873417721518987,0.0,0.029652299999725074,center0,0.0,0.9989112964630473,CORE|k=24|tau=0.55,24.0,0.55,0.9626190066337585,0.5600100755691528,MCTNC_ABLATION_RELEASE_v1_2_COREBENCHMARK_CANONICAL
UBC1225,fixed_single_k,6833,6834,1,33,32,1.0,0.9411764705882353,0.9696969696969697,0.0,0.029061699999147095,center0,0.0,0.9401403139076998,CORE|k=24|tau=0.75,24.0,0.75,0.9289320707321167,0.8108797073364258,MCTNC_ABLATION_RELEASE_v1_2_COREBENCHMARK_CANONICAL
UBC1226,fixed_single_k,10050,10050,0,50,50,1.0,1.0,1.0,0.0,0.03310860000055982,center0,0.0,0.9330854262936974,CORE|k=24|tau=0.65,24.0,0.65,0.9256080389022827,0.9544695615768433,MCTNC_ABLATION_RELEASE_v1_2_COREBENCHMARK_CANONICAL
UBC1227,fixed_single_k,3011,3011,0,11,48,0.0,0.0,0.0,1.0,0.024416100000962615,center1_refined,20.0,0.7465116870460784,CORE|k=24|tau=0.75,24.0,0.75,0.8195244669914246,1.7400894165039062,MCTNC_ABLATION_RELEASE_v1_2_COREBENCHMARK_CANONICAL
UBC1228,fixed_single_k,5427,5427,0,27,27,1.0,1.0,1.0,0.0,0.026616199997079093,center0,0.0,0.9511029052403489,CORE|k=24|tau=0.55,24.0,0.55,0.9421668648719788,0.8168701529502869,MCTNC_ABLATION_RELEASE_v1_2_COREBENCHMARK_CANONICAL
UBC1229,fixed_single_k,3819,3819,0,19,18,1.0,0.9473684210526315,0.972972972972973,0.0,0.024117900000419468,center0,0.0,0.8054682383084673,CORE|k=24|tau=0.75,24.0,0.75,0.7876031398773193,0.6543048620223999,MCTNC_ABLATION_RELEASE_v1_2_COREBENCHMARK_CANONICAL
UBC1230,fixed_single_k,3618,3618,0,18,18,1.0,1.0,1.0,0.0,0.02422620000288589,center0,0.0,0.8184324625343814,CORE|k=24|tau=0.55,24.0,0.55,0.7951133847236633,0.5971592664718628,MCTNC_ABLATION_RELEASE_v1_2_COREBENCHMARK_CANONICAL
UBC1231,fixed_single_k,5226,5226,0,26,26,1.0,1.0,1.0,0.0,0.02819920000183629,center0,0.0,0.9886706636784399,CORE|k=24|tau=0.55,24.0,0.55,0.9622528553009033,0.6045759916305542,MCTNC_ABLATION_RELEASE_v1_2_COREBENCHMARK_CANONICAL
UBC1232,fixed_single_k,8039,8040,1,39,38,1.0,0.95,0.9743589743589743,0.0,0.032843100001628045,center0,0.0,0.9435883793368405,CORE|k=24|tau=0.75,24.0,0.75,0.9332976341247559,0.8620494604110718,MCTNC_ABLATION_RELEASE_v1_2_COREBENCHMARK_CANONICAL
UBC1233,fixed_single_k,9045,9045,0,45,45,1.0,1.0,1.0,0.0,0.031205200000840705,center0,0.0,0.9859694387927161,CORE|k=24|tau=0.55,24.0,0.55,0.9498850703239441,0.5995135307312012,MCTNC_ABLATION_RELEASE_v1_2_COREBENCHMARK_CANONICAL
UBC1234,fixed_single_k,9848,9849,1,48,48,1.0,0.9795918367346939,0.9896907216494846,0.0,0.03261769999517128,center0,0.0,0.9322808054031517,CORE|k=24|tau=0.65,24.0,0.65,0.9273523688316345,0.9856231212615967,MCTNC_ABLATION_RELEASE_v1_2_COREBENCHMARK_CANONICAL
UBC1235,fixed_single_k,4020,4020,0,20,20,1.0,1.0,1.0,0.0,0.023068499998771586,center0,0.0,0.8316198738687622,CORE|k=24|tau=0.75,24.0,0.75,0.8214932680130005,0.7728058099746704,MCTNC_ABLATION_RELEASE_v1_2_COREBENCHMARK_CANONICAL
UBC1236,fixed_single_k,20111,20112,1,111,108,1.0,0.9642857142857143,0.9818181818181818,0.0,0.048494800001208205,center0,0.0,0.9193083754653719,CORE|k=24|tau=0.75,24.0,0.75,0.9032140374183655,1.0607309341430664,MCTNC_ABLATION_RELEASE_v1_2_COREBENCHMARK_CANONICAL
UBC1237,fixed_single_k,10250,10251,1,50,56,0.875,0.9607843137254902,0.9158878504672897,0.125,0.03552280000440078,center0,0.0,0.9030758402950917,CORE|k=24|tau=0.75,24.0,0.75,0.9036669731140137,1.087878704071045,MCTNC_ABLATION_RELEASE_v1_2_COREBENCHMARK_CANONICAL
UBC1238,fixed_single_k,4824,4824,0,24,22,1.0,0.9166666666666666,0.9565217391304348,0.0,0.026722299997345544,center0,0.0,0.8046971948913815,CORE|k=24|tau=0.75,24.0,0.75,0.7865186929702759,0.674573540687561,MCTNC_ABLATION_RELEASE_v1_2_COREBENCHMARK_CANONICAL
UBC1239,fixed_single_k,4622,4623,1,22,21,1.0,0.9130434782608695,0.9545454545454545,0.0,0.026533500000368804,center0,0.0,0.8195483936463219,CORE|k=24|tau=0.75,24.0,0.75,0.7929519414901733,0.5664939880371094,MCTNC_ABLATION_RELEASE_v1_2_COREBENCHMARK_CANONICAL
UBC1240,fixed_single_k,9446,9447,1,46,47,0.9787234042553191,0.9787234042553191,0.9787234042553191,0.021276595744680882,0.03439719999732915,center0,0.0,0.9728997582685182,CORE|k=24|tau=0.65,24.0,0.65,0.9479148387908936,0.7384088039398193,MCTNC_ABLATION_RELEASE_v1_2_COREBENCHMARK_CANONICAL
UBC1241,fixed_single_k,9848,9849,1,48,48,1.0,0.9795918367346939,0.9896907216494846,0.0,0.03336490000219783,center0,0.0,0.9668713533820299,CORE|k=24|tau=0.55,24.0,0.55,0.9437811970710754,0.7604568004608154,MCTNC_ABLATION_RELEASE_v1_2_COREBENCHMARK_CANONICAL
UBC1242,fixed_single_k,11658,11658,0,58,56,1.0,0.9655172413793104,0.9824561403508771,0.0,0.0396718999982113,center0,0.0,0.9308444798526196,CORE|k=24|tau=0.75,24.0,0.75,0.9200857877731323,0.9567533731460571,MCTNC_ABLATION_RELEASE_v1_2_COREBENCHMARK_CANONICAL
UBC1243,fixed_single_k,6230,6231,1,30,30,1.0,0.967741935483871,0.9836065573770492,0.0,0.028773199999704957,center0,0.0,1.0007396367316965,CORE|k=24|tau=0.55,24.0,0.55,0.9689570665359497,0.5569425821304321,MCTNC_ABLATION_RELEASE_v1_2_COREBENCHMARK_CANONICAL
UBC1244,fixed_single_k,20105,20106,1,105,91,1.0,0.8584905660377359,0.9238578680203046,0.0,0.04777440000179922,center1_refined,20.0,0.9053228882281156,CORE|k=24|tau=0.75,24.0,0.75,0.9093424081802368,1.0514464378356934,MCTNC_ABLATION_RELEASE_v1_2_COREBENCHMARK_CANONICAL
UBC1245,fixed_single_k,3818,3819,1,18,19,0.9473684210526315,0.9473684210526315,0.9473684210526315,0.052631578947368474,0.02436179999494925,center0,0.0,0.9212925657317133,CORE|k=24|tau=0.75,24.0,0.75,0.8880791664123535,0.47873687744140625,MCTNC_ABLATION_RELEASE_v1_2_COREBENCHMARK_CANONICAL
UBC1246,fixed_single_k,13461,13462,1,66,69,0.9420289855072463,0.9701492537313433,0.9558823529411764,0.05797101449275366,0.038998199997877236,center0,0.0,0.90880259463763,CORE|k=24|tau=0.75,24.0,0.75,0.9036796689033508,1.0704559087753296,MCTNC_ABLATION_RELEASE_v1_2_COREBENCHMARK_CANONICAL
UBC1247,fixed_single_k,3014,3014,0,14,81,0.0,0.0,0.0,1.0,0.023186700003861915,center1_refined,20.0,0.7347013826498925,CORE|k=24|tau=0.75,24.0,0.75,0.8156774044036865,1.894501805305481,MCTNC_ABLATION_RELEASE_v1_2_COREBENCHMARK_CANONICAL
UBC1248,fixed_single_k,7437,7437,0,37,37,1.0,1.0,1.0,0.0,0.03150159999495372,center0,0.0,0.997438056111972,CORE|k=24|tau=0.75,24.0,0.75,0.9653684496879578,0.5969679355621338,MCTNC_ABLATION_RELEASE_v1_2_COREBENCHMARK_CANONICAL
UBC1249,fixed_single_k,19697,19698,1,97,86,1.0,0.8775510204081632,0.9347826086956522,0.0,0.04693639999459265,center0,0.0,0.9077225817031176,CORE|k=24|tau=0.75,24.0,0.75,0.9000502228736877,1.0906760692596436,MCTNC_ABLATION_RELEASE_v1_2_COREBENCHMARK_CANONICAL
UBC1250,fixed_single_k,5627,5628,1,27,27,1.0,0.9642857142857143,0.9818181818181818,0.0,0.028597799995623063,center0,0.0,0.9885673633481061,CORE|k=24|tau=0.55,24.0,0.55,0.9613037705421448,0.5907336473464966,MCTNC_ABLATION_RELEASE_v1_2_COREBENCHMARK_CANONICAL
UBC1251,fixed_single_k,3818,3819,1,18,17,1.0,0.8947368421052632,0.9444444444444444,0.0,0.02538740000454709,center0,0.0,0.8431785783061249,CORE|k=24|tau=0.75,24.0,0.75,0.8179118037223816,0.5485950112342834,MCTNC_ABLATION_RELEASE_v1_2_COREBENCHMARK_CANONICAL
UBC1252,fixed_single_k,4422,4422,0,22,20,1.0,0.9090909090909091,0.9523809523809523,0.0,0.030082800003583543,center0,0.0,0.8418706006188528,CORE|k=24|tau=0.75,24.0,0.75,0.8111696243286133,0.5107424855232239,MCTNC_ABLATION_RELEASE_v1_2_COREBENCHMARK_CANONICAL
UBC1253,fixed_single_k,8241,8241,0,41,41,1.0,1.0,1.0,0.0,0.033261999997193925,center0,0.0,0.9609650094562279,CORE|k=24|tau=0.55,24.0,0.55,0.942433774471283,0.7771623730659485,MCTNC_ABLATION_RELEASE_v1_2_COREBENCHMARK_CANONICAL
UBC1254,fixed_single_k,20108,20109,1,108,100,1.0,0.9174311926605505,0.9569377990430622,0.0,0.044256099994527176,center0,0.0,0.9133846753986671,CORE|k=24|tau=0.75,24.0,0.75,0.8975836038589478,1.0276143550872803,MCTNC_ABLATION_RELEASE_v1_2_COREBENCHMARK_CANONICAL
UBC1255,fixed_single_k,12662,12663,1,62,62,1.0,0.9841269841269841,0.9919999999999999,0.0,0.03947150000021793,center0,0.0,0.9292654409716143,CORE|k=24|tau=0.55,24.0,0.55,0.9238306879997253,1.0266876220703125,MCTNC_ABLATION_RELEASE_v1_2_COREBENCHMARK_CANONICAL
UBC1256,fixed_single_k,11455,11456,1,56,60,0.9333333333333333,0.9824561403508771,0.9572649572649572,0.06666666666666665,0.038824199997179676,center0,0.0,0.9364408804464613,CORE|k=24|tau=0.75,24.0,0.75,0.9241445064544678,0.9502888321876526,MCTNC_ABLATION_RELEASE_v1_2_COREBENCHMARK_CANONICAL
UBC1257,fixed_single_k,3011,3011,0,11,29,0.13793103448275862,0.36363636363636365,0.2,0.8620689655172413,0.022524200001498684,center1_refined,20.0,0.6881722536193371,CORE|k=24|tau=0.75,24.0,0.75,0.7893356084823608,1.82277512550354,MCTNC_ABLATION_RELEASE_v1_2_COREBENCHMARK_CANONICAL
UBC1258,fixed_single_k,4824,4824,0,24,26,0.9230769230769231,1.0,0.9600000000000001,0.07692307692307687,0.024243600004410837,center0,0.0,0.9680844148581274,CORE|k=24|tau=0.75,24.0,0.75,0.9370591640472412,0.5480319261550903,MCTNC_ABLATION_RELEASE_v1_2_COREBENCHMARK_CANONICAL
UBC1259,fixed_single_k,4020,4020,0,20,20,1.0,1.0,1.0,0.0,0.023182799995993264,center0,0.0,0.8682751518372188,CORE|k=24|tau=0.75,24.0,0.75,0.8409496545791626,0.5527623891830444,MCTNC_ABLATION_RELEASE_v1_2_COREBENCHMARK_CANONICAL
UBC1260,fixed_single_k,3618,3618,0,18,17,1.0,0.9444444444444444,0.9714285714285714,0.0,0.022787399997469038,center0,0.0,0.8236927330613655,CORE|k=24|tau=0.65,24.0,0.65,0.8094532489776611,0.6876434087753296,MCTNC_ABLATION_RELEASE_v1_2_COREBENCHMARK_CANONICAL
UBC1261,fixed_single_k,6432,6432,0,32,32,1.0,1.0,1.0,0.0,0.02946890000021085,center0,0.0,0.9941632831330497,CORE|k=24|tau=0.55,24.0,0.55,0.9683486223220825,0.6349906921386719,MCTNC_ABLATION_RELEASE_v1_2_COREBENCHMARK_CANONICAL
UBC1262,fixed_single_k,10452,10452,0,52,52,1.0,1.0,1.0,0.0,0.03360919999977341,center0,0.0,0.9768435505723317,CORE|k=24|tau=0.65,24.0,0.65,0.9446173310279846,0.6839559078216553,MCTNC_ABLATION_RELEASE_v1_2_COREBENCHMARK_CANONICAL
UBC1263,fixed_single_k,7838,7839,1,38,38,1.0,0.9743589743589743,0.9870129870129869,0.0,0.03569900000002235,center0,0.0,0.9845865119086934,CORE|k=24|tau=0.75,24.0,0.75,0.95761638879776,0.6668949127197266,MCTNC_ABLATION_RELEASE_v1_2_COREBENCHMARK_CANONICAL
UBC1264,fixed_single_k,7437,7437,0,37,37,1.0,1.0,1.0,0.0,0.030728100005944725,center0,0.0,0.9391475557767237,CORE|k=24|tau=0.55,24.0,0.55,0.9405202269554138,0.9923276901245117,MCTNC_ABLATION_RELEASE_v1_2_COREBENCHMARK_CANONICAL
UBC1265,fixed_single_k,9612,9612,0,48,102,0.47058823529411764,1.0,0.6399999999999999,0.5294117647058824,0.03222939999977825,center1_refined,1.937544196844101,0.8530835702007692,CORE|k=24|tau=0.75,24.0,0.75,0.8716987371444702,1.3848484754562378,MCTNC_ABLATION_RELEASE_v1_2_COREBENCHMARK_CANONICAL
UBC1266,fixed_single_k,3012,3012,0,12,35,0.34285714285714286,1.0,0.5106382978723404,0.6571428571428571,0.022415100000216626,center1_refined,15.984079241752625,0.7793261815589091,CORE|k=24|tau=0.75,24.0,0.75,0.8212242126464844,1.4515113830566406,MCTNC_ABLATION_RELEASE_v1_2_COREBENCHMARK_CANONICAL
UBC1267,fixed_single_k,7839,7839,0,39,51,0.7647058823529411,1.0,0.8666666666666666,0.23529411764705888,0.031088600000657607,center0,0.0,0.9284690946730099,CORE|k=24|tau=0.75,24.0,0.75,0.9148991703987122,0.8704148530960083,MCTNC_ABLATION_RELEASE_v1_2_COREBENCHMARK_CANONICAL
UBC1268,fixed_single_k,4422,4422,0,22,19,1.0,0.8636363636363636,0.9268292682926829,0.0,0.02835699999559438,center0,0.0,0.8145822201960259,CORE|k=24|tau=0.75,24.0,0.75,0.8067381978034973,0.7684051990509033,MCTNC_ABLATION_RELEASE_v1_2_COREBENCHMARK_CANONICAL
UBC1269,fixed_single_k,3819,3819,0,19,19,1.0,1.0,1.0,0.0,0.0259723000053782,center0,0.0,0.8690142848089286,CORE|k=24|tau=0.75,24.0,0.75,0.8395755887031555,0.5310027003288269,MCTNC_ABLATION_RELEASE_v1_2_COREBENCHMARK_CANONICAL
UBC1270,fixed_single_k,7839,7839,0,39,38,1.0,0.9743589743589743,0.9870129870129869,0.0,0.02953930000512628,center0,0.0,0.9341824412202069,CORE|k=24|tau=0.75,24.0,0.75,0.9325269460678101,0.9691687822341919,MCTNC_ABLATION_RELEASE_v1_2_COREBENCHMARK_CANONICAL
UBC1271,fixed_single_k,6834,6834,0,34,34,1.0,1.0,1.0,0.0,0.030470300000160933,center0,0.0,0.9452028781839024,CORE|k=24|tau=0.55,24.0,0.55,0.9319719076156616,0.7957394123077393,MCTNC_ABLATION_RELEASE_v1_2_COREBENCHMARK_CANONICAL
UBC1272,fixed_single_k,5226,5226,0,26,26,1.0,1.0,1.0,0.0,0.027882700000191107,center0,0.0,0.9860433615611711,CORE|k=24|tau=0.45,24.0,0.45,0.9623292088508606,0.6390172243118286,MCTNC_ABLATION_RELEASE_v1_2_COREBENCHMARK_CANONICAL
UBC1273,fixed_single_k,7236,7236,0,36,36,1.0,1.0,1.0,0.0,0.030302500003017485,center0,0.0,0.9663457531439668,CORE|k=24|tau=0.75,24.0,0.75,0.9549954533576965,0.8338567018508911,MCTNC_ABLATION_RELEASE_v1_2_COREBENCHMARK_CANONICAL
UBC1274,fixed_single_k,9849,9849,0,49,48,1.0,0.9795918367346939,0.9896907216494846,0.0,0.034587899994221516,center0,0.0,0.9497335783296323,CORE|k=24|tau=0.75,24.0,0.75,0.939763069152832,0.9255255460739136,MCTNC_ABLATION_RELEASE_v1_2_COREBENCHMARK_CANONICAL
UBC1275,fixed_single_k,3216,3216,0,16,14,1.0,0.875,0.9333333333333333,0.0,0.026666899997508153,center0,0.0,0.8035050825144696,CORE|k=24|tau=0.75,24.0,0.75,0.7771462202072144,0.5047882199287415,MCTNC_ABLATION_RELEASE_v1_2_COREBENCHMARK_CANONICAL
UBC1276,fixed_single_k,4422,4422,0,22,20,1.0,0.9090909090909091,0.9523809523809523,0.0,0.02639150000322843,center0,0.0,0.8223246551788069,CORE|k=24|tau=0.75,24.0,0.75,0.7958350777626038,0.5564911365509033,MCTNC_ABLATION_RELEASE_v1_2_COREBENCHMARK_CANONICAL
UBC1277,fixed_single_k,4221,4221,0,21,22,0.9545454545454546,1.0,0.9767441860465117,0.045454545454545414,0.024616100003186148,center0,0.0,0.9108886236388182,CORE|k=24|tau=0.75,24.0,0.75,0.891007661819458,0.659588634967804,MCTNC_ABLATION_RELEASE_v1_2_COREBENCHMARK_CANONICAL
UBC1278,fixed_single_k,4221,4221,0,21,25,0.84,1.0,0.9130434782608696,0.16000000000000003,0.026201500004390255,center0,0.0,0.9595385210799023,CORE|k=24|tau=0.75,24.0,0.75,0.9378411769866943,0.6640820503234863,MCTNC_ABLATION_RELEASE_v1_2_COREBENCHMARK_CANONICAL
UBC1279,fixed_single_k,7838,7839,1,38,38,1.0,0.9743589743589743,0.9870129870129869,0.0,0.033922299997357186,center0,0.0,0.9983943542278462,CORE|k=24|tau=0.45,24.0,0.45,0.9660744667053223,0.6056286692619324,MCTNC_ABLATION_RELEASE_v1_2_COREBENCHMARK_CANONICAL
UBC1280,fixed_single_k,12864,12864,0,64,63,1.0,0.984375,0.9921259842519685,0.0,0.0356067000029725,center0,0.0,0.9688147405756615,CORE|k=24|tau=0.75,24.0,0.75,0.9350062608718872,0.7186512351036072,MCTNC_ABLATION_RELEASE_v1_2_COREBENCHMARK_CANONICAL
UBC1281,fixed_single_k,3417,3417,0,17,15,1.0,0.8823529411764706,0.9375,0.0,0.022938399997656234,center0,0.0,0.7914647736039849,CORE|k=24|tau=0.75,24.0,0.75,0.7890958786010742,0.808017909526825,MCTNC_ABLATION_RELEASE_v1_2_COREBENCHMARK_CANONICAL
UBC1282,fixed_single_k,3216,3216,0,16,16,1.0,1.0,1.0,0.0,0.02319829999760259,center0,0.0,0.8291786103583206,CORE|k=24|tau=0.55,24.0,0.55,0.8008055686950684,0.5213514566421509,MCTNC_ABLATION_RELEASE_v1_2_COREBENCHMARK_CANONICAL
UBC1283,fixed_single_k,6230,6231,1,30,27,1.0,0.8709677419354839,0.9310344827586207,0.0,0.029674199999135453,center0,0.0,0.8430197152945526,CORE|k=24|tau=0.75,24.0,0.75,0.8195277452468872,0.6253089308738708,MCTNC_ABLATION_RELEASE_v1_2_COREBENCHMARK_CANONICAL
UBC1284,fixed_single_k,3819,3819,0,19,21,0.9047619047619048,1.0,0.9500000000000001,0.09523809523809523,0.02397989999735728,center0,0.0,0.9483337635335088,CORE|k=24|tau=0.75,24.0,0.75,0.9096091389656067,0.43269532918930054,MCTNC_ABLATION_RELEASE_v1_2_COREBENCHMARK_CANONICAL
UBC1285,fixed_single_k,6432,6432,0,32,32,1.0,1.0,1.0,0.0,0.026765099995827768,center0,0.0,0.993553069346708,CORE|k=24|tau=0.65,24.0,0.65,0.9685324430465698,0.6484614610671997,MCTNC_ABLATION_RELEASE_v1_2_COREBENCHMARK_CANONICAL
UBC1286,fixed_single_k,5829,5829,0,29,29,1.0,1.0,1.0,0.0,0.028739299996232148,center0,0.0,0.9966401111332546,CORE|k=24|tau=0.75,24.0,0.75,0.9682828187942505,0.5970867872238159,MCTNC_ABLATION_RELEASE_v1_2_COREBENCHMARK_CANONICAL
UBC1287,fixed_single_k,6231,6231,0,31,31,1.0,1.0,1.0,0.0,0.029146799999580253,center0,0.0,0.9125572820273096,CORE|k=24|tau=0.65,24.0,0.65,0.9135650992393494,0.9576030373573303,MCTNC_ABLATION_RELEASE_v1_2_COREBENCHMARK_CANONICAL
UBC1288,fixed_single_k,3010,3010,0,10,18,0.0,0.0,0.0,1.0,0.02252240000234451,center1_refined,20.0,0.689529496601542,CORE|k=24|tau=0.75,24.0,0.75,0.7914397716522217,1.7151215076446533,MCTNC_ABLATION_RELEASE_v1_2_COREBENCHMARK_CANONICAL
UBC1289,fixed_single_k,9246,9246,0,46,46,1.0,1.0,1.0,0.0,0.031055199993716087,center0,0.0,0.9573563558613634,CORE|k=24|tau=0.75,24.0,0.75,0.9398869872093201,0.8185267448425293,MCTNC_ABLATION_RELEASE_v1_2_COREBENCHMARK_CANONICAL
UBC1290,fixed_single_k,11256,11256,0,56,56,1.0,1.0,1.0,0.0,0.0357363999937661,center0,0.0,0.9521736445066362,CORE|k=24|tau=0.55,24.0,0.55,0.9348148703575134,0.8823820948600769,MCTNC_ABLATION_RELEASE_v1_2_COREBENCHMARK_CANONICAL
UBC1291,fixed_single_k,4623,4623,0,23,21,1.0,0.9130434782608695,0.9545454545454545,0.0,0.025584700000763405,center0,0.0,0.8238335935273959,CORE|k=24|tau=0.75,24.0,0.75,0.7990978956222534,0.5888192653656006,MCTNC_ABLATION_RELEASE_v1_2_COREBENCHMARK_CANONICAL
UBC1292,fixed_single_k,11455,11457,2,55,55,1.0,0.9649122807017544,0.9821428571428572,0.0,0.03605799999786541,center0,0.0,0.9448319644346693,CORE|k=24|tau=0.75,24.0,0.75,0.9237555265426636,0.8276819586753845,MCTNC_ABLATION_RELEASE_v1_2_COREBENCHMARK_CANONICAL
UBC1293,fixed_single_k,4221,4221,0,21,17,1.0,0.8095238095238095,0.8947368421052632,0.0,0.02537039999879198,center0,0.0,0.8008501126767217,CORE|k=24|tau=0.75,24.0,0.75,0.7847154140472412,0.6475464701652527,MCTNC_ABLATION_RELEASE_v1_2_COREBENCHMARK_CANONICAL
UBC1294,fixed_single_k,6834,6834,0,34,34,1.0,1.0,1.0,0.0,0.032020799997553695,center0,0.0,0.9685688654968235,CORE|k=24|tau=0.55,24.0,0.55,0.9499563574790955,0.7329926490783691,MCTNC_ABLATION_RELEASE_v1_2_COREBENCHMARK_CANONICAL
UBC1295,fixed_single_k,3618,3618,0,18,17,1.0,0.9444444444444444,0.9714285714285714,0.0,0.024636900001496542,center0,0.0,0.8706165871262981,CORE|k=24|tau=0.75,24.0,0.75,0.8557722568511963,0.6879222393035889,MCTNC_ABLATION_RELEASE_v1_2_COREBENCHMARK_CANONICAL
UBC1296,fixed_single_k,12864,12864,0,64,64,1.0,1.0,1.0,0.0,0.035664000002725516,center0,0.0,0.9456477138822906,CORE|k=24|tau=0.55,24.0,0.55,0.9213288426399231,0.8306609392166138,MCTNC_ABLATION_RELEASE_v1_2_COREBENCHMARK_CANONICAL
UBC1297,fixed_single_k,6632,6633,1,32,30,1.0,0.9090909090909091,0.9523809523809523,0.0,0.02883500000461936,center0,0.0,0.9571964427826548,CORE|k=24|tau=0.75,24.0,0.75,0.9450590014457703,0.7802737951278687,MCTNC_ABLATION_RELEASE_v1_2_COREBENCHMARK_CANONICAL
UBC1298,fixed_single_k,6833,6834,1,33,33,1.0,0.9705882352941176,0.9850746268656716,0.0,0.029681100000743754,center0,0.0,0.9804606195300267,CORE|k=24|tau=0.65,24.0,0.65,0.963701605796814,0.7486999034881592,MCTNC_ABLATION_RELEASE_v1_2_COREBENCHMARK_CANONICAL
UBC1299,fixed_single_k,7035,7035,0,35,35,1.0,1.0,1.0,0.0,0.03027969999675406,center0,0.0,0.9721949173315434,CORE|k=24|tau=0.55,24.0,0.55,0.953975260257721,0.7428683638572693,MCTNC_ABLATION_RELEASE_v1_2_COREBENCHMARK_CANONICAL
UBC1300,fixed_single_k,3013,3013,0,13,112,0.0,0.0,0.0,1.0,0.02539729999989504,center1_refined,20.0,0.7598201088517466,CORE|k=24|tau=0.75,24.0,0.75,0.8207307457923889,1.846331000328064,MCTNC_ABLATION_RELEASE_v1_2_COREBENCHMARK_CANONICAL
UBC1301,fixed_single_k,9648,9648,0,48,48,1.0,1.0,1.0,0.0,0.03403989999787882,center0,0.0,0.957804978700392,CORE|k=24|tau=0.55,24.0,0.55,0.9387722015380859,0.8105655908584595,MCTNC_ABLATION_RELEASE_v1_2_COREBENCHMARK_CANONICAL
UBC1302,fixed_single_k,3818,3819,1,18,16,1.0,0.8421052631578947,0.9142857142857143,0.0,0.026656899994122796,center0,0.0,0.8475269345155407,CORE|k=24|tau=0.75,24.0,0.75,0.8227226734161377,0.5433059930801392,MCTNC_ABLATION_RELEASE_v1_2_COREBENCHMARK_CANONICAL
UBC1303,fixed_single_k,5829,5829,0,29,29,1.0,1.0,1.0,0.0,0.028108899998187553,center0,0.0,1.0105215459583485,CORE|k=24|tau=0.55,24.0,0.55,0.9721928834915161,0.4812971353530884,MCTNC_ABLATION_RELEASE_v1_2_COREBENCHMARK_CANONICAL
UBC1304,fixed_single_k,8839,8841,2,42,49,0.8571428571428571,0.9545454545454546,0.9032258064516128,0.1428571428571429,0.03144369999790797,center0,0.0,0.9452112702667125,CORE|k=24|tau=0.75,24.0,0.75,0.9293375611305237,0.8542459011077881,MCTNC_ABLATION_RELEASE_v1_2_COREBENCHMARK_CANONICAL
UBC1305,fixed_single_k,3819,3819,0,19,21,0.9047619047619048,1.0,0.9500000000000001,0.09523809523809523,0.025584300004993565,center0,0.0,0.928853709009175,CORE|k=24|tau=0.75,24.0,0.75,0.9097869396209717,0.6630685925483704,MCTNC_ABLATION_RELEASE_v1_2_COREBENCHMARK_CANONICAL
UBC1306,fixed_single_k,14068,14069,1,69,43,1.0,0.6142857142857143,0.7610619469026549,0.0,0.04215680000197608,center1_refined,20.0,0.9041233213027263,CORE|k=24|tau=0.75,24.0,0.75,0.9095059037208557,0.9907906651496887,MCTNC_ABLATION_RELEASE_v1_2_COREBENCHMARK_CANONICAL
UBC1307,fixed_single_k,11457,11457,0,57,57,1.0,1.0,1.0,0.0,0.0340211000002455,center0,0.0,0.9916104136202814,CORE|k=24|tau=0.55,24.0,0.55,0.9429791569709778,0.5108288526535034,MCTNC_ABLATION_RELEASE_v1_2_COREBENCHMARK_CANONICAL
UBC1308,fixed_single_k,3618,3618,0,18,18,1.0,1.0,1.0,0.0,0.023559100001875777,center0,0.0,0.8219210576929185,CORE|k=24|tau=0.55,24.0,0.55,0.7979839444160461,0.5938483476638794,MCTNC_ABLATION_RELEASE_v1_2_COREBENCHMARK_CANONICAL
UBC1309,fixed_single_k,20108,20109,1,108,108,1.0,0.9908256880733946,0.9953917050691244,0.0,0.04327249999914784,center0,0.0,0.9024241980489192,CORE|k=24|tau=0.55,24.0,0.55,0.8919994831085205,1.1091060638427734,MCTNC_ABLATION_RELEASE_v1_2_COREBENCHMARK_CANONICAL
UBC1310,fixed_single_k,3818,3819,1,18,17,1.0,0.8947368421052632,0.9444444444444444,0.0,0.02364110000053188,center0,0.0,0.7805814704201223,CORE|k=24|tau=0.75,24.0,0.75,0.7684388160705566,0.7014843821525574,MCTNC_ABLATION_RELEASE_v1_2_COREBENCHMARK_CANONICAL
UBC1311,fixed_single_k,5628,5628,0,28,28,1.0,1.0,1.0,0.0,0.02682269999786513,center0,0.0,0.9411307516768022,CORE|k=24|tau=0.55,24.0,0.55,0.9292071461677551,0.7876935005187988,MCTNC_ABLATION_RELEASE_v1_2_COREBENCHMARK_CANONICAL
UBC1312,fixed_single_k,5226,5226,0,26,26,1.0,1.0,1.0,0.0,0.027764499995100778,center0,0.0,0.9757908303445911,CORE|k=24|tau=0.55,24.0,0.55,0.9567086100578308,0.6965329647064209,MCTNC_ABLATION_RELEASE_v1_2_COREBENCHMARK_CANONICAL
UBC1313,fixed_single_k,7035,7035,0,35,35,1.0,1.0,1.0,0.0,0.02984120000473922,center0,0.0,0.9949186033122627,CORE|k=24|tau=0.55,24.0,0.55,0.9685613512992859,0.6536723971366882,MCTNC_ABLATION_RELEASE_v1_2_COREBENCHMARK_CANONICAL
UBC1314,fixed_single_k,13266,13266,0,66,66,1.0,1.0,1.0,0.0,0.03857589999824995,center0,0.0,0.9038549526039369,CORE|k=24|tau=0.55,24.0,0.55,0.9061447381973267,1.1575233936309814,MCTNC_ABLATION_RELEASE_v1_2_COREBENCHMARK_CANONICAL
UBC1315,fixed_single_k,8442,8442,0,42,42,1.0,1.0,1.0,0.0,0.03364139999757754,center0,0.0,0.9826112204021749,CORE|k=24|tau=0.65,24.0,0.65,0.9571958184242249,0.7093700170516968,MCTNC_ABLATION_RELEASE_v1_2_COREBENCHMARK_CANONICAL
UBC1316,fixed_single_k,5628,5628,0,28,28,1.0,1.0,1.0,0.0,0.027084499997727107,center0,0.0,0.9947108485836008,CORE|k=24|tau=0.55,24.0,0.55,0.9703778624534607,0.6423718333244324,MCTNC_ABLATION_RELEASE_v1_2_COREBENCHMARK_CANONICAL
UBC1317,fixed_single_k,6029,6030,1,29,29,1.0,0.9666666666666667,0.983050847457627,0.0,0.03177729999879375,center0,0.0,0.9905097547536084,CORE|k=24|tau=0.55,24.0,0.55,0.9563921689987183,0.514122486114502,MCTNC_ABLATION_RELEASE_v1_2_COREBENCHMARK_CANONICAL
UBC1318,fixed_single_k,8241,8241,0,41,41,1.0,1.0,1.0,0.0,0.03257260000100359,center0,0.0,0.9983632002480028,CORE|k=24|tau=0.65,24.0,0.65,0.9603099226951599,0.5568397045135498,MCTNC_ABLATION_RELEASE_v1_2_COREBENCHMARK_CANONICAL
UBC1319,fixed_single_k,13266,13266,0,66,60,1.0,0.9090909090909091,0.9523809523809523,0.0,0.03777350000018487,center0,0.0,0.9393279954853626,CORE|k=24|tau=0.75,24.0,0.75,0.9223426580429077,0.8966044783592224,MCTNC_ABLATION_RELEASE_v1_2_COREBENCHMARK_CANONICAL
UBC1320,fixed_single_k,3216,3216,0,16,16,1.0,1.0,1.0,0.0,0.02261269999871729,center0,0.0,0.8390608505419722,CORE|k=24|tau=0.55,24.0,0.55,0.8099699020385742,0.5121940970420837,MCTNC_ABLATION_RELEASE_v1_2_COREBENCHMARK_CANONICAL
UBC1321,fixed_single_k,3010,3010,0,10,5,0.0,0.0,0.0,1.0,0.022388900004443713,center1_refined,20.0,0.6886484077054897,CORE|k=24|tau=0.75,24.0,0.75,0.7792951464653015,1.4054969549179077,MCTNC_ABLATION_RELEASE_v1_2_COREBENCHMARK_CANONICAL
UBC1322,fixed_single_k,4623,4623,0,23,18,1.0,0.782608695652174,0.878048780487805,0.0,0.026491100004932377,center0,0.0,0.8061543083301113,CORE|k=24|tau=0.75,24.0,0.75,0.7909551858901978,0.6636865735054016,MCTNC_ABLATION_RELEASE_v1_2_COREBENCHMARK_CANONICAL
UBC1323,fixed_single_k,5829,5829,0,29,29,1.0,1.0,1.0,0.0,0.03463219999684952,center0,0.0,0.9992149535863608,CORE|k=24|tau=0.55,24.0,0.55,0.9677829146385193,0.5613070130348206,MCTNC_ABLATION_RELEASE_v1_2_COREBENCHMARK_CANONICAL
UBC1324,fixed_single_k,8844,8844,0,44,44,1.0,1.0,1.0,0.0,0.03346160000364762,center0,0.0,0.9469069288610894,CORE|k=24|tau=0.55,24.0,0.55,0.9228922128677368,0.7383741140365601,MCTNC_ABLATION_RELEASE_v1_2_COREBENCHMARK_CANONICAL
UBC1325,fixed_single_k,4422,4422,0,22,23,0.9565217391304348,1.0,0.9777777777777777,0.04347826086956519,0.02513590000307886,center0,0.0,0.9212800991125466,CORE|k=24|tau=0.75,24.0,0.75,0.8952708840370178,0.5934974551200867,MCTNC_ABLATION_RELEASE_v1_2_COREBENCHMARK_CANONICAL
UBC1326,fixed_single_k,4824,4824,0,24,22,1.0,0.9166666666666666,0.9565217391304348,0.0,0.027741300000343472,center0,0.0,0.8387883890019732,CORE|k=24|tau=0.75,24.0,0.75,0.8061870336532593,0.5002522468566895,MCTNC_ABLATION_RELEASE_v1_2_COREBENCHMARK_CANONICAL
UBC1327,fixed_single_k,6229,6231,2,29,28,1.0,0.9032258064516129,0.9491525423728813,0.0,0.03064029999950435,center0,0.0,0.9045902789224275,CORE|k=24|tau=0.75,24.0,0.75,0.9124650955200195,1.0088939666748047,MCTNC_ABLATION_RELEASE_v1_2_COREBENCHMARK_CANONICAL
UBC1328,fixed_single_k,3015,3015,0,15,15,1.0,1.0,1.0,0.0,0.023280800000065938,center0,0.0,0.8407838369132494,CORE|k=24|tau=0.55,24.0,0.55,0.8172923922538757,0.5767442584037781,MCTNC_ABLATION_RELEASE_v1_2_COREBENCHMARK_CANONICAL
UBC1329,fixed_single_k,4422,4422,0,22,18,1.0,0.8181818181818182,0.9,0.0,0.026610999993863516,center0,0.0,0.8153865699350161,CORE|k=24|tau=0.75,24.0,0.75,0.7802242636680603,0.4266272783279419,MCTNC_ABLATION_RELEASE_v1_2_COREBENCHMARK_CANONICAL
UBC1330,fixed_single_k,11456,11457,1,56,56,1.0,0.9824561403508771,0.9911504424778761,0.0,0.033489999994344544,center0,0.0,0.9744239682475394,CORE|k=24|tau=0.55,24.0,0.55,0.9365730285644531,0.6364753246307373,MCTNC_ABLATION_RELEASE_v1_2_COREBENCHMARK_CANONICAL
UBC1331,fixed_single_k,7637,7638,1,37,37,1.0,0.9736842105263158,0.9866666666666666,0.0,0.03001159999985248,center0,0.0,1.006242407290976,CORE|k=24|tau=0.55,24.0,0.55,0.9683743119239807,0.5283587574958801,MCTNC_ABLATION_RELEASE_v1_2_COREBENCHMARK_CANONICAL
UBC1332,fixed_single_k,6030,6030,0,30,30,1.0,1.0,1.0,0.0,0.029669099996681325,center0,0.0,0.9938249531643509,CORE|k=24|tau=0.55,24.0,0.55,0.9676946997642517,0.6277316212654114,MCTNC_ABLATION_RELEASE_v1_2_COREBENCHMARK_CANONICAL
UBC1333,fixed_single_k,5427,5427,0,27,27,1.0,1.0,1.0,0.0,0.029769799999485258,center0,0.0,1.0087537571168366,CORE|k=24|tau=0.55,24.0,0.55,0.976080060005188,0.5389781594276428,MCTNC_ABLATION_RELEASE_v1_2_COREBENCHMARK_CANONICAL
UBC1334,fixed_single_k,4422,4422,0,22,18,1.0,0.8181818181818182,0.9,0.0,0.025852999999187887,center0,0.0,0.798899389567904,CORE|k=24|tau=0.75,24.0,0.75,0.7791805267333984,0.6117903590202332,MCTNC_ABLATION_RELEASE_v1_2_COREBENCHMARK_CANONICAL
UBC1335,fixed_single_k,4422,4422,0,22,22,1.0,1.0,1.0,0.0,0.02610379999532597,center0,0.0,0.8121157620824468,CORE|k=24|tau=0.55,24.0,0.55,0.8017229437828064,0.7814843654632568,MCTNC_ABLATION_RELEASE_v1_2_COREBENCHMARK_CANONICAL
UBC1336,fixed_single_k,5829,5829,0,29,29,1.0,1.0,1.0,0.0,0.0334355000013602,center0,0.0,0.9656374944120218,CORE|k=24|tau=0.65,24.0,0.65,0.9513307809829712,0.7744022011756897,MCTNC_ABLATION_RELEASE_v1_2_COREBENCHMARK_CANONICAL
UBC1337,fixed_single_k,8241,8241,0,41,39,1.0,0.9512195121951219,0.975,0.0,0.029736199998296797,center0,0.0,0.9674308178497224,CORE|k=24|tau=0.75,24.0,0.75,0.9473883509635925,0.7585805058479309,MCTNC_ABLATION_RELEASE_v1_2_COREBENCHMARK_CANONICAL
UBC1338,fixed_single_k,13668,13668,0,68,67,1.0,0.9852941176470589,0.9925925925925926,0.0,0.03806539999641245,center0,0.0,0.9054672347972417,CORE|k=24|tau=0.75,24.0,0.75,0.8979945778846741,1.0319615602493286,MCTNC_ABLATION_RELEASE_v1_2_COREBENCHMARK_CANONICAL
UBC1339,fixed_single_k,20101,20101,0,102,100,0.94,0.9215686274509803,0.9306930693069307,0.06000000000000005,0.04469249999965541,center0,0.0,0.8857081627989505,CORE|k=24|tau=0.75,24.0,0.75,0.8814218044281006,1.17008638381958,MCTNC_ABLATION_RELEASE_v1_2_COREBENCHMARK_CANONICAL
UBC1340,fixed_single_k,3011,3011,0,11,113,0.0,0.0,0.0,1.0,0.024160599998140242,center1_refined,20.0,0.7364497383431513,CORE|k=24|tau=0.75,24.0,0.75,0.8038030862808228,1.8937556743621826,MCTNC_ABLATION_RELEASE_v1_2_COREBENCHMARK_CANONICAL
UBC1341,fixed_single_k,5427,5427,0,27,27,1.0,1.0,1.0,0.0,0.025827799996477552,center0,0.0,0.9972877589983756,CORE|k=24|tau=0.55,24.0,0.55,0.9696534276008606,0.6000258922576904,MCTNC_ABLATION_RELEASE_v1_2_COREBENCHMARK_CANONICAL
UBC1342,fixed_single_k,3013,3013,0,13,65,0.0,0.0,0.0,1.0,0.02368189999833703,center1_refined,20.0,0.7151916866062015,CORE|k=24|tau=0.75,24.0,0.75,0.8022902607917786,1.8809213638305664,MCTNC_ABLATION_RELEASE_v1_2_COREBENCHMARK_CANONICAL
UBC1343,fixed_single_k,5025,5025,0,25,24,1.0,0.96,0.9795918367346939,0.0,0.028779000000213273,center0,0.0,0.8733948829217094,CORE|k=24|tau=0.75,24.0,0.75,0.8756664395332336,0.938054621219635,MCTNC_ABLATION_RELEASE_v1_2_COREBENCHMARK_CANONICAL
UBC1344,fixed_single_k,8442,8442,0,42,42,1.0,1.0,1.0,0.0,0.035035200002312195,center0,0.0,0.9737419420602558,CORE|k=24|tau=0.55,24.0,0.55,0.9496951103210449,0.7224603295326233,MCTNC_ABLATION_RELEASE_v1_2_COREBENCHMARK_CANONICAL
UBC1345,fixed_single_k,5025,5025,0,25,25,1.0,1.0,1.0,0.0,0.024268799999845214,center0,0.0,0.9803463259676765,CORE|k=24|tau=0.55,24.0,0.55,0.9551153779029846,0.6198418140411377,MCTNC_ABLATION_RELEASE_v1_2_COREBENCHMARK_CANONICAL
UBC1346,fixed_single_k,4422,4422,0,22,22,1.0,1.0,1.0,0.0,0.02442289999453351,center0,0.0,0.8263263903334231,CORE|k=24|tau=0.55,24.0,0.55,0.8027989864349365,0.6176576614379883,MCTNC_ABLATION_RELEASE_v1_2_COREBENCHMARK_CANONICAL
UBC1347,fixed_single_k,5226,5226,0,26,26,1.0,1.0,1.0,0.0,0.031599599999026395,center0,0.0,0.9987604956568996,CORE|k=24|tau=0.55,24.0,0.55,0.9620950222015381,0.4807354211807251,MCTNC_ABLATION_RELEASE_v1_2_COREBENCHMARK_CANONICAL
UBC1348,fixed_single_k,3014,3014,0,14,13,1.0,0.9285714285714286,0.962962962962963,0.0,0.02363179999520071,center0,0.0,0.773661601117947,CORE|k=24|tau=0.75,24.0,0.75,0.7689332365989685,0.7657638192176819,MCTNC_ABLATION_RELEASE_v1_2_COREBENCHMARK_CANONICAL
UBC1349,fixed_single_k,4422,4422,0,22,22,1.0,1.0,1.0,0.0,0.025529699996695854,center0,0.0,0.8403305776745642,CORE|k=24|tau=0.55,24.0,0.55,0.8040788769721985,0.4717662036418915,MCTNC_ABLATION_RELEASE_v1_2_COREBENCHMARK_CANONICAL
UBC1350,fixed_single_k,6030,6030,0,30,30,1.0,1.0,1.0,0.0,0.028149200006737374,center0,0.0,0.9881437508097503,CORE|k=24|tau=0.55,24.0,0.55,0.957204282283783,0.5677769184112549,MCTNC_ABLATION_RELEASE_v1_2_COREBENCHMARK_CANONICAL
UBC1351,fixed_single_k,8040,8040,0,40,40,1.0,1.0,1.0,0.0,0.03089880000334233,center0,0.0,0.9784716795211252,CORE|k=24|tau=0.55,24.0,0.55,0.9562054872512817,0.7314510345458984,MCTNC_ABLATION_RELEASE_v1_2_COREBENCHMARK_CANONICAL
UBC1352,fixed_single_k,6834,6834,0,34,34,1.0,1.0,1.0,0.0,0.029373000004852656,center0,0.0,0.9955439651582183,CORE|k=24|tau=0.55,24.0,0.55,0.957965612411499,0.5096642971038818,MCTNC_ABLATION_RELEASE_v1_2_COREBENCHMARK_CANONICAL
UBC1353,fixed_single_k,7437,7437,0,37,37,1.0,1.0,1.0,0.0,0.029180400000768714,center0,0.0,0.9988254189296095,CORE|k=24|tau=0.55,24.0,0.55,0.9645139575004578,0.574286162853241,MCTNC_ABLATION_RELEASE_v1_2_COREBENCHMARK_CANONICAL
UBC1354,fixed_single_k,8442,8442,0,42,42,1.0,1.0,1.0,0.0,0.032814300000609364,center0,0.0,0.9676890126109172,CORE|k=24|tau=0.45,24.0,0.45,0.9541308879852295,0.8487160205841064,MCTNC_ABLATION_RELEASE_v1_2_COREBENCHMARK_CANONICAL
UBC1355,fixed_single_k,4824,4824,0,24,24,1.0,1.0,1.0,0.0,0.027861599999596365,center0,0.0,0.8304715259285136,CORE|k=24|tau=0.55,24.0,0.55,0.7932830452919006,0.4673272967338562,MCTNC_ABLATION_RELEASE_v1_2_COREBENCHMARK_CANONICAL
UBC1356,fixed_single_k,5226,5226,0,26,26,1.0,1.0,1.0,0.0,0.025390700000571087,center0,0.0,0.9758304371467568,CORE|k=24|tau=0.55,24.0,0.55,0.9518292546272278,0.6368035078048706,MCTNC_ABLATION_RELEASE_v1_2_COREBENCHMARK_CANONICAL
UBC1357,fixed_single_k,8241,8241,0,41,41,1.0,1.0,1.0,0.0,0.03182389999710722,center0,0.0,1.0030496184258288,CORE|k=24|tau=0.65,24.0,0.65,0.9687117338180542,0.5964256525039673,MCTNC_ABLATION_RELEASE_v1_2_COREBENCHMARK_CANONICAL
UBC1358,fixed_single_k,10854,10854,0,54,54,1.0,1.0,1.0,0.0,0.03298950000316836,center0,0.0,0.9960084094932812,CORE|k=24|tau=0.55,24.0,0.55,0.9519461393356323,0.5611070394515991,MCTNC_ABLATION_RELEASE_v1_2_COREBENCHMARK_CANONICAL
UBC1359,fixed_single_k,3819,3819,0,19,19,1.0,1.0,1.0,0.0,0.023461599994334392,center0,0.0,0.8273401105386244,CORE|k=24|tau=0.55,24.0,0.55,0.78706955909729,0.404721736907959,MCTNC_ABLATION_RELEASE_v1_2_COREBENCHMARK_CANONICAL
