cluster,mode,tier,tier_label,n_cone,n_true_in_cone,n_pred,precision,recall,f1,contam,runtime_s,center_mode,center_shift_arcmin,objective
UBC1001,CORE_BENCHMARK,0,Perfect Match,5829,29,29,1.0,1.0,1.0,0.0,0.14959349995478988,center0,0.0,-0.12957942485809326
UBC1002,CORE_BENCHMARK,1,Tier 1 (Near-perfect),14269,69,68,1.0,0.9855072463768116,0.9927007299270074,0.0,0.14111770002637058,center0,0.0,-0.07278493046760559
UBC1003,CORE_BENCHMARK,0,Perfect Match,8844,44,44,1.0,1.0,1.0,0.0,0.13327180000487715,center0,0.0,-0.10148988664150238
UBC1004,CORE_BENCHMARK,2,Tier 2 (Conservative Core),20418,418,373,1.0,0.8923444976076556,0.943109987357775,0.0,0.22364660003222525,center0,0.0,0.6723248958587646
UBC1005,CORE_BENCHMARK,0,Perfect Match,6231,31,31,1.0,1.0,1.0,0.0,0.13067719992250204,center0,0.0,-0.1224147379398346
UBC1006,CORE_BENCHMARK,0,Perfect Match,15477,77,77,1.0,1.0,1.0,0.0,0.15247530001215637,center0,0.0,-0.03875160217285156
UBC1007,CORE_BENCHMARK,0,Perfect Match,6432,32,32,1.0,1.0,1.0,0.0,0.13203510001767427,center0,0.0,-0.12400782108306885
UBC1008,CORE_BENCHMARK,1,Tier 1 (Near-perfect),5829,29,28,1.0,0.9655172413793104,0.9824561403508771,0.0,0.1419637999497354,center0,0.0,-0.12817125022411346
UBC1009,CORE_BENCHMARK,0,Perfect Match,9246,46,46,1.0,1.0,1.0,0.0,0.1359242000617087,center0,0.0,-0.09409210085868835
UBC1010,CORE_BENCHMARK,1,Tier 1 (Near-perfect),9246,46,45,1.0,0.9782608695652174,0.989010989010989,0.0,0.13363409996964037,center0,0.0,-0.10044029355049133
UBC1011,CORE_BENCHMARK,2,Tier 2 (Conservative Core),20235,235,220,1.0,0.9361702127659575,0.967032967032967,0.0,0.1358102000085637,center0,0.0,0.211040198802948
UBC1012,CORE_BENCHMARK,1,Tier 1 (Near-perfect),8843,43,42,1.0,0.9767441860465116,0.988235294117647,0.0,0.1272821999154985,center0,0.0,-0.10310947895050049
UBC1013,CORE_BENCHMARK,0,Perfect Match,10049,49,49,1.0,1.0,1.0,0.0,0.13561750005465,center0,0.0,-0.08187943696975708
UBC1014,CORE_BENCHMARK,0,Perfect Match,5628,28,28,1.0,1.0,1.0,0.0,0.12432439997792244,center0,0.0,-0.12587209045886993
UBC1015,CORE_BENCHMARK,2,Tier 2 (Conservative Core),20564,564,360,1.0,0.6382978723404256,0.7792207792207793,0.0,0.23829489992931485,center1_refined,0.5667228681164322,0.5731614828109741
UBC1016,CORE_BENCHMARK,0,Perfect Match,4421,21,21,1.0,1.0,1.0,0.0,0.13614099996630102,center0,0.0,-0.15031665563583374
UBC1017,CORE_BENCHMARK,0,Perfect Match,5226,26,26,1.0,1.0,1.0,0.0,0.12981760001275688,center0,0.0,-0.12659239768981934
UBC1018,CORE_BENCHMARK,1,Tier 1 (Near-perfect),20154,154,148,1.0,0.961038961038961,0.9801324503311257,0.0,0.1513668999541551,center0,0.0,0.05824558436870575
UBC1019,CORE_BENCHMARK,1,Tier 1 (Near-perfect),15678,78,75,1.0,0.9615384615384616,0.9803921568627451,0.0,0.136317600030452,center0,0.0,-0.05886378884315491
UBC1020,CORE_BENCHMARK,1,Tier 1 (Near-perfect),20110,110,109,1.0,0.990909090909091,0.995433789954338,0.0,0.15318270004354417,center0,0.0,-0.010115861892700195
UBC1021,CORE_BENCHMARK,0,Perfect Match,4824,24,24,1.0,1.0,1.0,0.0,0.14439930010121316,center0,0.0,-0.14426428079605103
UBC1022,CORE_BENCHMARK,2,Tier 2 (Conservative Core),7637,37,25,1.0,0.6756756756756757,0.8064516129032258,0.0,0.1416118999477476,center0,0.0,-0.14170397818088531
UBC1023,CORE_BENCHMARK,0,Perfect Match,8040,40,40,1.0,1.0,1.0,0.0,0.13678569998592138,center0,0.0,-0.10939650237560272
UBC1024,CORE_BENCHMARK,2,Tier 2 (Conservative Core),20130,130,118,1.0,0.9076923076923077,0.9516129032258065,0.0,0.13991949998307973,center0,0.0,0.026801317930221558
UBC1025,CORE_BENCHMARK,2,Tier 2 (Conservative Core),5226,26,24,1.0,0.9230769230769231,0.9600000000000001,0.0,0.12920119997579604,center0,0.0,-0.14012086391448975
UBC1026,CORE_BENCHMARK,0,Perfect Match,4824,24,24,1.0,1.0,1.0,0.0,0.13039579999167472,center0,0.0,-0.14221453666687012
UBC1027,CORE_BENCHMARK,2,Tier 2 (Conservative Core),20229,229,209,1.0,0.9126637554585153,0.954337899543379,0.0,0.15658389998134226,center0,0.0,0.20785441994667053
UBC1028,CORE_BENCHMARK,0,Perfect Match,4020,20,20,1.0,1.0,1.0,0.0,0.24979069991968572,center0,0.0,-0.15300655364990234
UBC1029,CORE_BENCHMARK,1,Tier 1 (Near-perfect),9444,44,43,1.0,0.9772727272727273,0.9885057471264368,0.0,0.16115140006877482,center0,0.0,-0.09851217269897461
UBC1030,CORE_BENCHMARK,0,Perfect Match,4623,23,23,1.0,1.0,1.0,0.0,0.14045859989710152,center0,0.0,-0.14291976392269135
UBC1031,CORE_BENCHMARK,2,Tier 2 (Conservative Core),9045,45,42,1.0,0.9333333333333333,0.9655172413793104,0.0,0.15294810000341386,center0,0.0,-0.1088215708732605
UBC1032,CORE_BENCHMARK,0,Perfect Match,3216,16,16,1.0,1.0,1.0,0.0,0.1209722999483347,center0,0.0,-0.16623786091804504
UBC1033,CORE_BENCHMARK,1,Tier 1 (Near-perfect),6833,33,32,1.0,0.9696969696969697,0.9846153846153847,0.0,0.12741259997710586,center0,0.0,-0.11145290732383728
UBC1034,CORE_BENCHMARK,0,Perfect Match,9045,45,45,1.0,1.0,1.0,0.0,0.15543929999694228,center0,0.0,-0.08945813775062561
UBC1035,CORE_BENCHMARK,2,Tier 2 (Conservative Core),20112,112,99,1.0,0.8839285714285714,0.9383886255924171,0.0,0.1587121000047773,center0,0.0,-0.01480400562286377
UBC1036,CORE_BENCHMARK,1,Tier 1 (Near-perfect),20112,112,107,1.0,0.9553571428571429,0.9771689497716896,0.0,0.1451771000865847,center0,0.0,0.011032700538635254
UBC1037,CORE_BENCHMARK,1,Tier 1 (Near-perfect),17084,84,83,1.0,0.9880952380952381,0.9940119760479043,0.0,0.14536570000927895,center0,0.0,-0.039229631423950195
UBC1038,CORE_BENCHMARK,1,Tier 1 (Near-perfect),10251,51,49,1.0,0.9607843137254902,0.98,0.0,0.15223010000772774,center0,0.0,-0.07706156373023987
UBC1039,CORE_BENCHMARK,0,Perfect Match,11656,56,56,1.0,1.0,1.0,0.0,0.13383240008261055,center0,0.0,-0.04963742196559906
UBC1040,CORE_BENCHMARK,0,Perfect Match,8040,40,40,1.0,1.0,1.0,0.0,0.13012370001524687,center0,0.0,-0.08797533810138702
UBC1041,CORE_BENCHMARK,2,Tier 2 (Conservative Core),7035,35,30,1.0,0.8571428571428571,0.923076923076923,0.0,0.14124349993653595,center0,0.0,-0.12469075620174408
UBC1042,CORE_BENCHMARK,2,Tier 2 (Conservative Core),19094,94,85,1.0,0.9042553191489362,0.9497206703910615,0.0,0.14622150000650436,center0,0.0,-0.034543901681900024
UBC1043,CORE_BENCHMARK,2,Tier 2 (Conservative Core),6231,31,28,1.0,0.9032258064516129,0.9491525423728813,0.0,0.1282690999796614,center0,0.0,-0.13062287867069244
UBC1044,CORE_BENCHMARK,0,Perfect Match,6030,30,30,1.0,1.0,1.0,0.0,0.12642340001184493,center0,0.0,-0.12958742678165436
UBC1045,CORE_BENCHMARK,1,Tier 1 (Near-perfect),10853,53,52,1.0,0.9811320754716981,0.9904761904761905,0.0,0.13776300009340048,center0,0.0,-0.07617361843585968
UBC1046,CORE_BENCHMARK,0,Perfect Match,6231,31,31,1.0,1.0,1.0,0.0,0.13096690003294498,center0,0.0,-0.11914622783660889
UBC1047,CORE_BENCHMARK,0,Perfect Match,6833,33,33,1.0,1.0,1.0,0.0,0.13095449993852526,center0,0.0,-0.11152082681655884
UBC1048,CORE_BENCHMARK,1,Tier 1 (Near-perfect),11658,58,56,1.0,0.9655172413793104,0.9824561403508771,0.0,0.15453910001087934,center0,0.0,-0.07381360232830048
UBC1049,CORE_BENCHMARK,2,Tier 2 (Conservative Core),20228,228,20,1.0,0.08771929824561403,0.16129032258064516,0.0,0.14265030005481094,center1_refined,20.0,-0.08070087432861328
UBC1050,CORE_BENCHMARK,0,Perfect Match,5427,27,27,1.0,1.0,1.0,0.0,0.1313466998981312,center0,0.0,-0.12519067525863647
UBC1051,CORE_BENCHMARK,0,Perfect Match,16078,78,78,1.0,1.0,1.0,0.0,0.1607244999613613,center0,0.0,-0.037697046995162964
UBC1052,CORE_BENCHMARK,0,Perfect Match,6230,30,30,1.0,1.0,1.0,0.0,0.13866009993944317,center0,0.0,-0.11294160783290863
UBC1053,CORE_BENCHMARK,1,Tier 1 (Near-perfect),12460,60,58,1.0,0.9666666666666667,0.983050847457627,0.0,0.1256988999666646,center0,0.0,-0.07245109975337982
UBC1054,CORE_BENCHMARK,2,Tier 2 (Conservative Core),5427,27,25,1.0,0.9259259259259259,0.9615384615384615,0.0,0.18563970003742725,center0,0.0,-0.13510556519031525
UBC1055,CORE_BENCHMARK,1,Tier 1 (Near-perfect),9849,49,48,1.0,0.9795918367346939,0.9896907216494846,0.0,0.13600529998075217,center0,0.0,-0.07828310132026672
UBC1056,CORE_BENCHMARK,1,Tier 1 (Near-perfect),4422,22,21,1.0,0.9545454545454546,0.9767441860465117,0.0,0.1355481999926269,center0,0.0,-0.15101313591003418
UBC1057,CORE_BENCHMARK,1,Tier 1 (Near-perfect),20177,177,169,1.0,0.9548022598870056,0.976878612716763,0.0,0.14804689993616194,center0,0.0,0.08578065037727356
UBC1058,CORE_BENCHMARK,0,Perfect Match,9045,45,45,1.0,1.0,1.0,0.0,0.13699340005405247,center0,0.0,-0.09185698628425598
UBC1059,CORE_BENCHMARK,0,Perfect Match,5628,28,28,1.0,1.0,1.0,0.0,0.12268869997933507,center0,0.0,-0.13273443281650543
UBC1060,CORE_BENCHMARK,1,Tier 1 (Near-perfect),9445,45,44,1.0,0.9777777777777777,0.9887640449438202,0.0,0.1333239000523463,center0,0.0,-0.09100745618343353
UBC1061,CORE_BENCHMARK,0,Perfect Match,15879,79,79,1.0,1.0,1.0,0.0,0.1557714999653399,center0,0.0,-0.028854787349700928
UBC1062,CORE_BENCHMARK,0,Perfect Match,6432,32,32,1.0,1.0,1.0,0.0,0.13730360008776188,center0,0.0,-0.11920207738876343
UBC1063,CORE_BENCHMARK,2,Tier 2 (Conservative Core),14271,71,67,1.0,0.9436619718309859,0.9710144927536231,0.0,0.14098799997009337,center0,0.0,-0.05158066749572754
UBC1064,CORE_BENCHMARK,1,Tier 1 (Near-perfect),19899,99,97,1.0,0.9797979797979798,0.989795918367347,0.0,0.13053259998559952,center0,0.0,0.0031006038188934326
UBC1065,CORE_BENCHMARK,0,Perfect Match,3012,12,12,1.0,1.0,1.0,0.0,0.12626259995158762,center0,0.0,-0.18372972309589386
UBC1066,CORE_BENCHMARK,0,Perfect Match,7437,37,37,1.0,1.0,1.0,0.0,0.13019749999511987,center0,0.0,-0.09279188513755798
UBC1067,CORE_BENCHMARK,2,Tier 2 (Conservative Core),10854,54,50,1.0,0.9259259259259259,0.9615384615384615,0.0,0.12714939995203167,center0,0.0,-0.07667812705039978
UBC1068,CORE_BENCHMARK,4,Tier 4 (Borderline Extension),6029,30,31,0.9032258064516129,0.9333333333333333,0.9180327868852459,0.09677419354838712,0.1435782000189647,center0,0.0,-0.1116599440574646
UBC1069,CORE_BENCHMARK,0,Perfect Match,5628,28,28,1.0,1.0,1.0,0.0,0.13605950004421175,center0,0.0,-0.13062728941440582
UBC1070,CORE_BENCHMARK,0,Perfect Match,3417,17,17,1.0,1.0,1.0,0.0,0.14715370000340044,center0,0.0,-0.16311077773571014
UBC1071,CORE_BENCHMARK,0,Perfect Match,3617,17,17,1.0,1.0,1.0,0.0,0.127800100017339,center0,0.0,-0.160207137465477
UBC1072,CORE_BENCHMARK,1,Tier 1 (Near-perfect),15678,78,76,1.0,0.9743589743589743,0.9870129870129869,0.0,0.13148499990347773,center0,0.0,-0.0546187162399292
UBC1073,CORE_BENCHMARK,1,Tier 1 (Near-perfect),19898,98,95,1.0,0.9693877551020408,0.9844559585492229,0.0,0.13539230008609593,center0,0.0,-0.031978487968444824
UBC1074,CORE_BENCHMARK,0,Perfect Match,4824,24,24,1.0,1.0,1.0,0.0,0.12376859993673861,center0,0.0,-0.13764965534210205
UBC1075,CORE_BENCHMARK,0,Perfect Match,7838,38,38,1.0,1.0,1.0,0.0,0.13946099998429418,center0,0.0,-0.1092415452003479
UBC1076,CORE_BENCHMARK,0,Perfect Match,6432,32,32,1.0,1.0,1.0,0.0,0.1386593000497669,center0,0.0,-0.118136465549469
UBC1077,CORE_BENCHMARK,2,Tier 2 (Conservative Core),12261,61,54,1.0,0.8852459016393442,0.9391304347826086,0.0,0.13759339996613562,center0,0.0,-0.07418707013130188
UBC1078,CORE_BENCHMARK,0,Perfect Match,9647,47,47,1.0,1.0,1.0,0.0,0.13544169999659061,center0,0.0,-0.08947695791721344
UBC1079,CORE_BENCHMARK,0,Perfect Match,5628,28,28,1.0,1.0,1.0,0.0,0.12798150000162423,center0,0.0,-0.13117386400699615
UBC1080,CORE_BENCHMARK,0,Perfect Match,15074,74,74,1.0,1.0,1.0,0.0,0.13274880009703338,center0,0.0,-0.06104472279548645
UBC1081,CORE_BENCHMARK,2,Tier 2 (Conservative Core),10452,52,49,1.0,0.9423076923076923,0.9702970297029703,0.0,0.17506809998303652,center0,0.0,-0.09193536639213562
UBC1082,CORE_BENCHMARK,0,Perfect Match,7437,37,37,1.0,1.0,1.0,0.0,0.23412209993693978,center0,0.0,-0.08976340293884277
UBC1083,CORE_BENCHMARK,0,Perfect Match,3618,18,18,1.0,1.0,1.0,0.0,0.1409229999408126,center0,0.0,-0.1607927680015564
UBC1084,CORE_BENCHMARK,2,Tier 2 (Conservative Core),6432,32,30,1.0,0.9375,0.967741935483871,0.0,0.14851769991219044,center0,0.0,-0.1313183754682541
UBC1085,CORE_BENCHMARK,2,Tier 2 (Conservative Core),12461,61,57,1.0,0.9344262295081968,0.9661016949152543,0.0,0.13826580008026212,center0,0.0,-0.08308525383472443
UBC1086,CORE_BENCHMARK,0,Perfect Match,7437,37,37,1.0,1.0,1.0,0.0,0.12402069999370724,center0,0.0,-0.09979793429374695
UBC1087,CORE_BENCHMARK,2,Tier 2 (Conservative Core),3819,19,18,1.0,0.9473684210526315,0.972972972972973,0.0,0.14251719997264445,center0,0.0,-0.16339021921157837
UBC1088,CORE_BENCHMARK,0,Perfect Match,6632,32,32,1.0,1.0,1.0,0.0,0.12538179999683052,center0,0.0,-0.1098480224609375
UBC1089,CORE_BENCHMARK,2,Tier 2 (Conservative Core),7035,35,32,1.0,0.9142857142857143,0.955223880597015,0.0,0.13594020006712526,center0,0.0,-0.11136278510093689
UBC1090,CORE_BENCHMARK,0,Perfect Match,4019,19,19,1.0,1.0,1.0,0.0,0.1294488999992609,center0,0.0,-0.1582634449005127
UBC1091,CORE_BENCHMARK,2,Tier 2 (Conservative Core),12260,60,54,1.0,0.9,0.9473684210526316,0.0,0.1588604999706149,center0,0.0,-0.052554190158843994
UBC1092,CORE_BENCHMARK,1,Tier 1 (Near-perfect),5628,28,27,1.0,0.9642857142857143,0.9818181818181818,0.0,0.1294425999512896,center0,0.0,-0.13442662358283997
UBC1093,CORE_BENCHMARK,0,Perfect Match,19496,96,96,1.0,1.0,1.0,0.0,0.16638140007853508,center0,0.0,-0.012130498886108398
UBC1094,CORE_BENCHMARK,1,Tier 1 (Near-perfect),15879,79,78,1.0,0.9873417721518988,0.9936305732484078,0.0,0.1548144998960197,center0,0.0,-0.04775822162628174
UBC1095,CORE_BENCHMARK,0,Perfect Match,8643,43,43,1.0,1.0,1.0,0.0,0.14881749998312443,center0,0.0,-0.09735932946205139
UBC1096,CORE_BENCHMARK,0,Perfect Match,5226,26,26,1.0,1.0,1.0,0.0,0.14705120003782213,center0,0.0,-0.13127419352531433
UBC1097,CORE_BENCHMARK,0,Perfect Match,4422,22,22,1.0,1.0,1.0,0.0,0.13035330001730472,center0,0.0,-0.14501157402992249
UBC1098,CORE_BENCHMARK,0,Perfect Match,3819,19,19,1.0,1.0,1.0,0.0,0.13529110001400113,center0,0.0,-0.1572558581829071
UBC1099,CORE_BENCHMARK,0,Perfect Match,7638,38,38,1.0,1.0,1.0,0.0,0.132154899998568,center0,0.0,-0.09947609901428223
UBC1100,CORE_BENCHMARK,0,Perfect Match,9447,47,47,1.0,1.0,1.0,0.0,0.12388780002947897,center0,0.0,-0.08371590077877045
UBC1101,CORE_BENCHMARK,0,Perfect Match,11658,58,58,1.0,1.0,1.0,0.0,0.13778470002580434,center0,0.0,-0.06232966482639313
UBC1102,CORE_BENCHMARK,2,Tier 2 (Conservative Core),9045,45,38,1.0,0.8444444444444444,0.9156626506024096,0.0,0.14396310003940016,center0,0.0,-0.10118916630744934
UBC1103,CORE_BENCHMARK,3,Tier 3 (Topological Over-expansion),10047,50,287,0.17421602787456447,1.0,0.2967359050445104,0.8257839721254355,0.238705400028266,center1_refined,10.207381416297832,1.164699912071228
UBC1104,CORE_BENCHMARK,2,Tier 2 (Conservative Core),9445,45,27,1.0,0.6,0.7499999999999999,0.0,0.13430999999400228,center0,0.0,-0.13212046027183533
UBC1105,CORE_BENCHMARK,1,Tier 1 (Near-perfect),10652,52,51,1.0,0.9807692307692307,0.9902912621359222,0.0,0.131805699900724,center0,0.0,-0.08667151629924774
UBC1106,CORE_BENCHMARK,0,Perfect Match,7034,34,34,1.0,1.0,1.0,0.0,0.13047800003550947,center0,0.0,-0.11364316940307617
UBC1107,CORE_BENCHMARK,1,Tier 1 (Near-perfect),6231,31,30,1.0,0.967741935483871,0.9836065573770492,0.0,0.12405599991325289,center0,0.0,-0.10920362174510956
UBC1108,CORE_BENCHMARK,2,Tier 2 (Conservative Core),11256,56,53,1.0,0.9464285714285714,0.9724770642201834,0.0,0.13257900008466095,center0,0.0,-0.06691673398017883
UBC1109,CORE_BENCHMARK,2,Tier 2 (Conservative Core),6432,32,29,1.0,0.90625,0.9508196721311475,0.0,0.1565341999521479,center0,0.0,-0.11935117840766907
UBC1110,CORE_BENCHMARK,0,Perfect Match,7638,38,38,1.0,1.0,1.0,0.0,0.14942270005121827,center0,0.0,-0.11393725872039795
UBC1111,CORE_BENCHMARK,4,Tier 4 (Borderline Extension),5628,28,31,0.9032258064516129,1.0,0.9491525423728813,0.09677419354838712,0.1460166999604553,center0,0.0,-0.08867046236991882
UBC1112,CORE_BENCHMARK,2,Tier 2 (Conservative Core),9044,44,41,1.0,0.9318181818181818,0.9647058823529412,0.0,0.19465730001684278,center0,0.0,-0.1021001785993576
UBC1113,CORE_BENCHMARK,2,Tier 2 (Conservative Core),6632,32,28,1.0,0.875,0.9333333333333333,0.0,0.15197260002605617,center0,0.0,-0.1303781419992447
UBC1114,CORE_BENCHMARK,0,Perfect Match,4824,24,24,1.0,1.0,1.0,0.0,0.11884840007405728,center0,0.0,-0.11462002992630005
UBC1115,CORE_BENCHMARK,1,Tier 1 (Near-perfect),7437,37,36,1.0,0.972972972972973,0.9863013698630138,0.0,0.11352430004626513,center0,0.0,-0.108762726187706
UBC1116,CORE_BENCHMARK,1,Tier 1 (Near-perfect),4623,23,22,1.0,0.9565217391304348,0.9777777777777777,0.0,0.12674780003726482,center0,0.0,-0.14426380395889282
UBC1117,CORE_BENCHMARK,2,Tier 2 (Conservative Core),10251,51,48,1.0,0.9411764705882353,0.9696969696969697,0.0,0.12568980001378804,center0,0.0,-0.06254082918167114
UBC1118,CORE_BENCHMARK,2,Tier 2 (Conservative Core),20189,189,158,1.0,0.8359788359788359,0.9106628242074928,0.0,0.13888870005030185,center0,0.0,0.04202967882156372
UBC1119,CORE_BENCHMARK,1,Tier 1 (Near-perfect),5226,26,25,1.0,0.9615384615384616,0.9803921568627451,0.0,0.1185689999256283,center0,0.0,-0.13161994516849518
UBC1120,CORE_BENCHMARK,0,Perfect Match,3417,17,17,1.0,1.0,1.0,0.0,0.11456790007650852,center0,0.0,-0.15595446527004242
UBC1121,CORE_BENCHMARK,2,Tier 2 (Conservative Core),9447,47,44,1.0,0.9361702127659575,0.967032967032967,0.0,0.11892299994360656,center0,0.0,-0.08377103507518768
UBC1122,CORE_BENCHMARK,0,Perfect Match,10048,48,48,1.0,1.0,1.0,0.0,0.12331130006350577,center0,0.0,-0.0746503472328186
UBC1123,CORE_BENCHMARK,0,Perfect Match,3011,11,11,1.0,1.0,1.0,0.0,0.12555689993314445,center0,0.0,-0.19172580540180206
UBC1124,CORE_BENCHMARK,0,Perfect Match,3618,18,18,1.0,1.0,1.0,0.0,0.1336081000044942,center0,0.0,-0.1604914665222168
UBC1125,CORE_BENCHMARK,2,Tier 2 (Conservative Core),11054,54,50,1.0,0.9259259259259259,0.9615384615384615,0.0,0.11935730010736734,center0,0.0,-0.04193776845932007
UBC1126,CORE_BENCHMARK,0,Perfect Match,7236,36,36,1.0,1.0,1.0,0.0,0.11828769999556243,center0,0.0,-0.10064880549907684
UBC1127,CORE_BENCHMARK,2,Tier 2 (Conservative Core),5628,28,25,1.0,0.8928571428571429,0.9433962264150945,0.0,0.13192420010454953,center0,0.0,-0.13548336923122406
UBC1128,CORE_BENCHMARK,0,Perfect Match,4421,21,21,1.0,1.0,1.0,0.0,0.11666960001457483,center0,0.0,-0.14395582675933838
UBC1129,CORE_BENCHMARK,0,Perfect Match,4824,24,24,1.0,1.0,1.0,0.0,0.11959240003488958,center0,0.0,-0.1332976520061493
UBC1130,CORE_BENCHMARK,1,Tier 1 (Near-perfect),13064,64,61,1.0,0.953125,0.976,0.0,0.11936330003663898,center0,0.0,-0.06888025999069214
UBC1131,CORE_BENCHMARK,2,Tier 2 (Conservative Core),13467,67,45,1.0,0.6716417910447762,0.8035714285714287,0.0,0.12289140000939369,center0,0.0,-0.0724683403968811
UBC1132,CORE_BENCHMARK,0,Perfect Match,4019,19,19,1.0,1.0,1.0,0.0,0.1298277999740094,center0,0.0,-0.15475523471832275
UBC1133,CORE_BENCHMARK,1,Tier 1 (Near-perfect),7035,35,34,1.0,0.9714285714285714,0.9855072463768115,0.0,0.12296289997175336,center0,0.0,-0.11140233278274536
UBC1134,CORE_BENCHMARK,0,Perfect Match,8241,41,41,1.0,1.0,1.0,0.0,0.12289299990516156,center0,0.0,-0.08781467378139496
UBC1135,CORE_BENCHMARK,0,Perfect Match,8844,44,44,1.0,1.0,1.0,0.0,0.11807409999892116,center0,0.0,-0.0845247358083725
UBC1136,CORE_BENCHMARK,0,Perfect Match,3013,13,13,1.0,1.0,1.0,0.0,0.11179870006162673,center0,0.0,-0.17780199646949768
UBC1137,CORE_BENCHMARK,0,Perfect Match,4823,23,23,1.0,1.0,1.0,0.0,0.11796820000745356,center0,0.0,-0.11191929876804352
UBC1138,CORE_BENCHMARK,0,Perfect Match,4019,19,19,1.0,1.0,1.0,0.0,0.11642079998273402,center0,0.0,-0.15082740783691406
UBC1139,CORE_BENCHMARK,0,Perfect Match,5226,26,26,1.0,1.0,1.0,0.0,0.11578280001413077,center0,0.0,-0.13178205490112305
UBC1140,CORE_BENCHMARK,1,Tier 1 (Near-perfect),12259,59,57,1.0,0.9661016949152542,0.9827586206896551,0.0,0.1302536999573931,center0,0.0,-0.06450320780277252
UBC1141,CORE_BENCHMARK,0,Perfect Match,8441,41,41,1.0,1.0,1.0,0.0,0.13129369996022433,center0,0.0,-0.0738353282213211
UBC1142,CORE_BENCHMARK,2,Tier 2 (Conservative Core),9648,48,43,0.9767441860465116,0.875,0.923076923076923,0.023255813953488413,0.21614030003547668,center0,0.0,-0.07011356949806213
UBC1143,CORE_BENCHMARK,1,Tier 1 (Near-perfect),20114,114,110,1.0,0.9649122807017544,0.9821428571428572,0.0,0.1248089000582695,center0,0.0,0.0032999515533447266
UBC1144,CORE_BENCHMARK,0,Perfect Match,10653,53,53,1.0,1.0,1.0,0.0,0.11975860001984984,center0,0.0,-0.06536698341369629
UBC1145,CORE_BENCHMARK,0,Perfect Match,4622,22,22,1.0,1.0,1.0,0.0,0.11630900006275624,center0,0.0,-0.14069509506225586
UBC1146,CORE_BENCHMARK,2,Tier 2 (Conservative Core),8844,44,40,1.0,0.9090909090909091,0.9523809523809523,0.0,0.1260775999398902,center0,0.0,-0.10227788984775543
UBC1147,CORE_BENCHMARK,0,Perfect Match,12662,62,62,1.0,1.0,1.0,0.0,0.1473954999819398,center0,0.0,-0.06025591492652893
UBC1148,CORE_BENCHMARK,0,Perfect Match,5628,28,28,1.0,1.0,1.0,0.0,0.12792420003097504,center0,0.0,-0.12164707481861115
UBC1149,CORE_BENCHMARK,0,Perfect Match,7638,38,38,1.0,1.0,1.0,0.0,0.136785100097768,center0,0.0,-0.09274300932884216
UBC1150,CORE_BENCHMARK,0,Perfect Match,5224,24,24,1.0,1.0,1.0,0.0,0.12194750003982335,center0,0.0,-0.13107767701148987
UBC1151,CORE_BENCHMARK,0,Perfect Match,6231,31,31,1.0,1.0,1.0,0.0,0.14951470005325973,center0,0.0,-0.11691093444824219
UBC1152,CORE_BENCHMARK,0,Perfect Match,6633,33,33,1.0,1.0,1.0,0.0,0.12461259996052831,center0,0.0,-0.11282694339752197
UBC1153,CORE_BENCHMARK,0,Perfect Match,3011,11,11,1.0,1.0,1.0,0.0,0.12955080007668585,center0,0.0,-0.18971680104732513
UBC1154,CORE_BENCHMARK,1,Tier 1 (Near-perfect),7638,38,37,1.0,0.9736842105263158,0.9866666666666666,0.0,0.12996289995498955,center0,0.0,-0.10129204392433167
UBC1155,CORE_BENCHMARK,0,Perfect Match,3215,15,15,1.0,1.0,1.0,0.0,0.12930149992462248,center0,0.0,-0.16415393352508545
UBC1156,CORE_BENCHMARK,0,Perfect Match,4824,24,24,1.0,1.0,1.0,0.0,0.12412860000040382,center0,0.0,-0.13168397545814514
UBC1157,CORE_BENCHMARK,1,Tier 1 (Near-perfect),7839,39,38,1.0,0.9743589743589743,0.9870129870129869,0.0,0.12632440007291734,center0,0.0,-0.10147428512573242
UBC1158,CORE_BENCHMARK,0,Perfect Match,4823,23,23,1.0,1.0,1.0,0.0,0.11243159999139607,center0,0.0,-0.1322968453168869
UBC1159,CORE_BENCHMARK,1,Tier 1 (Near-perfect),10251,51,50,1.0,0.9803921568627451,0.99009900990099,0.0,0.1164361999835819,center0,0.0,-0.07817527651786804
UBC1160,CORE_BENCHMARK,0,Perfect Match,14068,68,68,1.0,1.0,1.0,0.0,0.11921509995590895,center0,0.0,-0.025495171546936035
UBC1161,CORE_BENCHMARK,1,Tier 1 (Near-perfect),9447,47,46,1.0,0.9787234042553191,0.989247311827957,0.0,0.1190119000384584,center0,0.0,-0.07989436388015747
UBC1162,CORE_BENCHMARK,0,Perfect Match,4623,23,23,1.0,1.0,1.0,0.0,0.19484730006661266,center0,0.0,-0.13206847012043
UBC1163,CORE_BENCHMARK,1,Tier 1 (Near-perfect),20148,148,141,1.0,0.9527027027027027,0.9757785467128028,0.0,0.12758860003668815,center0,0.0,0.08348703384399414
UBC1164,CORE_BENCHMARK,0,Perfect Match,3618,18,18,1.0,1.0,1.0,0.0,0.12059369997587055,center0,0.0,-0.15790912508964539
UBC1165,CORE_BENCHMARK,2,Tier 2 (Conservative Core),16680,80,43,1.0,0.5375,0.6991869918699186,0.0,0.13742369995452464,center0,0.0,-0.06310328841209412
UBC1166,CORE_BENCHMARK,0,Perfect Match,4824,24,24,1.0,1.0,1.0,0.0,0.13107240002136678,center0,0.0,-0.13434046506881714
UBC1167,CORE_BENCHMARK,0,Perfect Match,4623,23,23,1.0,1.0,1.0,0.0,0.1161245999392122,center0,0.0,-0.12105752527713776
UBC1168,CORE_BENCHMARK,1,Tier 1 (Near-perfect),8240,40,38,1.0,0.95,0.9743589743589743,0.0,0.12570770003367215,center0,0.0,-0.09287217259407043
UBC1169,CORE_BENCHMARK,2,Tier 2 (Conservative Core),15476,76,66,1.0,0.868421052631579,0.9295774647887324,0.0,0.12941010005306453,center0,0.0,-0.034237831830978394
UBC1170,CORE_BENCHMARK,0,Perfect Match,4221,21,21,1.0,1.0,1.0,0.0,0.16181399999186397,center0,0.0,-0.14200028777122498
UBC1171,CORE_BENCHMARK,3,Tier 3 (Topological Over-expansion),3013,13,16,0.8125,1.0,0.896551724137931,0.1875,0.14396779995877296,center0,0.0,-0.10454583168029785
UBC1172,CORE_BENCHMARK,2,Tier 2 (Conservative Core),13265,65,61,1.0,0.9384615384615385,0.9682539682539683,0.0,0.13564780005253851,center0,0.0,-0.057302325963974
UBC1173,CORE_BENCHMARK,0,Perfect Match,5226,26,26,1.0,1.0,1.0,0.0,0.1429043998941779,center0,0.0,-0.13394159078598022
UBC1174,CORE_BENCHMARK,4,Tier 4 (Borderline Extension),3014,14,15,0.9333333333333333,1.0,0.9655172413793104,0.06666666666666665,0.12735470000188798,center0,0.0,-0.12468388676643372
UBC1175,CORE_BENCHMARK,0,Perfect Match,9648,48,48,1.0,1.0,1.0,0.0,0.13342570001259446,center0,0.0,-0.07939860224723816
UBC1176,CORE_BENCHMARK,0,Perfect Match,3818,18,18,1.0,1.0,1.0,0.0,0.13339829992037266,center0,0.0,-0.1580905318260193
UBC1177,CORE_BENCHMARK,0,Perfect Match,7234,34,34,1.0,1.0,1.0,0.0,0.1547685000114143,center0,0.0,-0.10801979899406433
UBC1178,CORE_BENCHMARK,0,Perfect Match,5226,26,26,1.0,1.0,1.0,0.0,0.14621759997680783,center0,0.0,-0.12925764918327332
UBC1179,CORE_BENCHMARK,0,Perfect Match,3617,17,17,1.0,1.0,1.0,0.0,0.12874830001965165,center0,0.0,-0.14984269440174103
UBC1180,CORE_BENCHMARK,0,Perfect Match,6633,33,33,1.0,1.0,1.0,0.0,0.12436609994620085,center0,0.0,-0.10693076252937317
UBC1181,CORE_BENCHMARK,2,Tier 2 (Conservative Core),5025,25,22,1.0,0.88,0.9361702127659575,0.0,0.11745910008903593,center0,0.0,-0.1407415270805359
UBC1182,CORE_BENCHMARK,1,Tier 1 (Near-perfect),13868,68,67,1.0,0.9852941176470589,0.9925925925925926,0.0,0.12700710003264248,center0,0.0,-0.03138798475265503
UBC1183,CORE_BENCHMARK,2,Tier 2 (Conservative Core),6432,32,28,1.0,0.875,0.9333333333333333,0.0,0.1244548000395298,center0,0.0,-0.12361179292201996
UBC1184,CORE_BENCHMARK,0,Perfect Match,10451,51,51,1.0,1.0,1.0,0.0,0.1250059000449255,center0,0.0,-0.0735856145620346
UBC1185,CORE_BENCHMARK,1,Tier 1 (Near-perfect),20098,98,97,1.0,0.9897959183673469,0.9948717948717948,0.0,0.1435046000406146,center0,0.0,-0.015946507453918457
UBC1186,CORE_BENCHMARK,0,Perfect Match,4221,21,21,1.0,1.0,1.0,0.0,0.12810690002515912,center0,0.0,-0.13256394863128662
UBC1187,CORE_BENCHMARK,0,Perfect Match,3617,17,17,1.0,1.0,1.0,0.0,0.13055360002908856,center0,0.0,-0.15794701874256134
UBC1188,CORE_BENCHMARK,0,Perfect Match,3013,13,13,1.0,1.0,1.0,0.0,0.1311621000058949,center0,0.0,-0.17790254950523376
UBC1189,CORE_BENCHMARK,2,Tier 2 (Conservative Core),6231,31,28,1.0,0.9032258064516129,0.9491525423728813,0.0,0.13811289996374398,center0,0.0,-0.12184940278530121
UBC1190,CORE_BENCHMARK,1,Tier 1 (Near-perfect),10452,52,51,1.0,0.9807692307692307,0.9902912621359222,0.0,0.163552499958314,center0,0.0,-0.05493839085102081
UBC1191,CORE_BENCHMARK,0,Perfect Match,4623,23,23,1.0,1.0,1.0,0.0,0.1738426999654621,center0,0.0,-0.13332296907901764
UBC1192,CORE_BENCHMARK,2,Tier 2 (Conservative Core),6832,32,30,1.0,0.9375,0.967741935483871,0.0,0.12782310007605702,center0,0.0,-0.10602240264415741
UBC1193,CORE_BENCHMARK,0,Perfect Match,6633,33,33,1.0,1.0,1.0,0.0,0.14607080002315342,center0,0.0,-0.10650953650474548
UBC1194,CORE_BENCHMARK,3,Tier 3 (Topological Over-expansion),6672,62,307,0.0,0.0,0.0,1.0,0.16842749994248152,center1_refined,11.88824777606921,1.3346662521362305
UBC1195,CORE_BENCHMARK,0,Perfect Match,4623,23,23,1.0,1.0,1.0,0.0,0.12185100000351667,center0,0.0,-0.13561831414699554
UBC1196,CORE_BENCHMARK,0,Perfect Match,10854,54,54,1.0,1.0,1.0,0.0,0.11798059998545796,center0,0.0,-0.06439441442489624
UBC1197,CORE_BENCHMARK,0,Perfect Match,3417,17,17,1.0,1.0,1.0,0.0,0.11682429991196841,center0,0.0,-0.1389402598142624
UBC1198,CORE_BENCHMARK,1,Tier 1 (Near-perfect),6231,31,30,1.0,0.967741935483871,0.9836065573770492,0.0,0.11929679999593645,center0,0.0,-0.11788310110569
UBC1199,CORE_BENCHMARK,2,Tier 2 (Conservative Core),5427,27,25,1.0,0.9259259259259259,0.9615384615384615,0.0,0.14521180000156164,center0,0.0,-0.13152365386486053
UBC1200,CORE_BENCHMARK,0,Perfect Match,8844,44,44,1.0,1.0,1.0,0.0,0.1329598999582231,center0,0.0,-0.06590147316455841
UBC1201,CORE_BENCHMARK,0,Perfect Match,9045,45,45,1.0,1.0,1.0,0.0,0.13539499999023974,center0,0.0,-0.08130067586898804
UBC1202,CORE_BENCHMARK,4,Tier 4 (Borderline Extension),10251,51,50,0.98,0.9607843137254902,0.9702970297029702,0.020000000000000018,0.12893070001155138,center0,0.0,-0.042496711015701294
UBC1203,CORE_BENCHMARK,0,Perfect Match,5025,25,25,1.0,1.0,1.0,0.0,0.11969870002940297,center0,0.0,-0.12570925056934357
UBC1204,CORE_BENCHMARK,0,Perfect Match,7236,36,36,1.0,1.0,1.0,0.0,0.11729109997395426,center0,0.0,-0.10740591585636139
UBC1205,CORE_BENCHMARK,2,Tier 2 (Conservative Core),10653,53,50,1.0,0.9433962264150944,0.970873786407767,0.0,0.12432790000457317,center0,0.0,-0.05960690975189209
UBC1206,CORE_BENCHMARK,0,Perfect Match,3216,16,16,1.0,1.0,1.0,0.0,0.11676400003489107,center0,0.0,-0.1631486713886261
UBC1207,CORE_BENCHMARK,0,Perfect Match,4623,23,23,1.0,1.0,1.0,0.0,0.14166879991535097,center0,0.0,-0.12770695984363556
UBC1208,CORE_BENCHMARK,0,Perfect Match,4623,23,23,1.0,1.0,1.0,0.0,0.13765990000683814,center0,0.0,-0.13593636453151703
UBC1209,CORE_BENCHMARK,2,Tier 2 (Conservative Core),20188,188,177,0.9830508474576272,0.925531914893617,0.9534246575342465,0.016949152542372836,0.20139319996815175,center0,0.0,0.15614797174930573
UBC1210,CORE_BENCHMARK,1,Tier 1 (Near-perfect),4824,24,23,1.0,0.9583333333333334,0.9787234042553191,0.0,0.12330370000563562,center0,0.0,-0.1406637579202652
UBC1211,CORE_BENCHMARK,1,Tier 1 (Near-perfect),8844,44,42,1.0,0.9545454545454546,0.9767441860465117,0.0,0.12429880001582205,center0,0.0,-0.09640029072761536
UBC1212,CORE_BENCHMARK,0,Perfect Match,5025,25,25,1.0,1.0,1.0,0.0,0.12724149995483458,center0,0.0,-0.1325635462999344
UBC1213,CORE_BENCHMARK,0,Perfect Match,4020,20,20,1.0,1.0,1.0,0.0,0.12009760004002601,center0,0.0,-0.1513594388961792
UBC1214,CORE_BENCHMARK,0,Perfect Match,4221,21,21,1.0,1.0,1.0,0.0,0.14427759998943657,center0,0.0,-0.13947227597236633
UBC1215,CORE_BENCHMARK,0,Perfect Match,9648,48,48,1.0,1.0,1.0,0.0,0.12260879995301366,center0,0.0,-0.07566675543785095
UBC1216,CORE_BENCHMARK,4,Tier 4 (Borderline Extension),5829,29,30,0.9333333333333333,0.9655172413793104,0.9491525423728815,0.06666666666666665,0.14453649998176843,center0,0.0,-0.1111472100019455
UBC1217,CORE_BENCHMARK,0,Perfect Match,3014,14,14,1.0,1.0,1.0,0.0,0.1253660999936983,center0,0.0,-0.16778454184532166
UBC1218,CORE_BENCHMARK,0,Perfect Match,12261,61,61,1.0,1.0,1.0,0.0,0.12557050003670156,center0,0.0,-0.04592427611351013
UBC1219,CORE_BENCHMARK,0,Perfect Match,4020,20,20,1.0,1.0,1.0,0.0,0.12490880000405014,center0,0.0,-0.14638790488243103
UBC1220,CORE_BENCHMARK,0,Perfect Match,5829,29,29,1.0,1.0,1.0,0.0,0.1156025999225676,center0,0.0,-0.1159658133983612
UBC1221,CORE_BENCHMARK,0,Perfect Match,5225,25,25,1.0,1.0,1.0,0.0,0.12498419999610633,center0,0.0,-0.13275007903575897
UBC1222,CORE_BENCHMARK,1,Tier 1 (Near-perfect),9648,48,46,1.0,0.9583333333333334,0.9787234042553191,0.0,0.13602960004936904,center0,0.0,-0.08689334988594055
UBC1223,CORE_BENCHMARK,0,Perfect Match,5427,27,27,1.0,1.0,1.0,0.0,0.12932099995668977,center0,0.0,-0.12494897842407227
UBC1224,CORE_BENCHMARK,2,Tier 2 (Conservative Core),8039,39,35,1.0,0.8974358974358975,0.945945945945946,0.0,0.15278589993249625,center0,0.0,-0.11022011935710907
UBC1225,CORE_BENCHMARK,0,Perfect Match,6833,33,33,1.0,1.0,1.0,0.0,0.1756260999245569,center0,0.0,-0.10299363732337952
UBC1226,CORE_BENCHMARK,0,Perfect Match,10050,50,50,1.0,1.0,1.0,0.0,0.13092929997947067,center0,0.0,-0.05511206388473511
UBC1227,CORE_BENCHMARK,0,Perfect Match,3011,11,11,1.0,1.0,1.0,0.0,0.11948920006398112,center0,0.0,-0.18825502693653107
UBC1228,CORE_BENCHMARK,0,Perfect Match,5427,27,27,1.0,1.0,1.0,0.0,0.11799599998630583,center0,0.0,-0.11304494738578796
UBC1229,CORE_BENCHMARK,0,Perfect Match,3819,19,19,1.0,1.0,1.0,0.0,0.14284659991972148,center0,0.0,-0.14645147323608398
UBC1230,CORE_BENCHMARK,0,Perfect Match,3618,18,18,1.0,1.0,1.0,0.0,0.1172263000626117,center0,0.0,-0.15240183472633362
UBC1231,CORE_BENCHMARK,0,Perfect Match,5226,26,26,1.0,1.0,1.0,0.0,0.14637110009789467,center0,0.0,-0.12470570206642151
UBC1232,CORE_BENCHMARK,1,Tier 1 (Near-perfect),8039,39,38,1.0,0.9743589743589743,0.9870129870129869,0.0,0.11967919999733567,center0,0.0,-0.08764168620109558
UBC1233,CORE_BENCHMARK,2,Tier 2 (Conservative Core),9045,45,42,1.0,0.9333333333333333,0.9655172413793104,0.0,0.1260322000598535,center0,0.0,-0.09225675463676453
UBC1234,CORE_BENCHMARK,0,Perfect Match,9848,48,48,1.0,1.0,1.0,0.0,0.12817859998904169,center0,0.0,-0.06967338919639587
UBC1235,CORE_BENCHMARK,0,Perfect Match,4020,20,20,1.0,1.0,1.0,0.0,0.11118410003837198,center0,0.0,-0.14283442497253418
UBC1236,CORE_BENCHMARK,1,Tier 1 (Near-perfect),20111,111,109,1.0,0.9819819819819819,0.9909090909090909,0.0,0.13034440006595105,center0,0.0,0.013285785913467407
UBC1237,CORE_BENCHMARK,3,Tier 3 (Topological Over-expansion),10250,50,223,0.2242152466367713,1.0,0.36630036630036633,0.7757847533632287,0.1750200999667868,center1_refined,18.35256294045809,0.9921407699584961
UBC1238,CORE_BENCHMARK,0,Perfect Match,4824,24,24,1.0,1.0,1.0,0.0,0.14870329992845654,center0,0.0,-0.1302289366722107
UBC1239,CORE_BENCHMARK,0,Perfect Match,4622,22,22,1.0,1.0,1.0,0.0,0.16449620004277676,center0,0.0,-0.1396966278553009
UBC1240,CORE_BENCHMARK,1,Tier 1 (Near-perfect),9446,46,44,1.0,0.9565217391304348,0.9777777777777777,0.0,0.19879470008891076,center0,0.0,-0.08350716531276703
UBC1241,CORE_BENCHMARK,0,Perfect Match,9848,48,48,1.0,1.0,1.0,0.0,0.1687831999734044,center0,0.0,-0.07115751504898071
UBC1242,CORE_BENCHMARK,0,Perfect Match,11658,58,58,1.0,1.0,1.0,0.0,0.23676399991381913,center0,0.0,-0.053481295704841614
UBC1243,CORE_BENCHMARK,0,Perfect Match,6230,30,30,1.0,1.0,1.0,0.0,0.22069300001021475,center0,0.0,-0.1151687353849411
UBC1244,CORE_BENCHMARK,0,Perfect Match,20105,105,105,1.0,1.0,1.0,0.0,0.262430900009349,center0,0.0,0.03944423794746399
UBC1245,CORE_BENCHMARK,0,Perfect Match,3818,18,18,1.0,1.0,1.0,0.0,0.23007709998637438,center0,0.0,-0.15560013055801392
UBC1246,CORE_BENCHMARK,4,Tier 4 (Borderline Extension),13461,66,70,0.9,0.9545454545454546,0.9264705882352942,0.09999999999999998,0.24135150003712624,center0,0.0,-0.01042965054512024
UBC1247,CORE_BENCHMARK,4,Tier 4 (Borderline Extension),3014,14,15,0.9333333333333333,1.0,0.9655172413793104,0.06666666666666665,0.26812460005749017,center0,0.0,-0.136696457862854
UBC1248,CORE_BENCHMARK,1,Tier 1 (Near-perfect),7437,37,36,1.0,0.972972972972973,0.9863013698630138,0.0,0.1733881999971345,center0,0.0,-0.10643933713436127
UBC1249,CORE_BENCHMARK,1,Tier 1 (Near-perfect),19697,97,96,1.0,0.9896907216494846,0.9948186528497409,0.0,0.1825039000250399,center0,0.0,0.012006908655166626
UBC1250,CORE_BENCHMARK,0,Perfect Match,5627,27,27,1.0,1.0,1.0,0.0,0.17182879999745637,center0,0.0,-0.11995753645896912
UBC1251,CORE_BENCHMARK,0,Perfect Match,3818,18,18,1.0,1.0,1.0,0.0,0.17368730006273836,center0,0.0,-0.15117785334587097
UBC1252,CORE_BENCHMARK,0,Perfect Match,4422,22,22,1.0,1.0,1.0,0.0,0.19360140000935644,center0,0.0,-0.1400325894355774
UBC1253,CORE_BENCHMARK,2,Tier 2 (Conservative Core),8241,41,38,1.0,0.926829268292683,0.9620253164556963,0.0,0.17431849997956306,center0,0.0,-0.09016856551170349
UBC1254,CORE_BENCHMARK,2,Tier 2 (Conservative Core),20108,108,98,1.0,0.9074074074074074,0.9514563106796117,0.0,0.19144159997813404,center0,0.0,0.025372803211212158
UBC1255,CORE_BENCHMARK,1,Tier 1 (Near-perfect),12662,62,61,1.0,0.9838709677419355,0.991869918699187,0.0,0.16019990004133433,center0,0.0,-0.03499406576156616
UBC1256,CORE_BENCHMARK,4,Tier 4 (Borderline Extension),11455,56,61,0.9180327868852459,1.0,0.9572649572649572,0.08196721311475408,0.16300349996890873,center0,0.0,-0.0350320041179657
UBC1257,CORE_BENCHMARK,4,Tier 4 (Borderline Extension),3011,11,12,0.9166666666666666,1.0,0.9565217391304348,0.08333333333333337,0.16702410008292645,center0,0.0,-0.13342343270778656
UBC1258,CORE_BENCHMARK,0,Perfect Match,4824,24,24,1.0,1.0,1.0,0.0,0.25082089996431023,center0,0.0,-0.13404980301856995
UBC1259,CORE_BENCHMARK,0,Perfect Match,4020,20,20,1.0,1.0,1.0,0.0,0.14916799997445196,center0,0.0,-0.13863274455070496
UBC1260,CORE_BENCHMARK,0,Perfect Match,3618,18,18,1.0,1.0,1.0,0.0,0.16576860006898642,center0,0.0,-0.14446595311164856
UBC1261,CORE_BENCHMARK,0,Perfect Match,6432,32,32,1.0,1.0,1.0,0.0,0.14877580001484603,center0,0.0,-0.10793176293373108
UBC1262,CORE_BENCHMARK,2,Tier 2 (Conservative Core),10452,52,48,1.0,0.9230769230769231,0.9600000000000001,0.0,0.1526410001097247,center0,0.0,-0.08249843120574951
UBC1263,CORE_BENCHMARK,0,Perfect Match,7838,38,38,1.0,1.0,1.0,0.0,0.1578515999717638,center0,0.0,-0.0990469753742218
UBC1264,CORE_BENCHMARK,0,Perfect Match,7437,37,37,1.0,1.0,1.0,0.0,0.18205089995171875,center0,0.0,-0.08504465222358704
UBC1265,CORE_BENCHMARK,3,Tier 3 (Topological Over-expansion),9612,48,320,0.14375,0.9583333333333334,0.25,0.85625,0.2749258999247104,center1_refined,1.9375441421967297,0.4249873161315918
UBC1266,CORE_BENCHMARK,4,Tier 4 (Borderline Extension),3012,12,13,0.9230769230769231,1.0,0.9600000000000001,0.07692307692307687,0.2192502999678254,center0,0.0,-0.16180092096328735
UBC1267,CORE_BENCHMARK,3,Tier 3 (Topological Over-expansion),7839,39,44,0.7954545454545454,0.8974358974358975,0.8433734939759037,0.20454545454545459,0.1612645999994129,center0,0.0,-0.04722605645656586
UBC1268,CORE_BENCHMARK,0,Perfect Match,4422,22,22,1.0,1.0,1.0,0.0,0.14240279991645366,center0,0.0,-0.12556514143943787
UBC1269,CORE_BENCHMARK,0,Perfect Match,3819,19,19,1.0,1.0,1.0,0.0,0.1486446000635624,center0,0.0,-0.15050575137138367
UBC1270,CORE_BENCHMARK,0,Perfect Match,7839,39,39,1.0,1.0,1.0,0.0,0.17222270008642226,center0,0.0,-0.08528953790664673
UBC1271,CORE_BENCHMARK,1,Tier 1 (Near-perfect),6834,34,33,1.0,0.9705882352941176,0.9850746268656716,0.0,0.17094240000005811,center0,0.0,-0.09912613034248352
UBC1272,CORE_BENCHMARK,1,Tier 1 (Near-perfect),5226,26,25,1.0,0.9615384615384616,0.9803921568627451,0.0,0.17718810006044805,center0,0.0,-0.1276227980852127
UBC1273,CORE_BENCHMARK,0,Perfect Match,7236,36,36,1.0,1.0,1.0,0.0,0.13627840008120984,center0,0.0,-0.09325651824474335
UBC1274,CORE_BENCHMARK,1,Tier 1 (Near-perfect),9849,49,48,1.0,0.9795918367346939,0.9896907216494846,0.0,0.1538600999629125,center0,0.0,-0.06166452169418335
UBC1275,CORE_BENCHMARK,0,Perfect Match,3216,16,16,1.0,1.0,1.0,0.0,0.11830319999717176,center0,0.0,-0.1617213785648346
UBC1276,CORE_BENCHMARK,0,Perfect Match,4422,22,22,1.0,1.0,1.0,0.0,0.12491190002765507,center0,0.0,-0.134944349527359
UBC1277,CORE_BENCHMARK,0,Perfect Match,4221,21,21,1.0,1.0,1.0,0.0,0.1760212000226602,center0,0.0,-0.1322944164276123
UBC1278,CORE_BENCHMARK,4,Tier 4 (Borderline Extension),4221,21,22,0.9545454545454546,1.0,0.9767441860465117,0.045454545454545414,0.13675920001696795,center0,0.0,-0.13723546266555786
UBC1279,CORE_BENCHMARK,1,Tier 1 (Near-perfect),7838,38,37,1.0,0.9736842105263158,0.9866666666666666,0.0,0.12994339992292225,center0,0.0,-0.10792702436447144
UBC1280,CORE_BENCHMARK,1,Tier 1 (Near-perfect),12864,64,62,1.0,0.96875,0.9841269841269841,0.0,0.13396989996545017,center0,0.0,-0.057628124952316284
UBC1281,CORE_BENCHMARK,0,Perfect Match,3417,17,17,1.0,1.0,1.0,0.0,0.1317517999559641,center0,0.0,-0.14898575842380524
UBC1282,CORE_BENCHMARK,0,Perfect Match,3216,16,16,1.0,1.0,1.0,0.0,0.12573980004526675,center0,0.0,-0.16397324204444885
UBC1283,CORE_BENCHMARK,2,Tier 2 (Conservative Core),6230,30,28,1.0,0.9333333333333333,0.9655172413793104,0.0,0.1393687000963837,center0,0.0,-0.11669470369815826
UBC1284,CORE_BENCHMARK,0,Perfect Match,3819,19,19,1.0,1.0,1.0,0.0,0.1340549000306055,center0,0.0,-0.15398818254470825
UBC1285,CORE_BENCHMARK,2,Tier 2 (Conservative Core),6432,32,29,1.0,0.90625,0.9508196721311475,0.0,0.13427440007217228,center0,0.0,-0.11329081654548645
UBC1286,CORE_BENCHMARK,0,Perfect Match,5829,29,29,1.0,1.0,1.0,0.0,0.13054300006479025,center0,0.0,-0.11976194381713867
UBC1287,CORE_BENCHMARK,0,Perfect Match,6231,31,31,1.0,1.0,1.0,0.0,0.12382550002075732,center0,0.0,-0.10309875011444092
UBC1288,CORE_BENCHMARK,0,Perfect Match,3010,10,10,1.0,1.0,1.0,0.0,0.11947460006922483,center0,0.0,-0.19556573033332825
UBC1289,CORE_BENCHMARK,0,Perfect Match,9246,46,46,1.0,1.0,1.0,0.0,0.12370080000255257,center0,0.0,-0.07323142886161804
UBC1290,CORE_BENCHMARK,0,Perfect Match,11256,56,56,1.0,1.0,1.0,0.0,0.1267817000625655,center0,0.0,-0.06312544643878937
UBC1291,CORE_BENCHMARK,1,Tier 1 (Near-perfect),4623,23,22,1.0,0.9565217391304348,0.9777777777777777,0.0,0.13098290003836155,center0,0.0,-0.13841837644577026
UBC1292,CORE_BENCHMARK,1,Tier 1 (Near-perfect),11455,55,53,1.0,0.9636363636363636,0.9814814814814815,0.0,0.1385341000277549,center0,0.0,-0.050788044929504395
UBC1293,CORE_BENCHMARK,0,Perfect Match,4221,21,21,1.0,1.0,1.0,0.0,0.13456300005782396,center0,0.0,-0.13562870025634766
UBC1294,CORE_BENCHMARK,0,Perfect Match,6834,34,34,1.0,1.0,1.0,0.0,0.1276196000399068,center0,0.0,-0.10162758827209473
UBC1295,CORE_BENCHMARK,0,Perfect Match,3618,18,18,1.0,1.0,1.0,0.0,0.12535849993582815,center0,0.0,-0.1522219181060791
UBC1296,CORE_BENCHMARK,2,Tier 2 (Conservative Core),12864,64,34,1.0,0.53125,0.6938775510204082,0.0,0.12825559999328107,center0,0.0,-0.09853428602218628
UBC1297,CORE_BENCHMARK,1,Tier 1 (Near-perfect),6632,32,31,1.0,0.96875,0.9841269841269841,0.0,0.12914470001123846,center0,0.0,-0.1034233570098877
UBC1298,CORE_BENCHMARK,0,Perfect Match,6833,33,33,1.0,1.0,1.0,0.0,0.12559080007486045,center0,0.0,-0.10233110189437866
UBC1299,CORE_BENCHMARK,0,Perfect Match,7035,35,35,1.0,1.0,1.0,0.0,0.13737020001281053,center0,0.0,-0.09722284972667694
UBC1300,CORE_BENCHMARK,4,Tier 4 (Borderline Extension),3013,13,14,0.9285714285714286,1.0,0.962962962962963,0.0714285714285714,0.13815869996324182,center0,0.0,-0.14952754974365234
UBC1301,CORE_BENCHMARK,0,Perfect Match,9648,48,48,1.0,1.0,1.0,0.0,0.13250380009412766,center0,0.0,-0.052403420209884644
UBC1302,CORE_BENCHMARK,0,Perfect Match,3818,18,18,1.0,1.0,1.0,0.0,0.12125999992713332,center0,0.0,-0.15429192781448364
UBC1303,CORE_BENCHMARK,0,Perfect Match,5829,29,29,1.0,1.0,1.0,0.0,0.11941239994484931,center0,0.0,-0.12716740369796753
UBC1304,CORE_BENCHMARK,4,Tier 4 (Borderline Extension),8839,42,43,0.9069767441860465,0.9285714285714286,0.9176470588235294,0.09302325581395354,0.12670839997008443,center0,0.0,-0.07681044936180115
UBC1305,CORE_BENCHMARK,0,Perfect Match,3819,19,19,1.0,1.0,1.0,0.0,0.12813039997126907,center0,0.0,-0.15221983194351196
UBC1306,CORE_BENCHMARK,1,Tier 1 (Near-perfect),14068,69,71,0.971830985915493,1.0,0.9857142857142858,0.028169014084507005,0.1632800999796018,center0,0.0,0.00897526741027832
UBC1307,CORE_BENCHMARK,1,Tier 1 (Near-perfect),11457,57,55,1.0,0.9649122807017544,0.9821428571428572,0.0,0.1522672000573948,center0,0.0,-0.06310859322547913
UBC1308,CORE_BENCHMARK,0,Perfect Match,3618,18,18,1.0,1.0,1.0,0.0,0.14424459997098893,center0,0.0,-0.1555843949317932
UBC1309,CORE_BENCHMARK,1,Tier 1 (Near-perfect),20108,108,104,1.0,0.9629629629629629,0.9811320754716981,0.0,0.13559359998907894,center0,0.0,0.007874518632888794
UBC1310,CORE_BENCHMARK,0,Perfect Match,3818,18,18,1.0,1.0,1.0,0.0,0.12260859995149076,center0,0.0,-0.14276525378227234
UBC1311,CORE_BENCHMARK,0,Perfect Match,5628,28,28,1.0,1.0,1.0,0.0,0.12717800005339086,center0,0.0,-0.11385507881641388
UBC1312,CORE_BENCHMARK,0,Perfect Match,5226,26,26,1.0,1.0,1.0,0.0,0.11929370008874685,center0,0.0,-0.12515679001808167
UBC1313,CORE_BENCHMARK,0,Perfect Match,7035,35,35,1.0,1.0,1.0,0.0,0.12127249990589917,center0,0.0,-0.10593853890895844
UBC1314,CORE_BENCHMARK,0,Perfect Match,13266,66,66,1.0,1.0,1.0,0.0,0.14371179998852313,center0,0.0,-0.014041751623153687
UBC1315,CORE_BENCHMARK,1,Tier 1 (Near-perfect),8442,42,41,1.0,0.9761904761904762,0.9879518072289156,0.0,0.13092919997870922,center0,0.0,-0.09144426882266998
UBC1316,CORE_BENCHMARK,0,Perfect Match,5628,28,28,1.0,1.0,1.0,0.0,0.1335957000264898,center0,0.0,-0.12157957255840302
UBC1317,CORE_BENCHMARK,0,Perfect Match,6029,29,29,1.0,1.0,1.0,0.0,0.14062820002436638,center0,0.0,-0.11190903186798096
UBC1318,CORE_BENCHMARK,1,Tier 1 (Near-perfect),8241,41,40,1.0,0.975609756097561,0.9876543209876543,0.0,0.13352160004433244,center0,0.0,-0.0959668904542923
UBC1319,CORE_BENCHMARK,0,Perfect Match,13266,66,66,1.0,1.0,1.0,0.0,0.14191799995023757,center0,0.0,-0.04283413290977478
UBC1320,CORE_BENCHMARK,0,Perfect Match,3216,16,16,1.0,1.0,1.0,0.0,0.12122059997636825,center0,0.0,-0.16382640600204468
UBC1321,CORE_BENCHMARK,3,Tier 3 (Topological Over-expansion),3010,10,12,0.8333333333333334,1.0,0.9090909090909091,0.16666666666666663,0.12981079996097833,center0,0.0,-0.08086080849170685
UBC1322,CORE_BENCHMARK,0,Perfect Match,4623,23,23,1.0,1.0,1.0,0.0,0.14285999990534037,center0,0.0,-0.1321951299905777
UBC1323,CORE_BENCHMARK,1,Tier 1 (Near-perfect),5829,29,28,1.0,0.9655172413793104,0.9824561403508771,0.0,0.12709100008942187,center0,0.0,-0.1253654807806015
UBC1324,CORE_BENCHMARK,1,Tier 1 (Near-perfect),8844,44,42,1.0,0.9545454545454546,0.9767441860465117,0.0,0.1261926000006497,center0,0.0,-0.06913450360298157
UBC1325,CORE_BENCHMARK,2,Tier 2 (Conservative Core),4422,22,20,1.0,0.9090909090909091,0.9523809523809523,0.0,0.12663610000163317,center0,0.0,-0.14594262838363647
UBC1326,CORE_BENCHMARK,0,Perfect Match,4824,24,24,1.0,1.0,1.0,0.0,0.13744070008397102,center0,0.0,-0.13524273037910461
UBC1327,CORE_BENCHMARK,0,Perfect Match,6229,29,29,1.0,1.0,1.0,0.0,0.12073480000253767,center0,0.0,-0.09891706705093384
UBC1328,CORE_BENCHMARK,0,Perfect Match,3015,15,15,1.0,1.0,1.0,0.0,0.1270679000299424,center0,0.0,-0.17149585485458374
UBC1329,CORE_BENCHMARK,0,Perfect Match,4422,22,22,1.0,1.0,1.0,0.0,0.14072240004315972,center0,0.0,-0.14158490300178528
UBC1330,CORE_BENCHMARK,1,Tier 1 (Near-perfect),11456,56,55,1.0,0.9821428571428571,0.9909909909909909,0.0,0.13173460005782545,center0,0.0,-0.07794573903083801
UBC1331,CORE_BENCHMARK,1,Tier 1 (Near-perfect),7637,37,36,1.0,0.972972972972973,0.9863013698630138,0.0,0.13807079999241978,center0,0.0,-0.10629107058048248
UBC1332,CORE_BENCHMARK,1,Tier 1 (Near-perfect),6030,30,29,1.0,0.9666666666666667,0.983050847457627,0.0,0.12405350001063198,center0,0.0,-0.11576065421104431
UBC1333,CORE_BENCHMARK,0,Perfect Match,5427,27,27,1.0,1.0,1.0,0.0,0.12103850010316819,center0,0.0,-0.12775719165802002
UBC1334,CORE_BENCHMARK,0,Perfect Match,4422,22,22,1.0,1.0,1.0,0.0,0.12483360001351684,center0,0.0,-0.13593584299087524
UBC1335,CORE_BENCHMARK,0,Perfect Match,4422,22,22,1.0,1.0,1.0,0.0,0.11811860010493547,center0,0.0,-0.13517466187477112
UBC1336,CORE_BENCHMARK,0,Perfect Match,5829,29,29,1.0,1.0,1.0,0.0,0.13361589994747192,center0,0.0,-0.1190316379070282
UBC1337,CORE_BENCHMARK,1,Tier 1 (Near-perfect),8241,41,40,1.0,0.975609756097561,0.9876543209876543,0.0,0.13165610004216433,center0,0.0,-0.09301887452602386
UBC1338,CORE_BENCHMARK,2,Tier 2 (Conservative Core),13668,68,43,1.0,0.6323529411764706,0.7747747747747747,0.0,0.11999949999153614,center0,0.0,-0.0642906129360199
UBC1339,CORE_BENCHMARK,4,Tier 4 (Borderline Extension),20101,102,105,0.9333333333333333,0.9607843137254902,0.9468599033816426,0.06666666666666665,0.16701920004561543,center1_refined,16.976484240695182,0.06802234053611755
UBC1340,CORE_BENCHMARK,0,Perfect Match,3011,11,11,1.0,1.0,1.0,0.0,0.11417429998982698,center0,0.0,-0.18883316218852997
UBC1341,CORE_BENCHMARK,0,Perfect Match,5427,27,27,1.0,1.0,1.0,0.0,0.11581980006303638,center0,0.0,-0.126901775598526
UBC1342,CORE_BENCHMARK,0,Perfect Match,3013,13,13,1.0,1.0,1.0,0.0,0.11759049992542714,center0,0.0,-0.1817488670349121
UBC1343,CORE_BENCHMARK,0,Perfect Match,5025,25,25,1.0,1.0,1.0,0.0,0.11143570009153336,center0,0.0,-0.11840946972370148
UBC1344,CORE_BENCHMARK,0,Perfect Match,8442,42,42,1.0,1.0,1.0,0.0,0.11727889999747276,center0,0.0,-0.08843609690666199
UBC1345,CORE_BENCHMARK,0,Perfect Match,5025,25,25,1.0,1.0,1.0,0.0,0.1277169999666512,center0,0.0,-0.131781205534935
UBC1346,CORE_BENCHMARK,1,Tier 1 (Near-perfect),4422,22,21,1.0,0.9545454545454546,0.9767441860465117,0.0,0.1195698999799788,center0,0.0,-0.13968238234519958
UBC1347,CORE_BENCHMARK,1,Tier 1 (Near-perfect),5226,26,25,1.0,0.9615384615384616,0.9803921568627451,0.0,0.12082170008216053,center0,0.0,-0.131566122174263
UBC1348,CORE_BENCHMARK,0,Perfect Match,3014,14,14,1.0,1.0,1.0,0.0,0.11698319995775819,center0,0.0,-0.17114904522895813
UBC1349,CORE_BENCHMARK,0,Perfect Match,4422,22,22,1.0,1.0,1.0,0.0,0.11300719995051622,center0,0.0,-0.14570364356040955
UBC1350,CORE_BENCHMARK,2,Tier 2 (Conservative Core),6030,30,28,1.0,0.9333333333333333,0.9655172413793104,0.0,0.11394519999157637,center0,0.0,-0.11877597868442535
UBC1351,CORE_BENCHMARK,1,Tier 1 (Near-perfect),8040,40,38,1.0,0.95,0.9743589743589743,0.0,0.11606110003776848,center0,0.0,-0.09383970499038696
UBC1352,CORE_BENCHMARK,2,Tier 2 (Conservative Core),6834,34,31,1.0,0.9117647058823529,0.9538461538461539,0.0,0.1176668000407517,center0,0.0,-0.12023451924324036
UBC1353,CORE_BENCHMARK,0,Perfect Match,7437,37,37,1.0,1.0,1.0,0.0,0.12854079995304346,center0,0.0,-0.10541799664497375
UBC1354,CORE_BENCHMARK,0,Perfect Match,8442,42,42,1.0,1.0,1.0,0.0,0.1225677999900654,center0,0.0,-0.06283256411552429
UBC1355,CORE_BENCHMARK,0,Perfect Match,4824,24,24,1.0,1.0,1.0,0.0,0.11964729998726398,center0,0.0,-0.134504497051239
UBC1356,CORE_BENCHMARK,0,Perfect Match,5226,26,26,1.0,1.0,1.0,0.0,0.11750509997364134,center0,0.0,-0.12656286358833313
UBC1357,CORE_BENCHMARK,0,Perfect Match,8241,41,41,1.0,1.0,1.0,0.0,0.11738299997523427,center0,0.0,-0.09652651846408844
UBC1358,CORE_BENCHMARK,2,Tier 2 (Conservative Core),10854,54,28,1.0,0.5185185185185185,0.6829268292682926,0.0,0.12320520007051528,center0,0.0,-0.13011063635349274
UBC1359,CORE_BENCHMARK,0,Perfect Match,3819,19,19,1.0,1.0,1.0,0.0,0.11977670004125684,center0,0.0,-0.15763336420059204
